-- Generated by Craft v2.6.2931 on 13 Sep 2016 23:27:44.

--
-- Disable foreign key checks and autocommit.
--

SET FOREIGN_KEY_CHECKS = 0;
SET SQL_MODE = "NO_AUTO_VALUE_ON_ZERO";
SET AUTOCOMMIT = 0;
SET NAMES utf8;


DROP TABLE IF EXISTS `craft_assetfiles`;


--
-- Schema for table `craft_assetfiles`
--
CREATE TABLE `craft_assetfiles` (
  `id` int(11) NOT NULL,
  `sourceId` int(11) DEFAULT NULL,
  `folderId` int(11) NOT NULL,
  `filename` varchar(255) COLLATE utf8_unicode_ci NOT NULL,
  `kind` varchar(50) COLLATE utf8_unicode_ci NOT NULL DEFAULT 'unknown',
  `width` int(11) unsigned DEFAULT NULL,
  `height` int(11) unsigned DEFAULT NULL,
  `size` bigint(20) unsigned DEFAULT NULL,
  `dateModified` datetime DEFAULT NULL,
  `dateCreated` datetime NOT NULL,
  `dateUpdated` datetime NOT NULL,
  `uid` char(36) COLLATE utf8_unicode_ci NOT NULL DEFAULT '0',
  PRIMARY KEY (`id`),
  UNIQUE KEY `craft_assetfiles_filename_folderId_unq_idx` (`filename`,`folderId`),
  KEY `craft_assetfiles_sourceId_fk` (`sourceId`),
  KEY `craft_assetfiles_folderId_fk` (`folderId`)
) ENGINE=InnoDB DEFAULT CHARSET=utf8 COLLATE=utf8_unicode_ci;

--
-- Data for table `craft_assetfiles`
--

INSERT INTO `craft_assetfiles` (`id`, `sourceId`, `folderId`, `filename`, `kind`, `width`, `height`, `size`, `dateModified`, `dateCreated`, `dateUpdated`, `uid`) VALUES
 ('54', '6', '6', '38A2288.jpg', 'image', '1600', '1067', '295998', '2016-09-07 16:20:50', '2016-09-07 16:20:50', '2016-09-09 10:07:15', '17e64e4a-9c2b-49de-bb17-c69dd19453ab'),
 ('55', '6', '6', '38A2312.jpg', 'image', '1600', '1066', '216436', '2016-09-07 16:20:50', '2016-09-07 16:20:50', '2016-09-09 10:07:15', 'b1ab0505-7abe-4ca9-96b3-a4099e1e37f1'),
 ('56', '6', '6', '38A2325.jpg', 'image', '1600', '1067', '312182', '2016-09-07 16:20:51', '2016-09-07 16:20:51', '2016-09-09 10:07:15', 'f10335a8-4050-4073-9841-72b5edc98d5f'),
 ('59', '9', '9', 'building-1-preview-image.jpg', 'image', '401', '300', '33548', '2016-09-09 10:19:17', '2016-09-09 10:19:17', '2016-09-09 10:19:17', '546b1f48-344f-4875-9c83-ca4ada351b64'),
 ('62', '8', '8', 'holding_plan.svg', 'image', '579', '494', '62912', '2016-09-09 13:28:13', '2016-09-09 13:28:14', '2016-09-09 13:28:14', '9ce28edc-3f64-4cf5-817d-f161364c0f9d'),
 ('66', '7', '7', 'bray_fox_smith.jpg', 'image', '93', '79', '4105', '2016-09-09 14:35:49', '2016-09-09 14:35:49', '2016-09-09 14:35:49', '0d3dffcd-9f5a-44c7-bf5b-c7ad339d858b'),
 ('69', '2', '2', '38A2416.jpg', 'image', '1600', '1067', '199069', '2016-09-09 15:39:02', '2016-09-09 15:39:02', '2016-09-09 15:39:02', 'bfe600c9-83f5-4493-bb16-24c4bbb6418b'),
 ('70', '2', '2', 'p38A2145.jpg', 'image', '636', '1000', '240675', '2016-09-09 15:39:03', '2016-09-09 15:39:03', '2016-09-09 15:39:03', 'c5647642-20c5-42f2-868d-939f9a46c522'),
 ('72', '3', '3', 'event-1.jpg', 'image', '300', '300', '13686', '2016-09-12 14:16:35', '2016-09-12 14:16:35', '2016-09-12 14:16:35', '4f93935b-2486-4fab-b040-e2a6cfe09824'),
 ('73', '3', '3', 'event-2.jpg', 'image', '300', '300', '29744', '2016-09-12 14:16:36', '2016-09-12 14:16:36', '2016-09-12 14:16:36', '33681261-0bd0-4ea1-9867-8fb93004a982'),
 ('74', '3', '3', 'news-1.jpg', 'image', '300', '300', '15745', '2016-09-12 14:16:36', '2016-09-12 14:16:36', '2016-09-12 14:16:36', 'ee281962-aff0-4634-b967-cd331b976255'),
 ('75', '3', '3', 'news-2.jpg', 'image', '300', '300', '23367', '2016-09-12 14:16:37', '2016-09-12 14:16:37', '2016-09-12 14:16:37', '38c845be-7606-447d-89fc-b41a98f91676'),
 ('82', '7', '7', 'client_logo_1.jpg', 'image', '283', '187', '9181', '2016-09-12 15:33:31', '2016-09-12 15:33:32', '2016-09-12 15:33:32', '16aab85a-f2a9-4265-8d9b-da2b0ab84c7d'),
 ('83', '7', '7', 'client_logo_2.jpg', 'image', '263', '147', '10995', '2016-09-12 15:33:32', '2016-09-12 15:33:32', '2016-09-12 15:33:32', 'c1c50f6d-1298-4142-9054-1c2c2739cab9'),
 ('84', '7', '7', 'client_logo_3.jpg', 'image', '282', '227', '10990', '2016-09-12 15:33:32', '2016-09-12 15:33:32', '2016-09-12 15:33:32', '72b0007e-788d-43e5-a587-bfcbdaf63a70'),
 ('85', '7', '7', 'client_logo_4.jpg', 'image', '259', '116', '6585', '2016-09-12 15:33:32', '2016-09-12 15:33:32', '2016-09-12 15:33:32', 'dae43665-d448-4e7b-8698-450625cea38c'),
 ('86', '7', '7', 'client_logo_5.jpg', 'image', '228', '47', '6755', '2016-09-12 15:33:33', '2016-09-12 15:33:33', '2016-09-12 15:33:33', '0373954f-81f7-4ef6-bc0d-4344015e8a53'),
 ('87', '7', '7', 'client_logo_6.jpg', 'image', '238', '80', '9671', '2016-09-12 15:33:33', '2016-09-12 15:33:33', '2016-09-12 15:33:33', '8bfda0e9-088d-4a30-8a2d-a604e7b11efd'),
 ('88', '7', '7', 'client_logo_7.jpg', 'image', '232', '58', '9150', '2016-09-12 15:33:33', '2016-09-12 15:33:33', '2016-09-12 15:33:33', '4f123b69-095d-4dcb-88fd-2c2cc247b381'),
 ('89', '7', '7', 'client_logo_8.jpg', 'image', '232', '65', '6394', '2016-09-12 15:33:34', '2016-09-12 15:33:34', '2016-09-12 15:33:34', 'd921d8f7-0fab-4d1a-ad42-1d1bd5826514'),
 ('90', '7', '7', 'client_logo_9.jpg', 'image', '283', '48', '7568', '2016-09-12 15:33:34', '2016-09-12 15:33:34', '2016-09-12 15:33:34', '6a53c4d1-1f3b-4991-a431-94471a424b6c'),
 ('91', '7', '7', 'client_logo_10.jpg', 'image', '283', '63', '9041', '2016-09-12 15:33:34', '2016-09-12 15:33:34', '2016-09-12 15:33:34', '06283723-35af-4e88-af66-19fc2a2a8e26'),
 ('94', '10', '10', 'icon-nursery.svg', 'image', '90', '100', '1122', '2016-09-12 15:55:35', '2016-09-12 15:55:35', '2016-09-12 15:55:35', 'e0e8ca9f-d121-486c-a954-9d2627ae8d56'),
 ('95', '10', '10', 'icon-salon.svg', 'image', '117', '76', '1036', '2016-09-12 15:55:35', '2016-09-12 15:55:36', '2016-09-12 15:55:36', 'ac5cc0b6-abdd-4062-ae6d-5aebdc109ca7'),
 ('96', '10', '10', 'icon-security.svg', 'image', '73', '97', '695', '2016-09-12 15:55:36', '2016-09-12 15:55:36', '2016-09-12 15:55:36', '125ab4d3-e9f7-4086-a254-40580a477563'),
 ('97', '10', '10', 'icon-amazon-locker.svg', 'image', '118', '106', '1325', '2016-09-12 15:55:36', '2016-09-12 15:55:36', '2016-09-12 15:55:36', '4695f309-8ab8-40a6-b0dc-dda3491da680'),
 ('98', '10', '10', 'icon-bike.svg', 'image', '112', '78', '3638', '2016-09-12 15:55:36', '2016-09-12 15:55:36', '2016-09-12 15:55:36', 'fd5465eb-017a-45fc-8546-3b802d862342'),
 ('99', '10', '10', 'icon-electricity.svg', 'image', '97', '85', '767', '2016-09-12 15:55:37', '2016-09-12 15:55:37', '2016-09-12 15:55:37', 'd6fbafd1-e19d-462c-b02c-9140e4eab037'),
 ('100', '10', '10', 'icon-learning.svg', 'image', '105', '111', '861', '2016-09-12 15:55:37', '2016-09-12 15:55:37', '2016-09-12 15:55:37', '69bcda62-2ca8-4ed2-a765-a30dc8a98944'),
 ('101', '10', '10', 'icon-networking.svg', 'image', '94', '94', '1374', '2016-09-12 15:55:37', '2016-09-12 15:55:37', '2016-09-12 15:55:37', 'ec4e8002-b5b6-472e-8d5e-4d0d1fba433a'),
 ('102', '10', '10', '38A2080.jpg', 'image', '1600', '1067', '263407', '2016-09-12 15:56:43', '2016-09-12 15:56:43', '2016-09-12 15:56:43', '45e6cc1f-6759-462f-b468-b324b48f0356'),
 ('103', '10', '10', '38A2145.jpg', 'image', '1600', '1067', '625233', '2016-09-12 15:56:45', '2016-09-12 15:56:45', '2016-09-12 15:56:45', '3664d9ab-c51b-4159-93e6-10616fc503a2'),
 ('104', '10', '10', '38A2246.jpg', 'image', '1600', '1067', '308112', '2016-09-12 15:56:46', '2016-09-12 15:56:46', '2016-09-12 15:56:46', '986a249a-d323-4a79-b474-8e1e15a1234d'),
 ('105', '10', '10', '38A2262.jpg', 'image', '1600', '1067', '176119', '2016-09-12 15:56:47', '2016-09-12 15:56:47', '2016-09-12 15:56:47', '21f76972-f863-49e5-bd96-1b265e90bce1'),
 ('106', '10', '10', '38A2288.jpg', 'image', '1600', '1067', '254671', '2016-09-12 15:56:48', '2016-09-12 15:56:48', '2016-09-12 15:56:48', '3897fcc4-3c59-4ec9-95c4-2e902409a2a6'),
 ('107', '10', '10', '38A2312.jpg', 'image', '1600', '1066', '187763', '2016-09-12 15:56:49', '2016-09-12 15:56:49', '2016-09-12 15:56:49', '72e9a2d1-9821-4443-8492-fea656526035'),
 ('108', '10', '10', '38A2325.jpg', 'image', '1600', '1067', '305539', '2016-09-12 15:56:50', '2016-09-12 15:56:50', '2016-09-12 15:56:50', '880ded10-d643-452e-82cb-ffc078fe1522'),
 ('109', '10', '10', '38A2416.jpg', 'image', '1600', '1067', '199069', '2016-09-12 15:56:51', '2016-09-12 15:56:52', '2016-09-12 15:56:52', 'e8be2a3d-f82c-4225-abf7-c12af1af3d04'),
 ('110', '10', '10', '38A2522.jpg', 'image', '1600', '1067', '207709', '2016-09-12 15:56:53', '2016-09-12 15:56:53', '2016-09-12 15:56:53', 'a9329cdf-e5ff-4de6-8ef3-78e134e86634'),
 ('111', '10', '10', '38A2562.jpg', 'image', '1600', '1067', '318838', '2016-09-12 15:56:54', '2016-09-12 15:56:55', '2016-09-12 15:56:55', 'f5bedce1-3af6-4526-92e6-079fb5a84229'),
 ('112', '10', '10', '38A2595.jpg', 'image', '1600', '1067', '234911', '2016-09-12 15:56:55', '2016-09-12 15:56:56', '2016-09-12 15:56:56', '2e0f4672-6b68-43d6-b010-027afacb3387'),
 ('113', '10', '10', '38A2662.jpg', 'image', '1600', '1067', '170230', '2016-09-12 15:56:57', '2016-09-12 15:56:57', '2016-09-12 15:56:57', '3bc6ba8f-73f0-4a6a-a5a0-14743933155d'),
 ('114', '10', '10', '38A2721.jpg', 'image', '1600', '1067', '723758', '2016-09-12 15:56:58', '2016-09-12 15:56:58', '2016-09-12 15:56:58', 'fcbfbf2b-6df7-4983-a615-6173a9f5701a'),
 ('115', '10', '10', 'DSC7384.jpg', 'image', '1600', '1067', '477514', '2016-09-12 15:56:59', '2016-09-12 15:57:00', '2016-09-12 15:57:00', 'a0461e8e-e417-4baf-9739-c7d648cd1dc5'),
 ('116', '10', '10', 'DSC7404.jpg', 'image', '1600', '1068', '455661', '2016-09-12 15:57:01', '2016-09-12 15:57:01', '2016-09-12 15:57:01', '859a1979-e651-4e4e-87a5-f73b5d74fbff'),
 ('147', '7', '7', 'stimpsons.jpg', 'image', '159', '54', '4911', '2016-09-13 16:51:48', '2016-09-13 16:51:48', '2016-09-13 16:51:48', '68a88fb4-d38a-4924-b6e9-d60c4255147f'),
 ('151', '7', '7', 'cbre.jpg', 'image', '144', '36', '3527', '2016-09-13 16:52:43', '2016-09-13 16:52:43', '2016-09-13 16:52:43', '60186c80-3595-4fcd-b5d5-b2836827b3cc');



DROP TABLE IF EXISTS `craft_assetfolders`;


--
-- Schema for table `craft_assetfolders`
--
CREATE TABLE `craft_assetfolders` (
  `id` int(11) NOT NULL AUTO_INCREMENT,
  `parentId` int(11) DEFAULT NULL,
  `sourceId` int(11) DEFAULT NULL,
  `name` varchar(255) COLLATE utf8_unicode_ci NOT NULL,
  `path` varchar(255) COLLATE utf8_unicode_ci DEFAULT NULL,
  `dateCreated` datetime NOT NULL,
  `dateUpdated` datetime NOT NULL,
  `uid` char(36) COLLATE utf8_unicode_ci NOT NULL DEFAULT '0',
  PRIMARY KEY (`id`),
  UNIQUE KEY `craft_assetfolders_name_parentId_sourceId_unq_idx` (`name`,`parentId`,`sourceId`),
  KEY `craft_assetfolders_parentId_fk` (`parentId`),
  KEY `craft_assetfolders_sourceId_fk` (`sourceId`)
) ENGINE=InnoDB AUTO_INCREMENT=11 DEFAULT CHARSET=utf8 COLLATE=utf8_unicode_ci;

--
-- Data for table `craft_assetfolders`
--

INSERT INTO `craft_assetfolders` (`id`, `parentId`, `sourceId`, `name`, `path`, `dateCreated`, `dateUpdated`, `uid`) VALUES
 ('1', NULL, '1', 'Maps', '', '2016-09-06 16:55:58', '2016-09-06 16:55:58', '95777a77-07f1-477f-9835-e820a3084d7f'),
 ('2', NULL, '2', 'Hero images', '', '2016-09-06 16:56:23', '2016-09-06 16:56:23', '35a89f64-7987-41e4-acc7-b30446e53148'),
 ('3', NULL, '3', 'News Events', '', '2016-09-06 16:56:58', '2016-09-06 16:56:58', '20270585-33b9-4d41-b948-c2ebe5a6b7df'),
 ('4', NULL, '4', 'Videos', '', '2016-09-06 16:57:18', '2016-09-06 16:57:18', '0f3b3086-9c1f-4239-a86c-eff3250a095b'),
 ('5', NULL, '5', 'Downloads', '', '2016-09-07 09:03:08', '2016-09-07 09:03:08', '351cf05b-88b5-4b37-bf6c-28c0a1eb7985'),
 ('6', NULL, '6', 'Gallery', '', '2016-09-07 09:07:43', '2016-09-07 09:07:43', '8a42ea27-254d-493a-878d-90bf79b62df0'),
 ('7', NULL, '7', 'Logos', '', '2016-09-08 15:33:45', '2016-09-08 15:33:45', '5e78a42c-4aa4-46c0-9ff8-dc0b101d0677'),
 ('8', NULL, '8', 'Floor plans', '', '2016-09-08 16:16:29', '2016-09-08 16:16:29', 'c412ce68-3565-4413-9238-1da39f0e5233'),
 ('9', NULL, '9', 'Property', '', '2016-09-09 10:00:45', '2016-09-09 10:00:45', 'f9eb05df-a6f7-48fb-b4fc-04976f19f226'),
 ('10', NULL, '10', 'Amenities', '', '2016-09-12 15:55:03', '2016-09-12 15:55:03', '30b8ee4b-2573-4365-826a-57f21ae8e435');



DROP TABLE IF EXISTS `craft_assetindexdata`;


--
-- Schema for table `craft_assetindexdata`
--
CREATE TABLE `craft_assetindexdata` (
  `id` int(11) NOT NULL AUTO_INCREMENT,
  `sessionId` varchar(36) COLLATE utf8_unicode_ci NOT NULL DEFAULT '',
  `sourceId` int(10) NOT NULL,
  `offset` int(10) NOT NULL,
  `uri` varchar(255) COLLATE utf8_unicode_ci DEFAULT NULL,
  `size` varchar(255) COLLATE utf8_unicode_ci DEFAULT NULL,
  `recordId` int(10) DEFAULT NULL,
  `dateCreated` datetime NOT NULL,
  `dateUpdated` datetime NOT NULL,
  `uid` char(36) COLLATE utf8_unicode_ci NOT NULL DEFAULT '0',
  PRIMARY KEY (`id`),
  UNIQUE KEY `craft_assetindexdata_sessionId_sourceId_offset_unq_idx` (`sessionId`,`sourceId`,`offset`),
  KEY `craft_assetindexdata_sourceId_fk` (`sourceId`)
) ENGINE=InnoDB DEFAULT CHARSET=utf8 COLLATE=utf8_unicode_ci;

DROP TABLE IF EXISTS `craft_assetsources`;


--
-- Schema for table `craft_assetsources`
--
CREATE TABLE `craft_assetsources` (
  `id` int(11) NOT NULL AUTO_INCREMENT,
  `name` varchar(255) COLLATE utf8_unicode_ci NOT NULL,
  `handle` varchar(255) COLLATE utf8_unicode_ci NOT NULL,
  `type` varchar(150) COLLATE utf8_unicode_ci NOT NULL,
  `settings` text COLLATE utf8_unicode_ci,
  `sortOrder` smallint(6) unsigned DEFAULT NULL,
  `fieldLayoutId` int(10) DEFAULT NULL,
  `dateCreated` datetime NOT NULL,
  `dateUpdated` datetime NOT NULL,
  `uid` char(36) COLLATE utf8_unicode_ci NOT NULL DEFAULT '0',
  PRIMARY KEY (`id`),
  UNIQUE KEY `craft_assetsources_name_unq_idx` (`name`),
  UNIQUE KEY `craft_assetsources_handle_unq_idx` (`handle`),
  KEY `craft_assetsources_fieldLayoutId_fk` (`fieldLayoutId`)
) ENGINE=InnoDB AUTO_INCREMENT=11 DEFAULT CHARSET=utf8 COLLATE=utf8_unicode_ci;

--
-- Data for table `craft_assetsources`
--

INSERT INTO `craft_assetsources` (`id`, `name`, `handle`, `type`, `settings`, `sortOrder`, `fieldLayoutId`, `dateCreated`, `dateUpdated`, `uid`) VALUES
 ('1', 'Maps', 'maps', 'Local', '{\"path\":\"{basePath}\\/resources\\/maps\\/\",\"publicURLs\":\"1\",\"url\":\"{baseUrl}\\/resources\\/maps\\/\"}', '1', '43', '2016-09-06 16:55:57', '2016-09-07 16:16:55', '8152ea75-895a-4387-a84d-6ececb1cef0f'),
 ('2', 'Hero images', 'heroImages', 'Local', '{\"path\":\"{basePath}\\/resources\\/hero-images\\/\",\"publicURLs\":\"1\",\"url\":\"{baseUrl}\\/resources\\/hero-images\\/\"}', '2', '84', '2016-09-06 16:56:23', '2016-09-09 15:28:30', '31679fd8-2b51-4ba6-b8ff-6c45a6810a77'),
 ('3', 'News Events', 'newsEvents', 'Local', '{\"path\":\"{basePath}\\/resources\\/news-events\\/\",\"publicURLs\":\"1\",\"url\":\"{baseUrl}\\/resources\\/news-events\\/\"}', '3', '45', '2016-09-06 16:56:58', '2016-09-07 16:19:03', '14b0424c-2ac3-4f1b-8023-4decbde1d1fd'),
 ('4', 'Videos', 'videos', 'Local', '{\"path\":\"{basePath}\\/resources\\/videos\\/\",\"publicURLs\":\"1\",\"url\":\"{baseUrl}\\/resources\\/videos\\/\"}', '4', '47', '2016-09-06 16:57:18', '2016-09-07 16:19:48', 'a09b912f-415c-4517-90af-f1ca6611431e'),
 ('5', 'Downloads', 'downloads', 'Local', '{\"path\":\"{basePath}\\/resources\\/downloads\\/\",\"publicURLs\":\"1\",\"url\":\"{baseUrl}\\/resources\\/downloads\\/\"}', '5', '48', '2016-09-07 09:03:08', '2016-09-07 16:19:57', 'c0692c08-e005-4dda-b0ab-51eb0bd414e8'),
 ('6', 'Gallery', 'gallery', 'Local', '{\"path\":\"{basePath}\\/resources\\/gallery\\/\",\"publicURLs\":\"1\",\"url\":\"{baseUrl}\\/resources\\/gallery\\/\"}', '6', '50', '2016-09-07 09:07:43', '2016-09-07 16:26:14', 'dada0fad-1910-47ea-a6e4-363248951153'),
 ('7', 'Logos', 'logos', 'Local', '{\"path\":\"{basePath}\\/resources\\/logos\\/\",\"publicURLs\":\"1\",\"url\":\"{baseUrl}\\/resources\\/logos\\/\"}', '7', '56', '2016-09-08 15:33:45', '2016-09-08 15:33:45', '72f7b87b-a4e1-4ff1-a80f-45a33a5ba5c4'),
 ('8', 'Floor plans', 'floorPlans', 'Local', '{\"path\":\"{basePath}\\/resources\\/floor-plans\\/\",\"publicURLs\":\"1\",\"url\":\"{baseUrl}\\/resources\\/floor-plans\\/\"}', '8', '63', '2016-09-08 16:16:29', '2016-09-08 16:16:29', '8136352b-3143-45c1-9474-5cea27787f48'),
 ('9', 'Property', 'property', 'Local', '{\"path\":\"{basePath}\\/resources\\/property\\/\",\"publicURLs\":\"1\",\"url\":\"{baseUrl}\\/resources\\/property\\/\"}', '9', '77', '2016-09-09 10:00:44', '2016-09-09 10:02:48', '347ed103-1b85-4cea-a3f2-877e1bb0fff5'),
 ('10', 'Amenities', 'amenities', 'Local', '{\"path\":\"{basePath}\\/resources\\/amenities\\/\",\"publicURLs\":\"1\",\"url\":\"{baseUrl}\\/resources\\/amenities\\/\"}', '10', '98', '2016-09-12 15:55:03', '2016-09-12 15:55:03', '5f6ece32-6f3e-4eb4-a8d4-966814095836');



DROP TABLE IF EXISTS `craft_assettransformindex`;


--
-- Schema for table `craft_assettransformindex`
--
CREATE TABLE `craft_assettransformindex` (
  `id` int(11) NOT NULL AUTO_INCREMENT,
  `fileId` int(11) NOT NULL,
  `filename` varchar(255) COLLATE utf8_unicode_ci DEFAULT NULL,
  `format` varchar(255) COLLATE utf8_unicode_ci DEFAULT NULL,
  `location` varchar(255) COLLATE utf8_unicode_ci NOT NULL,
  `sourceId` int(11) DEFAULT NULL,
  `fileExists` tinyint(1) DEFAULT NULL,
  `inProgress` tinyint(1) DEFAULT NULL,
  `dateIndexed` datetime DEFAULT NULL,
  `dateCreated` datetime NOT NULL,
  `dateUpdated` datetime NOT NULL,
  `uid` char(36) COLLATE utf8_unicode_ci NOT NULL DEFAULT '0',
  PRIMARY KEY (`id`),
  KEY `craft_assettransformindex_sourceId_fileId_location_idx` (`sourceId`,`fileId`,`location`)
) ENGINE=InnoDB AUTO_INCREMENT=43 DEFAULT CHARSET=utf8 COLLATE=utf8_unicode_ci;

DROP TABLE IF EXISTS `craft_assettransforms`;


--
-- Schema for table `craft_assettransforms`
--
CREATE TABLE `craft_assettransforms` (
  `id` int(11) NOT NULL AUTO_INCREMENT,
  `name` varchar(255) COLLATE utf8_unicode_ci NOT NULL,
  `handle` varchar(255) COLLATE utf8_unicode_ci NOT NULL,
  `mode` enum('stretch','fit','crop') COLLATE utf8_unicode_ci NOT NULL DEFAULT 'crop',
  `position` enum('top-left','top-center','top-right','center-left','center-center','center-right','bottom-left','bottom-center','bottom-right') COLLATE utf8_unicode_ci NOT NULL DEFAULT 'center-center',
  `height` int(10) DEFAULT NULL,
  `width` int(10) DEFAULT NULL,
  `format` varchar(255) COLLATE utf8_unicode_ci DEFAULT NULL,
  `quality` int(10) DEFAULT NULL,
  `dimensionChangeTime` datetime DEFAULT NULL,
  `dateCreated` datetime NOT NULL,
  `dateUpdated` datetime NOT NULL,
  `uid` char(36) COLLATE utf8_unicode_ci NOT NULL DEFAULT '0',
  PRIMARY KEY (`id`),
  UNIQUE KEY `craft_assettransforms_name_unq_idx` (`name`),
  UNIQUE KEY `craft_assettransforms_handle_unq_idx` (`handle`)
) ENGINE=InnoDB AUTO_INCREMENT=7 DEFAULT CHARSET=utf8 COLLATE=utf8_unicode_ci;

--
-- Data for table `craft_assettransforms`
--

INSERT INTO `craft_assettransforms` (`id`, `name`, `handle`, `mode`, `position`, `height`, `width`, `format`, `quality`, `dimensionChangeTime`, `dateCreated`, `dateUpdated`, `uid`) VALUES
 ('1', 'Square', 'square', 'crop', 'center-center', '400', '400', NULL, NULL, '2016-09-07 09:08:21', '2016-09-07 09:08:21', '2016-09-07 09:08:21', '58060593-6ac1-4cd4-9841-8eb03c70e5ca'),
 ('2', 'Hero Landscape', 'heroLandscape', 'crop', 'center-center', '900', '1600', NULL, NULL, '2016-09-07 09:08:57', '2016-09-07 09:08:57', '2016-09-09 15:17:48', '4ec23034-6299-4e0c-8bba-73049dcfdf8c'),
 ('3', 'Floor plans', 'floorPlans', 'fit', 'center-center', '500', '700', NULL, NULL, '2016-09-09 14:58:44', '2016-09-09 14:58:44', '2016-09-09 14:58:44', '77ec5523-ad0d-4ab9-b88e-f0501b4a34a0'),
 ('4', 'Hero Portrair', 'heroPortrairt', 'crop', 'center-center', '1024', '768', NULL, NULL, '2016-09-09 15:18:11', '2016-09-09 15:18:11', '2016-09-09 15:18:11', '93d92b39-22f1-479e-b784-d12b1adb7c52'),
 ('5', 'Logos', 'logos', 'fit', 'center-center', '200', '300', NULL, NULL, '2016-09-12 15:34:13', '2016-09-12 15:34:13', '2016-09-12 15:34:13', '1ab75b29-91aa-4446-9a6d-78ee3c440dd6'),
 ('6', 'Masonry Large', 'masonryLarge', 'crop', 'center-center', '800', '800', NULL, NULL, '2016-09-12 16:02:02', '2016-09-12 16:02:02', '2016-09-12 16:02:02', '0c74f5d0-d88d-436a-b294-0f595d81baa1');



DROP TABLE IF EXISTS `craft_categories`;


--
-- Schema for table `craft_categories`
--
CREATE TABLE `craft_categories` (
  `id` int(11) NOT NULL,
  `groupId` int(11) NOT NULL,
  `dateCreated` datetime NOT NULL,
  `dateUpdated` datetime NOT NULL,
  `uid` char(36) COLLATE utf8_unicode_ci NOT NULL DEFAULT '0',
  PRIMARY KEY (`id`),
  KEY `craft_categories_groupId_fk` (`groupId`)
) ENGINE=InnoDB DEFAULT CHARSET=utf8 COLLATE=utf8_unicode_ci;

--
-- Data for table `craft_categories`
--

INSERT INTO `craft_categories` (`id`, `groupId`, `dateCreated`, `dateUpdated`, `uid`) VALUES
 ('57', '1', '2016-09-09 09:39:32', '2016-09-09 09:39:32', '72a1d2f1-775f-4ac1-ab0f-4dad8d7bd556'),
 ('58', '1', '2016-09-09 09:39:43', '2016-09-09 09:39:43', 'b17f1733-4606-46aa-abe8-677e6fdba890');



DROP TABLE IF EXISTS `craft_categorygroups`;


--
-- Schema for table `craft_categorygroups`
--
CREATE TABLE `craft_categorygroups` (
  `id` int(11) NOT NULL AUTO_INCREMENT,
  `structureId` int(11) NOT NULL,
  `fieldLayoutId` int(11) DEFAULT NULL,
  `name` varchar(255) COLLATE utf8_unicode_ci NOT NULL,
  `handle` varchar(255) COLLATE utf8_unicode_ci NOT NULL,
  `hasUrls` tinyint(1) unsigned NOT NULL DEFAULT '1',
  `template` varchar(500) COLLATE utf8_unicode_ci DEFAULT NULL,
  `dateCreated` datetime NOT NULL,
  `dateUpdated` datetime NOT NULL,
  `uid` char(36) COLLATE utf8_unicode_ci NOT NULL DEFAULT '0',
  PRIMARY KEY (`id`),
  UNIQUE KEY `craft_categorygroups_name_unq_idx` (`name`),
  UNIQUE KEY `craft_categorygroups_handle_unq_idx` (`handle`),
  KEY `craft_categorygroups_structureId_fk` (`structureId`),
  KEY `craft_categorygroups_fieldLayoutId_fk` (`fieldLayoutId`)
) ENGINE=InnoDB AUTO_INCREMENT=2 DEFAULT CHARSET=utf8 COLLATE=utf8_unicode_ci;

--
-- Data for table `craft_categorygroups`
--

INSERT INTO `craft_categorygroups` (`id`, `structureId`, `fieldLayoutId`, `name`, `handle`, `hasUrls`, `template`, `dateCreated`, `dateUpdated`, `uid`) VALUES
 ('1', '3', '70', 'Buildings', 'buildings', '1', '', '2016-09-09 09:39:14', '2016-09-09 09:39:14', '7892ebc2-0578-429d-86a4-c627045d2c24');



DROP TABLE IF EXISTS `craft_categorygroups_i18n`;


--
-- Schema for table `craft_categorygroups_i18n`
--
CREATE TABLE `craft_categorygroups_i18n` (
  `id` int(11) NOT NULL AUTO_INCREMENT,
  `groupId` int(11) NOT NULL,
  `locale` char(12) COLLATE utf8_unicode_ci NOT NULL,
  `urlFormat` text COLLATE utf8_unicode_ci,
  `nestedUrlFormat` text COLLATE utf8_unicode_ci,
  `dateCreated` datetime NOT NULL,
  `dateUpdated` datetime NOT NULL,
  `uid` char(36) COLLATE utf8_unicode_ci NOT NULL DEFAULT '0',
  PRIMARY KEY (`id`),
  UNIQUE KEY `craft_categorygroups_i18n_groupId_locale_unq_idx` (`groupId`,`locale`),
  KEY `craft_categorygroups_i18n_locale_fk` (`locale`)
) ENGINE=InnoDB AUTO_INCREMENT=2 DEFAULT CHARSET=utf8 COLLATE=utf8_unicode_ci;

--
-- Data for table `craft_categorygroups_i18n`
--

INSERT INTO `craft_categorygroups_i18n` (`id`, `groupId`, `locale`, `urlFormat`, `nestedUrlFormat`, `dateCreated`, `dateUpdated`, `uid`) VALUES
 ('1', '1', 'en_gb', 'buildings/{slug}', NULL, '2016-09-09 09:39:14', '2016-09-09 09:39:14', 'bf45b3e7-e240-4c22-9bcf-f1de78fdb7af');



DROP TABLE IF EXISTS `craft_content`;


--
-- Schema for table `craft_content`
--
CREATE TABLE `craft_content` (
  `id` int(11) NOT NULL AUTO_INCREMENT,
  `elementId` int(11) NOT NULL,
  `locale` char(12) COLLATE utf8_unicode_ci NOT NULL,
  `title` varchar(255) COLLATE utf8_unicode_ci DEFAULT NULL,
  `field_body` text COLLATE utf8_unicode_ci,
  `field_text` text COLLATE utf8_unicode_ci,
  `field_metaTitle` text COLLATE utf8_unicode_ci,
  `field_metaDescription` text COLLATE utf8_unicode_ci,
  `field_textBlock` text COLLATE utf8_unicode_ci,
  `field_description` text COLLATE utf8_unicode_ci,
  `field_buildingStatus` tinyint(1) unsigned NOT NULL DEFAULT '0',
  `field_buildingMeta` text COLLATE utf8_unicode_ci,
  `field_preview` text COLLATE utf8_unicode_ci,
  `field_previewText` text COLLATE utf8_unicode_ci,
  `field_eventDate` datetime DEFAULT NULL,
  `field_size` varchar(255) COLLATE utf8_unicode_ci DEFAULT NULL,
  `field_sectionBody` text COLLATE utf8_unicode_ci,
  `field_style` varchar(255) COLLATE utf8_unicode_ci DEFAULT NULL,
  `dateCreated` datetime NOT NULL,
  `dateUpdated` datetime NOT NULL,
  `uid` char(36) COLLATE utf8_unicode_ci NOT NULL DEFAULT '0',
  PRIMARY KEY (`id`),
  UNIQUE KEY `craft_content_elementId_locale_unq_idx` (`elementId`,`locale`),
  KEY `craft_content_title_idx` (`title`),
  KEY `craft_content_locale_fk` (`locale`)
) ENGINE=InnoDB AUTO_INCREMENT=123 DEFAULT CHARSET=utf8 COLLATE=utf8_unicode_ci;

--
-- Data for table `craft_content`
--

INSERT INTO `craft_content` (`id`, `elementId`, `locale`, `title`, `field_body`, `field_text`, `field_metaTitle`, `field_metaDescription`, `field_textBlock`, `field_description`, `field_buildingStatus`, `field_buildingMeta`, `field_preview`, `field_previewText`, `field_eventDate`, `field_size`, `field_sectionBody`, `field_style`, `dateCreated`, `dateUpdated`, `uid`) VALUES
 ('1', '1', 'en_gb', NULL, NULL, NULL, NULL, NULL, NULL, NULL, '0', NULL, NULL, NULL, NULL, NULL, NULL, NULL, '2016-09-06 16:45:28', '2016-09-06 16:45:28', 'e021b2ac-6e5d-4a13-91ec-482a8c7af213'),
 ('2', '2', 'en_gb', 'Welcome to Local.croxleypark.com!', '<p>It’s true, this site doesn’t have a whole lot of content yet, but don’t worry. Our web developers have just installed the CMS, and they’re setting things up for the content editors this very moment. Soon Local.croxleypark.com will be an oasis of fresh perspectives, sharp analyses, and astute opinions that will keep you coming back again and again.</p>', NULL, '', '', NULL, NULL, '0', NULL, NULL, NULL, NULL, NULL, '<h2><span class=\"t-brand\">News &amp; Events</span></h2>\n\n<p>There’s always something going on at Croxley Park. \n\nTake a look at our News and Events sections, to see \n\nwhat’s we’ve been up to and what’s coming up.</p>', NULL, '2016-09-06 16:45:31', '2016-09-13 16:18:38', '1b0ba3b9-5f9f-4346-932e-daeb6126b10f'),
 ('4', '4', 'en_gb', NULL, NULL, NULL, NULL, NULL, NULL, NULL, '0', NULL, NULL, NULL, NULL, NULL, NULL, NULL, '2016-09-06 16:58:23', '2016-09-06 16:58:23', 'ef98eee6-bc05-481e-b3c1-c640775e5f91'),
 ('5', '5', 'en_gb', NULL, NULL, NULL, NULL, NULL, NULL, NULL, '0', NULL, NULL, NULL, NULL, NULL, NULL, NULL, '2016-09-06 16:59:55', '2016-09-06 16:59:55', 'c70fa64e-754a-469b-bfbf-e37e0705ad98'),
 ('6', '6', 'en_gb', NULL, NULL, NULL, NULL, NULL, NULL, NULL, '0', NULL, NULL, NULL, NULL, NULL, NULL, NULL, '2016-09-06 17:01:25', '2016-09-13 16:19:31', '981b12a4-b83d-48ec-84c3-8593f930feca'),
 ('7', '7', 'en_gb', NULL, NULL, NULL, NULL, NULL, NULL, NULL, '0', NULL, NULL, NULL, NULL, NULL, NULL, NULL, '2016-09-07 08:48:51', '2016-09-12 15:06:24', 'f7692d1e-a295-46e3-879c-28aaee0b734a'),
 ('8', '8', 'en_gb', NULL, NULL, NULL, NULL, NULL, NULL, NULL, '0', NULL, NULL, NULL, NULL, NULL, NULL, NULL, '2016-09-07 09:12:33', '2016-09-07 15:01:57', 'e8cd2c2c-23f4-4c01-84b5-b04c99be2d0b'),
 ('9', '9', 'en_gb', NULL, NULL, NULL, NULL, NULL, NULL, NULL, '0', NULL, NULL, NULL, NULL, NULL, NULL, NULL, '2016-09-07 09:16:26', '2016-09-13 22:57:36', '531db20b-ec6d-4d43-9e96-e27d38e65e08'),
 ('10', '10', 'en_gb', NULL, NULL, NULL, NULL, NULL, NULL, NULL, '0', NULL, NULL, NULL, NULL, NULL, NULL, NULL, '2016-09-07 09:19:39', '2016-09-12 15:33:40', '756e0caf-c5ca-444d-8d34-ec90be6e051f'),
 ('11', '11', 'en_gb', NULL, NULL, NULL, NULL, NULL, '<script>var test =\' bla bla bla\';</script>', NULL, '0', NULL, NULL, NULL, NULL, NULL, NULL, NULL, '2016-09-07 09:31:19', '2016-09-13 15:11:00', '25789ff1-07c7-43b1-b120-5a013a708f60'),
 ('12', '12', 'en_gb', NULL, NULL, NULL, NULL, NULL, NULL, NULL, '0', NULL, NULL, NULL, NULL, NULL, NULL, NULL, '2016-09-07 09:31:37', '2016-09-07 09:31:37', 'edb69f53-e195-48b0-98d8-9921b274daaa'),
 ('13', '13', 'en_gb', 'The Park', NULL, NULL, NULL, NULL, NULL, NULL, '0', NULL, NULL, NULL, NULL, NULL, NULL, NULL, '2016-09-07 09:40:52', '2016-09-12 15:40:50', '708c89ac-8297-425e-b7c5-ef431a1c891a'),
 ('14', '14', 'en_gb', 'Availability', NULL, NULL, NULL, NULL, NULL, NULL, '0', NULL, NULL, NULL, NULL, NULL, NULL, NULL, '2016-09-07 09:41:01', '2016-09-12 15:40:50', 'd122bfe5-31db-4779-a0ae-2205e9f754c4'),
 ('15', '15', 'en_gb', 'Location', NULL, NULL, NULL, NULL, NULL, NULL, '0', NULL, NULL, NULL, NULL, NULL, NULL, NULL, '2016-09-07 09:41:06', '2016-09-12 15:40:51', 'bf77b067-fb26-4355-8d32-26de995e0fe4'),
 ('16', '16', 'en_gb', 'Amenities', NULL, NULL, '', '', NULL, NULL, '0', NULL, NULL, NULL, NULL, NULL, NULL, NULL, '2016-09-07 09:41:12', '2016-09-13 14:10:33', '4290d299-adf5-473e-96b2-d8438ebb6cef'),
 ('17', '17', 'en_gb', 'Events', NULL, NULL, '', '', NULL, NULL, '0', NULL, NULL, NULL, NULL, NULL, NULL, NULL, '2016-09-07 09:41:17', '2016-09-13 16:00:28', '5b1d95ac-9a92-465c-8dd2-43b53db4c2b2'),
 ('18', '18', 'en_gb', 'News', NULL, NULL, '', '', NULL, NULL, '0', NULL, NULL, NULL, NULL, NULL, NULL, NULL, '2016-09-07 09:41:22', '2016-09-13 15:45:14', '58fd7548-97df-4611-9056-e877fd805159'),
 ('19', '19', 'en_gb', 'Contact', NULL, NULL, '', '', NULL, NULL, '0', NULL, NULL, NULL, NULL, NULL, NULL, NULL, '2016-09-07 09:41:28', '2016-09-13 16:56:27', '6429ed56-b9d1-44d6-96f2-bb091ff2ecd1'),
 ('20', '20', 'en_gb', 'Overview', NULL, NULL, NULL, NULL, NULL, NULL, '0', NULL, NULL, NULL, NULL, NULL, NULL, NULL, '2016-09-07 09:41:52', '2016-09-12 15:40:51', '8462aed8-ab84-457d-be0f-0b49f704bd05'),
 ('21', '21', 'en_gb', 'Environment', NULL, NULL, NULL, NULL, NULL, NULL, '0', NULL, NULL, NULL, NULL, NULL, NULL, NULL, '2016-09-07 09:42:09', '2016-09-12 15:40:51', '849dc4ce-8c33-4c42-b274-c3d7ca274f82'),
 ('22', '22', 'en_gb', 'Management', NULL, NULL, NULL, NULL, NULL, NULL, '0', NULL, NULL, NULL, NULL, NULL, NULL, NULL, '2016-09-07 09:42:18', '2016-09-12 15:40:51', '64764552-bab1-4018-82b8-1d6326b84bd7'),
 ('23', '23', 'en_gb', 'Overview', NULL, NULL, NULL, NULL, NULL, NULL, '0', NULL, NULL, NULL, NULL, NULL, NULL, NULL, '2016-09-07 09:42:37', '2016-09-12 15:40:51', '05282963-27e6-47b5-98b8-07dd4cdcda2b'),
 ('24', '24', 'en_gb', 'Building 1', '', NULL, '', '', NULL, NULL, '0', '60,000 sq ft coming soon', '<p>Tem vidi dolor a sinciis et essi doluptasi cusae volut aut as sum quatiat autecaectios atios num eosanie nihilic tem et officimus ma verum, con rem sunt poritas modi </p>', NULL, NULL, NULL, NULL, NULL, '2016-09-07 09:43:00', '2016-09-12 15:40:51', '102af20b-6c1f-4441-b1ab-5b7a83cde5a0'),
 ('25', '25', 'en_gb', 'Building 2', NULL, NULL, NULL, NULL, NULL, NULL, '0', NULL, NULL, NULL, NULL, NULL, NULL, NULL, '2016-09-07 09:43:09', '2016-09-12 15:40:51', '2bad9f09-ffa4-48ff-9773-6ba293f2be0f'),
 ('26', '26', 'en_gb', 'Building 3', NULL, NULL, NULL, NULL, NULL, NULL, '0', NULL, NULL, NULL, NULL, NULL, NULL, NULL, '2016-09-07 09:43:18', '2016-09-12 15:40:51', '96d56a4e-d330-472b-ae2d-c08589941609'),
 ('27', '27', 'en_gb', 'Building 4', NULL, NULL, NULL, NULL, NULL, NULL, '0', NULL, NULL, NULL, NULL, NULL, NULL, NULL, '2016-09-07 09:43:28', '2016-09-12 15:40:51', '59545900-e307-4a14-913e-878b34f4e856'),
 ('28', '28', 'en_gb', 'Building 5', NULL, NULL, NULL, NULL, NULL, NULL, '0', NULL, NULL, NULL, NULL, NULL, NULL, NULL, '2016-09-07 09:43:39', '2016-09-12 15:40:51', '82a6d4e1-2d65-4783-ab93-f2b0e9f13b76'),
 ('29', '29', 'en_gb', 'Building 6', NULL, NULL, NULL, NULL, NULL, NULL, '0', NULL, NULL, NULL, NULL, NULL, NULL, NULL, '2016-09-07 09:43:48', '2016-09-12 15:40:51', 'fcd35d16-83fb-4078-beec-af0e71de8667'),
 ('30', '30', 'en_gb', 'Building 7', NULL, NULL, NULL, NULL, NULL, NULL, '0', NULL, NULL, NULL, NULL, NULL, NULL, NULL, '2016-09-07 09:44:06', '2016-09-12 15:40:51', 'c7c6cf13-48f9-4014-b041-77a35728855a'),
 ('31', '31', 'en_gb', 'Connections', NULL, NULL, NULL, NULL, NULL, NULL, '0', NULL, NULL, NULL, NULL, NULL, NULL, NULL, '2016-09-07 09:44:20', '2016-09-12 15:40:51', '6f913186-beeb-4341-8d31-e197eaf666b6'),
 ('32', '32', 'en_gb', 'Local Area', NULL, NULL, NULL, NULL, NULL, NULL, '0', NULL, NULL, NULL, NULL, NULL, NULL, NULL, '2016-09-07 09:44:35', '2016-09-12 15:40:51', 'b3decbbb-7869-4cf4-ab6d-c9394f34eee8'),
 ('33', '33', 'en_gb', 'Download Brochure', NULL, NULL, NULL, NULL, NULL, NULL, '0', NULL, NULL, NULL, NULL, NULL, NULL, NULL, '2016-09-07 09:45:05', '2016-09-07 09:45:05', 'd0391d15-6a58-4ec8-8608-f1b71d34009f'),
 ('34', '34', 'en_gb', 'Legal', NULL, NULL, NULL, NULL, NULL, NULL, '0', NULL, NULL, NULL, NULL, NULL, NULL, NULL, '2016-09-07 09:45:10', '2016-09-07 09:45:10', '37ffd7d4-9950-48ec-b3fd-be97cf287d6b'),
 ('35', '35', 'en_gb', 'Cookies', NULL, NULL, NULL, NULL, NULL, NULL, '0', NULL, NULL, NULL, NULL, NULL, NULL, NULL, '2016-09-07 09:45:16', '2016-09-07 09:45:16', 'b273729f-5073-4f1d-af65-df9656b587e6'),
 ('36', '36', 'en_gb', 'Terms & Conditions', NULL, NULL, NULL, NULL, NULL, NULL, '0', NULL, NULL, NULL, NULL, NULL, NULL, NULL, '2016-09-07 09:45:25', '2016-09-07 09:45:25', 'e33aac44-e2cb-4f04-87a8-6275b58e1fae'),
 ('37', '37', 'en_gb', 'Site map', NULL, NULL, NULL, NULL, NULL, NULL, '0', NULL, NULL, NULL, NULL, NULL, NULL, NULL, '2016-09-07 09:45:30', '2016-09-07 09:45:30', '71555e60-c312-4e90-b320-e236d1cb71a1'),
 ('38', '44', 'en_gb', NULL, NULL, 'CroxleyPark, Watford WD18 8YR', NULL, NULL, NULL, NULL, '0', NULL, NULL, NULL, NULL, NULL, NULL, NULL, '2016-09-07 15:05:59', '2016-09-07 15:06:16', 'c7bae046-3e8a-4703-a7c6-829a7ce0b5a4'),
 ('41', '54', 'en_gb', '38 A2288', NULL, NULL, NULL, NULL, NULL, NULL, '0', NULL, NULL, NULL, NULL, NULL, NULL, NULL, '2016-09-07 16:20:50', '2016-09-09 10:07:15', '3c7eb0c7-e286-49a9-a892-135f19627a7e'),
 ('42', '55', 'en_gb', '38 A2312', NULL, NULL, NULL, NULL, NULL, NULL, '0', NULL, NULL, NULL, NULL, NULL, NULL, NULL, '2016-09-07 16:20:50', '2016-09-09 10:07:15', 'ca6466e0-df64-4006-b9c0-f7b8417b70e3'),
 ('43', '56', 'en_gb', '38 A2325', NULL, NULL, NULL, NULL, NULL, NULL, '0', NULL, NULL, NULL, NULL, NULL, NULL, NULL, '2016-09-07 16:20:51', '2016-09-09 10:07:15', 'a67f82dc-a986-46c0-9178-7ea69b9a0d35'),
 ('44', '57', 'en_gb', 'Office space', NULL, NULL, NULL, NULL, NULL, NULL, '0', NULL, NULL, NULL, NULL, NULL, NULL, NULL, '2016-09-09 09:39:32', '2016-09-09 09:39:32', '38eda05e-a2ee-441b-9ce9-4ed3a83fd8fc'),
 ('45', '58', 'en_gb', 'Business space', NULL, NULL, NULL, NULL, NULL, NULL, '0', NULL, NULL, NULL, NULL, NULL, NULL, NULL, '2016-09-09 09:39:43', '2016-09-09 09:39:43', '571fc2b4-4e66-4552-9eab-ec5c50d63201'),
 ('46', '59', 'en_gb', 'Building 1 Preview Image', NULL, NULL, NULL, NULL, NULL, NULL, '0', NULL, NULL, NULL, NULL, NULL, NULL, NULL, '2016-09-09 10:19:17', '2016-09-09 10:19:17', '7de9a836-f6e9-4cf0-a91f-9084ff25af4f'),
 ('47', '60', 'en_gb', 'Patterns', NULL, NULL, NULL, NULL, NULL, NULL, '0', '', '', NULL, NULL, NULL, NULL, NULL, '2016-09-09 11:15:01', '2016-09-09 15:39:37', 'b4795a14-be1e-488d-8afe-0053c345d8c2'),
 ('48', '62', 'en_gb', 'Holding Plan', NULL, NULL, NULL, NULL, NULL, NULL, '0', NULL, NULL, NULL, NULL, NULL, NULL, NULL, '2016-09-09 13:28:14', '2016-09-09 13:28:14', '950bd786-2576-46a3-bada-f2633e49c66e'),
 ('49', '66', 'en_gb', 'Bray Fox Smith', NULL, NULL, NULL, NULL, NULL, NULL, '0', NULL, NULL, NULL, NULL, NULL, NULL, NULL, '2016-09-09 14:35:49', '2016-09-09 14:35:49', '822d5933-c26e-447f-a6b1-5520dfca366e'),
 ('50', '69', 'en_gb', '38 A2416', NULL, NULL, NULL, NULL, NULL, NULL, '0', NULL, NULL, NULL, NULL, NULL, NULL, NULL, '2016-09-09 15:39:02', '2016-09-12 15:52:11', 'ffde7faf-dc96-47d0-a83e-420e8151cd95'),
 ('51', '70', 'en_gb', 'P38 A2145', NULL, NULL, NULL, NULL, NULL, NULL, '0', NULL, NULL, NULL, NULL, NULL, NULL, NULL, '2016-09-09 15:39:03', '2016-09-09 15:39:03', '1241e135-1754-411d-ab62-5b7307dbc470'),
 ('52', '72', 'en_gb', 'Event 1', NULL, NULL, NULL, NULL, NULL, NULL, '0', NULL, NULL, NULL, NULL, NULL, NULL, NULL, '2016-09-12 14:16:35', '2016-09-12 14:16:35', '6ea702bf-4042-485d-88f0-b7904a4d88fe'),
 ('53', '73', 'en_gb', 'Event 2', NULL, NULL, NULL, NULL, NULL, NULL, '0', NULL, NULL, NULL, NULL, NULL, NULL, NULL, '2016-09-12 14:16:36', '2016-09-12 14:16:36', 'a9d15d1d-60f2-4add-9efb-1d7aba68e5e3'),
 ('54', '74', 'en_gb', 'News 1', NULL, NULL, NULL, NULL, NULL, NULL, '0', NULL, NULL, NULL, NULL, NULL, NULL, NULL, '2016-09-12 14:16:36', '2016-09-12 14:16:36', '12d4fed6-7eda-40a4-ba80-4a61e7f67b61'),
 ('55', '75', 'en_gb', 'News 2', NULL, NULL, NULL, NULL, NULL, NULL, '0', NULL, NULL, NULL, NULL, NULL, NULL, NULL, '2016-09-12 14:16:37', '2016-09-12 14:16:37', 'e76bca57-aa13-4ccb-818e-0d832dc48f7d'),
 ('56', '76', 'en_gb', 'Spring is here, why  not hop on a bike?', '<p>Dolores blanditiis quod ipsam quod facilisis vel unde platea vero dolorem sociis lorem, enim nulla sociosqu placeat maxime feugiat hac! Taciti occaecati anim venenatis magnis scelerisque, in, ultricies lorem lacinia, mus sagittis aliquet erat illo, maecenas, quasi? Lorem nullam repudiandae, quia tincidunt fuga vero quas? Rerum impedit laoreet, fugiat sint.</p>\n\n<p>Ad luctus adipiscing aliquid! Lacus, dolorem voluptas lacus, dolore vero reprehenderit, commodo dui ad, quod class facere fames parturient urna primis dignissim doloremque excepteur venenatis curabitur blandit, lorem, phasellus eu, proin cumque. In, maecenas blandit minus aliquam porro dapibus officiis wisi maxime eros malesuada minima. Tenetur nam laboris. Consequatur mi.</p>\n\n<p>Quisque reprehenderit sit illo aspernatur aperiam beatae labore diamlorem? Interdum nisl anim mollis eius, maecenas eiusmod magna ducimus, dignissim etiam convallis quis impedit! Facilisi? Amet quasi imperdiet purus sit pellentesque voluptatum et? Totam non tincidunt? Vel rem nostrud nostrud est. Dictum sodales, iste explicabo anim id anim parturient. Magni fuga.</p>', NULL, '', '', NULL, NULL, '0', NULL, NULL, '<p>Que vera quas sinvelluptat aut a doles ratium dusam nobiscitiore solupta dolupta tiatendae ipsunt faccusto volore mi, imol</p>', NULL, NULL, NULL, NULL, '2016-09-12 14:16:53', '2016-09-12 14:16:53', '329c0d43-e7f0-4fbc-8b73-7c4ba70db9b3'),
 ('57', '77', 'en_gb', 'Building 1 construction starting now', '<p>Dolores blanditiis quod ipsam quod facilisis vel unde platea vero dolorem sociis lorem, enim nulla sociosqu placeat maxime feugiat hac! Taciti occaecati anim venenatis magnis scelerisque, in, ultricies lorem lacinia, mus sagittis aliquet erat illo, maecenas, quasi? Lorem nullam repudiandae, quia tincidunt fuga vero quas? Rerum impedit laoreet, fugiat sint.</p>\n\n<p>Ad luctus adipiscing aliquid! Lacus, dolorem voluptas lacus, dolore vero reprehenderit, commodo dui ad, quod class facere fames parturient urna primis dignissim doloremque excepteur venenatis curabitur blandit, lorem, phasellus eu, proin cumque. In, maecenas blandit minus aliquam porro dapibus officiis wisi maxime eros malesuada minima. Tenetur nam laboris. Consequatur mi.</p>\n\n\n\n\n\n<p>Quisque reprehenderit sit illo aspernatur aperiam beatae labore diamlorem? Interdum nisl anim mollis eius, maecenas eiusmod magna ducimus, dignissim etiam convallis quis impedit! Facilisi? Amet quasi imperdiet purus sit pellentesque voluptatum et? Totam non tincidunt? Vel rem nostrud nostrud est. Dictum sodales, iste explicabo anim id anim parturient. Magni fuga.</p>', NULL, '', '', NULL, NULL, '0', NULL, NULL, '<p>Que vera quas sinvelluptat aut a doles ratium dusam nobiscitiore solupta dolupta tiatendae ipsunt faccusto volore mi, imol</p>', NULL, NULL, NULL, NULL, '2016-09-12 14:17:04', '2016-09-12 14:17:28', '49d79fd3-9504-4ad9-8351-7e5f6577ad54'),
 ('58', '78', 'en_gb', 'Cameras on Croxley', '<p>Mi repudiandae distinctio fusce nostrum irure molestiae? Mollitia illum fugit maiores scelerisque eveniet! Quasi netus mi dicta iste hac, ducimus parturient cursus quasi! Varius? Proin faucibus molestiae malesuada ultricies ea atque massa. Iste totam quos assumenda, ducimus montes ullamco lorem nisl repudiandae! Orci taciti diam ipsum eget alias, deleniti, commodi.</p>\n\n<p>Facere interdum purus fugiat, pellentesque taciti litora dis, corrupti. Veniam ridiculus quisque ornare provident veritatis nec? Aliquid natus. Ducimus conubia et! Itaque sem malesuada sed tellus? Exercitationem dapibus ac tellus accusamus laboris quod, natus a! Pariatur. Qui iure voluptatibus habitasse, magnis cupiditate? Taciti, dolores culpa. Etiam ante doloremque rerum diam.</p>\n\n\n\n<p>Montes officiis venenatis dolorem pellentesque rem ac faucibus ligula corrupti nesciunt augue! Magna molestiae, labore delectus minima omnis interdum debitis deserunt fusce, montes consequuntur curae purus tempore, sem pretium libero accusamus. Torquent, sollicitudin pulvinar beatae porttitor explicabo mollitia mus, minus montes est nostrud eius dictum. Porta magnis per aptent, elementum.</p>\n\n\n\n<p>Provident, possimus vel, recusandae euismod numquam, pellentesque purus aliquet ut explicabo possimus, eaque cupiditate exercitation. Tempor, hendrerit totam tempore numquam, laoreet aut eos! Deleniti! Maiores quam, velit pede? Voluptate atque, pretium diamlorem! Viverra adipisci ullamco imperdiet, aute consectetuer mus vero error pede, lacinia aut! Adipisicing nulla? Laborum saepe itaque morbi.</p>\n\n\n\n<p>Minima consequuntur cupidatat omnis integer nostrum neque eu? Hymenaeos accusamus cupiditate incididunt aliquip quaerat diamlorem mollitia autem cupidatat? Senectus autem mauris incididunt eu aperiam ut mollitia, laudantium neque, eius vel rerum duis explicabo mi laboriosam inceptos congue adipiscing viverra, soluta, facilisis rerum, magna consequat imperdiet nunc ornare tempor! Cumque libero.</p>', NULL, '', '', NULL, NULL, '0', NULL, NULL, '<p>Ultrices nostrud facilisis, incidunt, proident corrupti urna, illo, tellus adipiscing proident minus feugiat atque exercitation magnam, hac unde pariatur accusamus. Soluta, dignissim architecto class, sociis consequatur taciti saepe? Dolor lacinia ridiculus aptent fringilla! Dignissim. Beatae commodo et sodales mollis, fringilla. Fugit purus beatae eiusmod elementum? Rutrum ex laudantium amet penatibus.</p>', '2016-09-14 06:30:00', NULL, NULL, NULL, '2016-09-12 14:22:26', '2016-09-12 14:22:36', 'a3184af0-2fc4-47fc-884d-e03155daf4d6'),
 ('59', '79', 'en_gb', 'Summer  Fete', '<p>Sequi ornare aut pede taciti facilis lorem pharetra cupidatat ultricies expedita feugiat earum dolor iusto. Tortor! Placeat wisi. Assumenda soluta auctor unde numquam adipisci tortor earum! Ligula maecenas eros. Dolore ducimus gravida dapibus nulla pede nostra quasi mollit penatibus consequat ad fusce reprehenderit diam? Etiam laborum diamlorem morbi! Vehicula recusandae.</p>\n\n<p>Pretium nonummy, purus ac aute adipisicing fames sagittis bibendum nostrud itaque nostrud, ligula pulvinar pretium mollis! Irure mauris tempora accumsan. Euismod tellus wisi excepturi repellendus incididunt nunc similique dictum cillum posuere sint nostrum, per hymenaeos? Rerum a sollicitudin dui aliquam aut numquam, condimentum ullamcorper, enim, fermentum euismod amet, egestas, hymenaeos.</p>\n\n<p>Soluta tenetur taciti nihil enim, tempora lacinia optio! Nullam. Montes sociosqu metus, tristique, dolorem possimus asperiores expedita augue? Aliquam ad diamlorem eligendi cupidatat non, diamlorem assumenda tincidunt mollit optio eligendi, tristique nobis, eleifend iure hymenaeos veritatis? Leo facere nulla nascetur molestie rem asperiores autem? Asperiores, dignissim molestie congue, in wisi.</p>', NULL, '', '', NULL, NULL, '0', NULL, NULL, '', '2016-09-14 18:30:00', NULL, NULL, NULL, '2016-09-12 14:23:21', '2016-09-12 14:23:21', '8ce87d0c-5a8b-4aa7-92e6-838f49469da3'),
 ('60', '82', 'en_gb', 'Client Logo 1', NULL, NULL, NULL, NULL, NULL, NULL, '0', NULL, NULL, NULL, NULL, NULL, NULL, NULL, '2016-09-12 15:33:32', '2016-09-12 15:33:32', '8687f46e-608b-4420-beb3-60da98cd169f'),
 ('61', '83', 'en_gb', 'Client Logo 2', NULL, NULL, NULL, NULL, NULL, NULL, '0', NULL, NULL, NULL, NULL, NULL, NULL, NULL, '2016-09-12 15:33:32', '2016-09-12 15:33:32', '6de1f0b2-83c4-4e74-8c68-1b2e8a7bff41'),
 ('62', '84', 'en_gb', 'Client Logo 3', NULL, NULL, NULL, NULL, NULL, NULL, '0', NULL, NULL, NULL, NULL, NULL, NULL, NULL, '2016-09-12 15:33:32', '2016-09-12 15:33:32', 'e298e94e-4d27-4e14-8c3f-528b31fcb914'),
 ('63', '85', 'en_gb', 'Client Logo 4', NULL, NULL, NULL, NULL, NULL, NULL, '0', NULL, NULL, NULL, NULL, NULL, NULL, NULL, '2016-09-12 15:33:32', '2016-09-12 15:33:32', 'a0e8a8f2-c280-42c3-8fa2-323a3b02922a'),
 ('64', '86', 'en_gb', 'Client Logo 5', NULL, NULL, NULL, NULL, NULL, NULL, '0', NULL, NULL, NULL, NULL, NULL, NULL, NULL, '2016-09-12 15:33:33', '2016-09-12 15:33:33', '9c04e627-d097-4107-b8a5-5d345f40f28a'),
 ('65', '87', 'en_gb', 'Client Logo 6', NULL, NULL, NULL, NULL, NULL, NULL, '0', NULL, NULL, NULL, NULL, NULL, NULL, NULL, '2016-09-12 15:33:33', '2016-09-12 15:33:33', '653065a5-a1c4-4d6b-820a-575435c6482d'),
 ('66', '88', 'en_gb', 'Client Logo 7', NULL, NULL, NULL, NULL, NULL, NULL, '0', NULL, NULL, NULL, NULL, NULL, NULL, NULL, '2016-09-12 15:33:33', '2016-09-12 15:33:33', '088ab950-1b26-4757-8f1e-25d8a30d79c3'),
 ('67', '89', 'en_gb', 'Client Logo 8', NULL, NULL, NULL, NULL, NULL, NULL, '0', NULL, NULL, NULL, NULL, NULL, NULL, NULL, '2016-09-12 15:33:34', '2016-09-12 15:33:34', 'cd8163c8-6069-4831-b32c-a1d866ea2316'),
 ('68', '90', 'en_gb', 'Client Logo 9', NULL, NULL, NULL, NULL, NULL, NULL, '0', NULL, NULL, NULL, NULL, NULL, NULL, NULL, '2016-09-12 15:33:34', '2016-09-12 15:33:34', '987f0f82-3ec9-4a25-832a-88b6835f0b92'),
 ('69', '91', 'en_gb', 'Client Logo 10', NULL, NULL, NULL, NULL, NULL, NULL, '0', NULL, NULL, NULL, NULL, NULL, NULL, NULL, '2016-09-12 15:33:34', '2016-09-12 15:33:34', '3b717abd-038c-496c-9667-7567620f7686'),
 ('70', '94', 'en_gb', 'Icon Nursery', NULL, NULL, NULL, NULL, NULL, NULL, '0', NULL, NULL, NULL, NULL, NULL, NULL, NULL, '2016-09-12 15:55:35', '2016-09-12 15:55:35', '5e9b74fe-8ab3-48e7-9390-754187d99e94'),
 ('71', '95', 'en_gb', 'Icon Salon', NULL, NULL, NULL, NULL, NULL, NULL, '0', NULL, NULL, NULL, NULL, NULL, NULL, NULL, '2016-09-12 15:55:36', '2016-09-12 15:55:36', '1cbf31f9-7dfb-45ed-a7c9-b61c6d897a44'),
 ('72', '96', 'en_gb', 'Icon Security', NULL, NULL, NULL, NULL, NULL, NULL, '0', NULL, NULL, NULL, NULL, NULL, NULL, NULL, '2016-09-12 15:55:36', '2016-09-12 15:55:36', 'aa1c3c2b-5ecf-4923-8a56-19c2c9916387'),
 ('73', '97', 'en_gb', 'Icon Amazon Locker', NULL, NULL, NULL, NULL, NULL, NULL, '0', NULL, NULL, NULL, NULL, NULL, NULL, NULL, '2016-09-12 15:55:36', '2016-09-12 15:55:36', 'ac9376f9-eea3-404d-9fab-2b1b9b3bbd5b'),
 ('74', '98', 'en_gb', 'Icon Bike', NULL, NULL, NULL, NULL, NULL, NULL, '0', NULL, NULL, NULL, NULL, NULL, NULL, NULL, '2016-09-12 15:55:36', '2016-09-12 15:55:36', 'a9d0c253-5606-456c-a18c-260496855c96'),
 ('75', '99', 'en_gb', 'Icon Electricity', NULL, NULL, NULL, NULL, NULL, NULL, '0', NULL, NULL, NULL, NULL, NULL, NULL, NULL, '2016-09-12 15:55:37', '2016-09-12 15:55:37', '714f7b0e-3d04-423a-a61d-2255055d3e97'),
 ('76', '100', 'en_gb', 'Icon Learning', NULL, NULL, NULL, NULL, NULL, NULL, '0', NULL, NULL, NULL, NULL, NULL, NULL, NULL, '2016-09-12 15:55:37', '2016-09-12 15:55:37', '945c4bb6-80c0-4a56-8e4b-f20de831a7f8'),
 ('77', '101', 'en_gb', 'Icon Networking', NULL, NULL, NULL, NULL, NULL, NULL, '0', NULL, NULL, NULL, NULL, NULL, NULL, NULL, '2016-09-12 15:55:37', '2016-09-12 15:55:37', '7832137f-5766-4966-a303-fb33b2b7a108'),
 ('78', '102', 'en_gb', '38 A2080', NULL, NULL, NULL, NULL, NULL, NULL, '0', NULL, NULL, NULL, NULL, NULL, NULL, NULL, '2016-09-12 15:56:43', '2016-09-12 15:56:43', '57a79c2d-422c-42a0-aa15-b3845e4576e1'),
 ('79', '103', 'en_gb', '38 A2145', NULL, NULL, NULL, NULL, NULL, NULL, '0', NULL, NULL, NULL, NULL, NULL, NULL, NULL, '2016-09-12 15:56:45', '2016-09-12 15:56:45', '93045c78-6d49-443b-8eac-b611108b8d81'),
 ('80', '104', 'en_gb', '38 A2246', NULL, NULL, NULL, NULL, NULL, NULL, '0', NULL, NULL, NULL, NULL, NULL, NULL, NULL, '2016-09-12 15:56:46', '2016-09-12 15:56:46', 'cd094593-5d24-4fb0-8f37-0841eade959c'),
 ('81', '105', 'en_gb', '38 A2262', NULL, NULL, NULL, NULL, NULL, NULL, '0', NULL, NULL, NULL, NULL, NULL, NULL, NULL, '2016-09-12 15:56:47', '2016-09-12 15:56:47', '6f5dab74-ff24-4838-9210-094e5757c4e9'),
 ('82', '106', 'en_gb', '38 A2288', NULL, NULL, NULL, NULL, NULL, NULL, '0', NULL, NULL, NULL, NULL, NULL, NULL, NULL, '2016-09-12 15:56:48', '2016-09-12 15:56:48', '249ba379-5121-4fa1-a9b1-9ba42362ebef'),
 ('83', '107', 'en_gb', '38 A2312', NULL, NULL, NULL, NULL, NULL, NULL, '0', NULL, NULL, NULL, NULL, NULL, NULL, NULL, '2016-09-12 15:56:49', '2016-09-12 15:56:49', '1c35d29f-689e-43a2-a682-60b55f1fc110'),
 ('84', '108', 'en_gb', '38 A2325', NULL, NULL, NULL, NULL, NULL, NULL, '0', NULL, NULL, NULL, NULL, NULL, NULL, NULL, '2016-09-12 15:56:50', '2016-09-12 15:56:50', '53447ce6-a340-4877-b714-86df2c8186f6'),
 ('85', '109', 'en_gb', '38 A2416', NULL, NULL, NULL, NULL, NULL, NULL, '0', NULL, NULL, NULL, NULL, NULL, NULL, NULL, '2016-09-12 15:56:52', '2016-09-12 15:56:52', 'e4f47af2-8c5d-4308-8eb6-c76e1b61ad41'),
 ('86', '110', 'en_gb', '38 A2522', NULL, NULL, NULL, NULL, NULL, NULL, '0', NULL, NULL, NULL, NULL, NULL, NULL, NULL, '2016-09-12 15:56:53', '2016-09-12 15:56:53', '9252ae41-b979-4223-b4be-6176e7690b13'),
 ('87', '111', 'en_gb', '38 A2562', NULL, NULL, NULL, NULL, NULL, NULL, '0', NULL, NULL, NULL, NULL, NULL, NULL, NULL, '2016-09-12 15:56:55', '2016-09-12 15:56:55', '623a3156-df84-47d8-84cf-1fa81ee26ad8'),
 ('88', '112', 'en_gb', '38 A2595', NULL, NULL, NULL, NULL, NULL, NULL, '0', NULL, NULL, NULL, NULL, NULL, NULL, NULL, '2016-09-12 15:56:56', '2016-09-12 15:56:56', '871ec60f-eca3-4c3b-92c3-f6dd4741c612'),
 ('89', '113', 'en_gb', '38 A2662', NULL, NULL, NULL, NULL, NULL, NULL, '0', NULL, NULL, NULL, NULL, NULL, NULL, NULL, '2016-09-12 15:56:57', '2016-09-12 15:56:57', 'e2882ff8-64b3-4952-bff2-37538038b683'),
 ('90', '114', 'en_gb', '38 A2721', NULL, NULL, NULL, NULL, NULL, NULL, '0', NULL, NULL, NULL, NULL, NULL, NULL, NULL, '2016-09-12 15:56:58', '2016-09-12 15:56:58', 'acda4cca-e4a9-4ca5-a749-bd7cb048a5be'),
 ('91', '115', 'en_gb', 'Dsc7384', NULL, NULL, NULL, NULL, NULL, NULL, '0', NULL, NULL, NULL, NULL, NULL, NULL, NULL, '2016-09-12 15:57:00', '2016-09-12 15:57:00', '9fa3f916-0781-4767-aa10-99cb62fa9ee1'),
 ('92', '116', 'en_gb', 'Dsc7404', NULL, NULL, NULL, NULL, NULL, NULL, '0', NULL, NULL, NULL, NULL, NULL, NULL, NULL, '2016-09-12 15:57:01', '2016-09-12 15:57:01', 'c84294c1-f90c-448c-afd1-4150ce9c84a6'),
 ('93', '117', 'en_gb', 'Meeting Pod', '<p>Ea primis felis maecenas auctor neque enim pellentesque optio nostrud itaque occaecat semper! Habitant nam, hic, doloribus voluptatem venenatis, laboriosam ut pretium. Cum commodo, fuga ac. Semper? Aut, eget euismod.</p>\n\n<p>Imperdiet torquent cumque magnam. Convallis phasellus voluptates suscipit repudiandae delectus, numquam montes tempora, diam id placerat temporibus! Nec consequuntur sociis, aliquet sed. Exercitation lacinia, elementum sequi quisquam suspendisse, maecenas aenean.</p>\n\n\n\n<p>Morbi, eget fermentum? Semper. Eum massa doloribus placerat? Aliquip leo minima dolor! Natus quidem aspernatur error. Gravida? Ea curae totam? Diam malesuada lacinia sed. Volutpat accumsan. Quod aperiam ad veritatis.</p>', NULL, NULL, NULL, NULL, NULL, '0', NULL, NULL, NULL, NULL, 'large', NULL, 'orange', '2016-09-12 16:00:54', '2016-09-12 16:07:43', '5dbd1c0e-3dc1-4f36-b4f4-c9e136dc5c66'),
 ('94', '118', 'en_gb', 'Cafe', '<p>Totam platea, eius rem, odio quisque ipsa morbi risus lorem, optio, mus? Irure. Tellus, fuga, nemo, nonummy ducimus sodales ornare, integer mollitia perspiciatis! Culpa! Non tortor occaecat inventore modi, do.</p>\n\n<p>Massa cupidatat perferendis quos ullamco nostrum quaerat tempus maecenas dapibus nam nibh alias ipsa. Temporibus, perspiciatis wisi erat egestas id mus, rem fugiat ridiculus, aptent impedit. Repudiandae sagittis labore dictum.</p>\n\n<p>Non ornare soluta pulvinar! Facilisi pellentesque in semper veniam eligendi ultrices optio accusantium blandit quibusdam asperiores primis sapien. Blanditiis exercitationem. Placeat? Reiciendis in aliquam massa diam adipiscing pede tortor magnam.</p>', NULL, NULL, NULL, NULL, NULL, '0', NULL, NULL, NULL, NULL, 'small', NULL, NULL, '2016-09-12 16:03:01', '2016-09-12 16:03:01', 'f442f518-d3d4-43dd-9877-dd2b40d71c72'),
 ('95', '119', 'en_gb', 'Bikes', '<p>Totam platea, eius rem, odio quisque ipsa morbi risus lorem, optio, mus? Irure. Tellus, fuga, nemo, nonummy ducimus sodales ornare, integer mollitia perspiciatis! Culpa! Non tortor occaecat inventore modi, do.</p>\n\n<p>Massa cupidatat perferendis quos ullamco nostrum quaerat tempus maecenas dapibus nam nibh alias ipsa. Temporibus, perspiciatis wisi erat egestas id mus, rem fugiat ridiculus, aptent impedit. Repudiandae sagittis labore dictum.</p>\n\n<p>Non ornare soluta pulvinar! Facilisi pellentesque in semper veniam eligendi ultrices optio accusantium blandit quibusdam asperiores primis sapien. Blanditiis exercitationem. Placeat? Reiciendis in aliquam massa diam adipiscing pede tortor magnam.</p>', NULL, NULL, NULL, NULL, NULL, '0', NULL, NULL, NULL, NULL, 'icon', NULL, 'orange', '2016-09-12 16:04:43', '2016-09-12 16:04:43', '3b9a8e01-84d2-47f0-b2fb-2cd11293bbab'),
 ('96', '120', 'en_gb', 'Salon', '<p>Totam platea, eius rem, odio quisque ipsa morbi risus lorem, optio, mus? Irure. Tellus, fuga, nemo, nonummy ducimus sodales ornare, integer mollitia perspiciatis! Culpa! Non tortor occaecat inventore modi, do.</p>\n\n<p>Massa cupidatat perferendis quos ullamco nostrum quaerat tempus maecenas dapibus nam nibh alias ipsa. Temporibus, perspiciatis wisi erat egestas id mus, rem fugiat ridiculus, aptent impedit. Repudiandae sagittis labore dictum.</p>\n\n\n\n\n\n<p>Non ornare soluta pulvinar! Facilisi pellentesque in semper veniam eligendi ultrices optio accusantium blandit quibusdam asperiores primis sapien. Blanditiis exercitationem. Placeat? Reiciendis in aliquam massa diam adipiscing pede tortor magnam.</p>', NULL, NULL, NULL, NULL, NULL, '0', NULL, NULL, NULL, NULL, 'icon', NULL, 'white', '2016-09-12 16:04:51', '2016-09-12 16:05:25', '662896c2-481c-4b0c-8c36-f6ecc56efac3'),
 ('97', '121', 'en_gb', 'Sports', '<p>Reprehenderit cupiditate sociis voluptates dicta magnam nesciunt orci vehicula laboris ducimus cursus, leo, etiam consectetur faucibus quod sapiente, veniam dignissim beatae excepturi ac saepe! Mollitia. Elementum nullam sunt soluta massa.</p>\n\n<p>Laboris, officiis consectetuer quisquam aliquip, architecto, placeat esse, sint mollitia torquent corporis, sint corrupti tincidunt aut labore hendrerit! Ante laoreet tincidunt saepe, dignissimos. Eaque? Integer ullamco sociosqu nullam magnis faucibus.</p>\n\n<p>Penatibus quisquam auctor, ullamcorper fringilla exercitation quisquam sociosqu, interdum aute erat dolor, egestas suscipit, consectetur non eleifend adipiscing? Eos mus, rem aptent itaque amet irure anim sociosqu, sapien fuga fuga.</p>', NULL, NULL, NULL, NULL, NULL, '0', NULL, NULL, NULL, NULL, 'small', NULL, 'orange', '2016-09-12 16:05:44', '2016-09-12 16:05:44', '73dc62c4-447c-46fb-a060-ed47dd0c298c'),
 ('98', '125', 'en_gb', 'Enim sociis quasi adipiscing ante euismod.', '<p>Dolores blanditiis quod ipsam quod facilisis vel unde platea vero dolorem sociis lorem, enim nulla sociosqu placeat maxime feugiat hac! Taciti occaecati anim venenatis magnis scelerisque, in, ultricies lorem lacinia, mus sagittis aliquet erat illo, maecenas, quasi? Lorem nullam repudiandae, quia tincidunt fuga vero quas? Rerum impedit laoreet, fugiat sint.</p>\n\n<p>Ad luctus adipiscing aliquid! Lacus, dolorem voluptas lacus, dolore vero reprehenderit, commodo dui ad, quod class facere fames parturient urna primis dignissim doloremque excepteur venenatis curabitur blandit, lorem, phasellus eu, proin cumque. In, maecenas blandit minus aliquam porro dapibus officiis wisi maxime eros malesuada minima. Tenetur nam laboris. Consequatur mi.</p>\n\n\n\n\n\n\n\n\n\n\n\n<p>Quisque reprehenderit sit illo aspernatur aperiam beatae labore diamlorem? Interdum nisl anim mollis eius, maecenas eiusmod magna ducimus, dignissim etiam convallis quis impedit! Facilisi? Amet quasi imperdiet purus sit pellentesque voluptatum et? Totam non tincidunt? Vel rem nostrud nostrud est. Dictum sodales, iste explicabo anim id anim parturient. Magni fuga.</p>', NULL, '', '', NULL, NULL, '0', NULL, NULL, '<p>Que vera quas sinvelluptat aut a doles ratium dusam nobiscitiore solupta dolupta tiatendae ipsunt faccusto volore mi, imol</p>', NULL, NULL, NULL, NULL, '2016-09-13 16:19:46', '2016-09-13 16:20:13', '158d8427-b6e7-4bde-83bc-6adabaf9a2df'),
 ('99', '126', 'en_gb', 'Quis hendrerit interdum animi eu cursus.', '<p>Dolores blanditiis quod ipsam quod facilisis vel unde platea vero dolorem sociis lorem, enim nulla sociosqu placeat maxime feugiat hac! Taciti occaecati anim venenatis magnis scelerisque, in, ultricies lorem lacinia, mus sagittis aliquet erat illo, maecenas, quasi? Lorem nullam repudiandae, quia tincidunt fuga vero quas? Rerum impedit laoreet, fugiat sint.</p>\n\n<p>Ad luctus adipiscing aliquid! Lacus, dolorem voluptas lacus, dolore vero reprehenderit, commodo dui ad, quod class facere fames parturient urna primis dignissim doloremque excepteur venenatis curabitur blandit, lorem, phasellus eu, proin cumque. In, maecenas blandit minus aliquam porro dapibus officiis wisi maxime eros malesuada minima. Tenetur nam laboris. Consequatur mi.</p>\n\n\n\n\n\n\n\n\n\n\n\n\n\n<p>Quisque reprehenderit sit illo aspernatur aperiam beatae labore diamlorem? Interdum nisl anim mollis eius, maecenas eiusmod magna ducimus, dignissim etiam convallis quis impedit! Facilisi? Amet quasi imperdiet purus sit pellentesque voluptatum et? Totam non tincidunt? Vel rem nostrud nostrud est. Dictum sodales, iste explicabo anim id anim parturient. Magni fuga.</p>', NULL, '', '', NULL, NULL, '0', NULL, NULL, '<p>Que vera quas sinvelluptat aut a doles ratium dusam nobiscitiore solupta dolupta tiatendae ipsunt faccusto volore mi, imol</p>', NULL, NULL, NULL, NULL, '2016-09-13 16:20:31', '2016-09-13 16:20:31', '0b249950-b044-4615-bfba-82a18802689a'),
 ('100', '127', 'en_gb', 'Diam anim et porta, laborum facilis.', '<p>Dolores blanditiis quod ipsam quod facilisis vel unde platea vero dolorem sociis lorem, enim nulla sociosqu placeat maxime feugiat hac! Taciti occaecati anim venenatis magnis scelerisque, in, ultricies lorem lacinia, mus sagittis aliquet erat illo, maecenas, quasi? Lorem nullam repudiandae, quia tincidunt fuga vero quas? Rerum impedit laoreet, fugiat sint.</p>\n\n<p>Ad luctus adipiscing aliquid! Lacus, dolorem voluptas lacus, dolore vero reprehenderit, commodo dui ad, quod class facere fames parturient urna primis dignissim doloremque excepteur venenatis curabitur blandit, lorem, phasellus eu, proin cumque. In, maecenas blandit minus aliquam porro dapibus officiis wisi maxime eros malesuada minima. Tenetur nam laboris. Consequatur mi.</p>\n\n\n\n\n\n\n\n\n\n\n\n\n\n\n\n<p>Quisque reprehenderit sit illo aspernatur aperiam beatae labore diamlorem? Interdum nisl anim mollis eius, maecenas eiusmod magna ducimus, dignissim etiam convallis quis impedit! Facilisi? Amet quasi imperdiet purus sit pellentesque voluptatum et? Totam non tincidunt? Vel rem nostrud nostrud est. Dictum sodales, iste explicabo anim id anim parturient. Magni fuga.</p>', NULL, '', '', NULL, NULL, '0', NULL, NULL, '<p>Que vera quas sinvelluptat aut a doles ratium dusam nobiscitiore solupta dolupta tiatendae ipsunt faccusto volore mi, imol</p>', NULL, NULL, NULL, NULL, '2016-09-13 16:20:47', '2016-09-13 16:20:47', '8734d1fd-1905-4b88-9054-3b16f0d89813'),
 ('101', '128', 'en_gb', 'Placerat, dignissim, sint sunt. Quisque elementum.', '<p>Dolores blanditiis quod ipsam quod facilisis vel unde platea vero dolorem sociis lorem, enim nulla sociosqu placeat maxime feugiat hac! Taciti occaecati anim venenatis magnis scelerisque, in, ultricies lorem lacinia, mus sagittis aliquet erat illo, maecenas, quasi? Lorem nullam repudiandae, quia tincidunt fuga vero quas? Rerum impedit laoreet, fugiat sint.</p>\n\n<p>Ad luctus adipiscing aliquid! Lacus, dolorem voluptas lacus, dolore vero reprehenderit, commodo dui ad, quod class facere fames parturient urna primis dignissim doloremque excepteur venenatis curabitur blandit, lorem, phasellus eu, proin cumque. In, maecenas blandit minus aliquam porro dapibus officiis wisi maxime eros malesuada minima. Tenetur nam laboris. Consequatur mi.</p>\n\n\n\n<p>Quisque reprehenderit sit illo aspernatur aperiam beatae labore diamlorem? Interdum nisl anim mollis eius, maecenas eiusmod magna ducimus, dignissim etiam convallis quis impedit! Facilisi? Amet quasi imperdiet purus sit pellentesque voluptatum et? Totam non tincidunt? Vel rem nostrud nostrud est. Dictum sodales, iste explicabo anim id anim parturient. Magni fuga.</p>', NULL, '', '', NULL, NULL, '0', NULL, NULL, '<p>Que vera quas sinvelluptat aut a doles ratium dusam nobiscitiore solupta dolupta tiatendae ipsunt faccusto volore mi, imol</p>', NULL, NULL, NULL, NULL, '2016-09-13 16:21:34', '2016-09-13 16:21:34', 'c89a7a47-3cbe-43cd-af93-04ebd1cb983b'),
 ('102', '129', 'en_gb', 'Et litora dictumst urna platea optio.', '<p>Dolores blanditiis quod ipsam quod facilisis vel unde platea vero dolorem sociis lorem, enim nulla sociosqu placeat maxime feugiat hac! Taciti occaecati anim venenatis magnis scelerisque, in, ultricies lorem lacinia, mus sagittis aliquet erat illo, maecenas, quasi? Lorem nullam repudiandae, quia tincidunt fuga vero quas? Rerum impedit laoreet, fugiat sint.</p>\n\n<p>Ad luctus adipiscing aliquid! Lacus, dolorem voluptas lacus, dolore vero reprehenderit, commodo dui ad, quod class facere fames parturient urna primis dignissim doloremque excepteur venenatis curabitur blandit, lorem, phasellus eu, proin cumque. In, maecenas blandit minus aliquam porro dapibus officiis wisi maxime eros malesuada minima. Tenetur nam laboris. Consequatur mi.</p>\n\n\n\n\n\n<p>Quisque reprehenderit sit illo aspernatur aperiam beatae labore diamlorem? Interdum nisl anim mollis eius, maecenas eiusmod magna ducimus, dignissim etiam convallis quis impedit! Facilisi? Amet quasi imperdiet purus sit pellentesque voluptatum et? Totam non tincidunt? Vel rem nostrud nostrud est. Dictum sodales, iste explicabo anim id anim parturient. Magni fuga.</p>', NULL, '', '', NULL, NULL, '0', NULL, NULL, '<p>Que vera quas sinvelluptat aut a doles ratium dusam nobiscitiore solupta dolupta tiatendae ipsunt faccusto volore mi, imol</p>', NULL, NULL, NULL, NULL, '2016-09-13 16:21:43', '2016-09-13 16:21:43', '26398e06-8a8f-44e0-b639-77637b6e1a3e'),
 ('103', '130', 'en_gb', 'Habitasse occaecati nobis voluptate, et dolor.', '<p>Dolores blanditiis quod ipsam quod facilisis vel unde platea vero dolorem sociis lorem, enim nulla sociosqu placeat maxime feugiat hac! Taciti occaecati anim venenatis magnis scelerisque, in, ultricies lorem lacinia, mus sagittis aliquet erat illo, maecenas, quasi? Lorem nullam repudiandae, quia tincidunt fuga vero quas? Rerum impedit laoreet, fugiat sint.</p>\n\n<p>Ad luctus adipiscing aliquid! Lacus, dolorem voluptas lacus, dolore vero reprehenderit, commodo dui ad, quod class facere fames parturient urna primis dignissim doloremque excepteur venenatis curabitur blandit, lorem, phasellus eu, proin cumque. In, maecenas blandit minus aliquam porro dapibus officiis wisi maxime eros malesuada minima. Tenetur nam laboris. Consequatur mi.</p>\n\n\n\n\n\n\n\n<p>Quisque reprehenderit sit illo aspernatur aperiam beatae labore diamlorem? Interdum nisl anim mollis eius, maecenas eiusmod magna ducimus, dignissim etiam convallis quis impedit! Facilisi? Amet quasi imperdiet purus sit pellentesque voluptatum et? Totam non tincidunt? Vel rem nostrud nostrud est. Dictum sodales, iste explicabo anim id anim parturient. Magni fuga.</p>', NULL, '', '', NULL, NULL, '0', NULL, NULL, '', NULL, NULL, NULL, NULL, '2016-09-13 16:21:58', '2016-09-13 16:21:58', '30a3fb53-5c59-4b5e-9198-3701bd7e85a1');
INSERT INTO `craft_content` (`id`, `elementId`, `locale`, `title`, `field_body`, `field_text`, `field_metaTitle`, `field_metaDescription`, `field_textBlock`, `field_description`, `field_buildingStatus`, `field_buildingMeta`, `field_preview`, `field_previewText`, `field_eventDate`, `field_size`, `field_sectionBody`, `field_style`, `dateCreated`, `dateUpdated`, `uid`) VALUES
 ('104', '131', 'en_gb', 'Hic maxime possimus magnam faucibus blandit.', '<p>Dolores blanditiis quod ipsam quod facilisis vel unde platea vero dolorem sociis lorem, enim nulla sociosqu placeat maxime feugiat hac! Taciti occaecati anim venenatis magnis scelerisque, in, ultricies lorem lacinia, mus sagittis aliquet erat illo, maecenas, quasi? Lorem nullam repudiandae, quia tincidunt fuga vero quas? Rerum impedit laoreet, fugiat sint.</p>\n\n<p>Ad luctus adipiscing aliquid! Lacus, dolorem voluptas lacus, dolore vero reprehenderit, commodo dui ad, quod class facere fames parturient urna primis dignissim doloremque excepteur venenatis curabitur blandit, lorem, phasellus eu, proin cumque. In, maecenas blandit minus aliquam porro dapibus officiis wisi maxime eros malesuada minima. Tenetur nam laboris. Consequatur mi.</p>\n\n\n\n\n\n\n\n\n\n<p>Quisque reprehenderit sit illo aspernatur aperiam beatae labore diamlorem? Interdum nisl anim mollis eius, maecenas eiusmod magna ducimus, dignissim etiam convallis quis impedit! Facilisi? Amet quasi imperdiet purus sit pellentesque voluptatum et? Totam non tincidunt? Vel rem nostrud nostrud est. Dictum sodales, iste explicabo anim id anim parturient. Magni fuga.</p>', NULL, '', '', NULL, NULL, '0', NULL, NULL, '', NULL, NULL, NULL, NULL, '2016-09-13 16:22:25', '2016-09-13 16:22:25', '374a1513-245f-4efc-94bf-fa8551373410'),
 ('105', '132', 'en_gb', 'Tempus litora aliquid litora sit hymenaeos.', '<p>Dolores blanditiis quod ipsam quod facilisis vel unde platea vero dolorem sociis lorem, enim nulla sociosqu placeat maxime feugiat hac! Taciti occaecati anim venenatis magnis scelerisque, in, ultricies lorem lacinia, mus sagittis aliquet erat illo, maecenas, quasi? Lorem nullam repudiandae, quia tincidunt fuga vero quas? Rerum impedit laoreet, fugiat sint.</p>\n\n<p>Ad luctus adipiscing aliquid! Lacus, dolorem voluptas lacus, dolore vero reprehenderit, commodo dui ad, quod class facere fames parturient urna primis dignissim doloremque excepteur venenatis curabitur blandit, lorem, phasellus eu, proin cumque. In, maecenas blandit minus aliquam porro dapibus officiis wisi maxime eros malesuada minima. Tenetur nam laboris. Consequatur mi.</p>\n\n\n\n\n\n\n\n\n\n\n\n<p>Quisque reprehenderit sit illo aspernatur aperiam beatae labore diamlorem? Interdum nisl anim mollis eius, maecenas eiusmod magna ducimus, dignissim etiam convallis quis impedit! Facilisi? Amet quasi imperdiet purus sit pellentesque voluptatum et? Totam non tincidunt? Vel rem nostrud nostrud est. Dictum sodales, iste explicabo anim id anim parturient. Magni fuga.</p>', NULL, '', '', NULL, NULL, '0', NULL, NULL, '', NULL, NULL, NULL, NULL, '2016-09-13 16:22:34', '2016-09-13 16:22:34', 'cc370dca-4b2a-4adc-8dc1-5cdcec26b16a'),
 ('106', '133', 'en_gb', 'Quas! A cupiditate iure proident bibendum.', '<p>Dolores blanditiis quod ipsam quod facilisis vel unde platea vero dolorem sociis lorem, enim nulla sociosqu placeat maxime feugiat hac! Taciti occaecati anim venenatis magnis scelerisque, in, ultricies lorem lacinia, mus sagittis aliquet erat illo, maecenas, quasi? Lorem nullam repudiandae, quia tincidunt fuga vero quas? Rerum impedit laoreet, fugiat sint.</p>\n\n<p>Ad luctus adipiscing aliquid! Lacus, dolorem voluptas lacus, dolore vero reprehenderit, commodo dui ad, quod class facere fames parturient urna primis dignissim doloremque excepteur venenatis curabitur blandit, lorem, phasellus eu, proin cumque. In, maecenas blandit minus aliquam porro dapibus officiis wisi maxime eros malesuada minima. Tenetur nam laboris. Consequatur mi.</p>\n\n\n\n\n\n\n\n\n\n\n\n\n\n<p>Quisque reprehenderit sit illo aspernatur aperiam beatae labore diamlorem? Interdum nisl anim mollis eius, maecenas eiusmod magna ducimus, dignissim etiam convallis quis impedit! Facilisi? Amet quasi imperdiet purus sit pellentesque voluptatum et? Totam non tincidunt? Vel rem nostrud nostrud est. Dictum sodales, iste explicabo anim id anim parturient. Magni fuga.</p>', NULL, '', '', NULL, NULL, '0', NULL, NULL, '', NULL, NULL, NULL, NULL, '2016-09-13 16:22:45', '2016-09-13 16:22:45', 'f4643b93-0ff6-496d-ab29-e8f1b723c0d4'),
 ('107', '134', 'en_gb', 'Fugit volutpat hendrerit doloribus similique fuga.', '<p>Dolores blanditiis quod ipsam quod facilisis vel unde platea vero dolorem sociis lorem, enim nulla sociosqu placeat maxime feugiat hac! Taciti occaecati anim venenatis magnis scelerisque, in, ultricies lorem lacinia, mus sagittis aliquet erat illo, maecenas, quasi? Lorem nullam repudiandae, quia tincidunt fuga vero quas? Rerum impedit laoreet, fugiat sint.</p>\n\n<p>Ad luctus adipiscing aliquid! Lacus, dolorem voluptas lacus, dolore vero reprehenderit, commodo dui ad, quod class facere fames parturient urna primis dignissim doloremque excepteur venenatis curabitur blandit, lorem, phasellus eu, proin cumque. In, maecenas blandit minus aliquam porro dapibus officiis wisi maxime eros malesuada minima. Tenetur nam laboris. Consequatur mi.</p>\n\n\n\n\n\n\n\n\n\n\n\n\n\n\n\n<p>Quisque reprehenderit sit illo aspernatur aperiam beatae labore diamlorem? Interdum nisl anim mollis eius, maecenas eiusmod magna ducimus, dignissim etiam convallis quis impedit! Facilisi? Amet quasi imperdiet purus sit pellentesque voluptatum et? Totam non tincidunt? Vel rem nostrud nostrud est. Dictum sodales, iste explicabo anim id anim parturient. Magni fuga.</p>', NULL, '', '', NULL, NULL, '0', NULL, NULL, '', NULL, NULL, NULL, NULL, '2016-09-13 16:23:13', '2016-09-13 16:23:13', 'f2657f65-b893-4edf-92aa-f1fbfd73e6d2'),
 ('108', '135', 'en_gb', 'Laoreet minus atque, aliqua dapibus sagittis.', '<p>Dolores blanditiis quod ipsam quod facilisis vel unde platea vero dolorem sociis lorem, enim nulla sociosqu placeat maxime feugiat hac! Taciti occaecati anim venenatis magnis scelerisque, in, ultricies lorem lacinia, mus sagittis aliquet erat illo, maecenas, quasi? Lorem nullam repudiandae, quia tincidunt fuga vero quas? Rerum impedit laoreet, fugiat sint.</p>\n\n<p>Ad luctus adipiscing aliquid! Lacus, dolorem voluptas lacus, dolore vero reprehenderit, commodo dui ad, quod class facere fames parturient urna primis dignissim doloremque excepteur venenatis curabitur blandit, lorem, phasellus eu, proin cumque. In, maecenas blandit minus aliquam porro dapibus officiis wisi maxime eros malesuada minima. Tenetur nam laboris. Consequatur mi.</p>\n\n\n\n\n\n\n\n\n\n\n\n\n\n\n\n\n\n<p>Quisque reprehenderit sit illo aspernatur aperiam beatae labore diamlorem? Interdum nisl anim mollis eius, maecenas eiusmod magna ducimus, dignissim etiam convallis quis impedit! Facilisi? Amet quasi imperdiet purus sit pellentesque voluptatum et? Totam non tincidunt? Vel rem nostrud nostrud est. Dictum sodales, iste explicabo anim id anim parturient. Magni fuga.</p>', NULL, '', '', NULL, NULL, '0', NULL, NULL, '', NULL, NULL, NULL, NULL, '2016-09-13 16:24:00', '2016-09-13 16:24:00', '80972bfd-ec14-4859-8a97-afe671fcbb9f'),
 ('109', '136', 'en_gb', 'Etiam occaecat! Dolor debitis bibendum numquam.', '<p>Mi repudiandae distinctio fusce nostrum irure molestiae? Mollitia illum fugit maiores scelerisque eveniet! Quasi netus mi dicta iste hac, ducimus parturient cursus quasi! Varius? Proin faucibus molestiae malesuada ultricies ea atque massa. Iste totam quos assumenda, ducimus montes ullamco lorem nisl repudiandae! Orci taciti diam ipsum eget alias, deleniti, commodi.</p>\n\n<p>Facere interdum purus fugiat, pellentesque taciti litora dis, corrupti. Veniam ridiculus quisque ornare provident veritatis nec? Aliquid natus. Ducimus conubia et! Itaque sem malesuada sed tellus? Exercitationem dapibus ac tellus accusamus laboris quod, natus a! Pariatur. Qui iure voluptatibus habitasse, magnis cupiditate? Taciti, dolores culpa. Etiam ante doloremque rerum diam.</p>\n\n\n\n\n\n<p>Montes officiis venenatis dolorem pellentesque rem ac faucibus ligula corrupti nesciunt augue! Magna molestiae, labore delectus minima omnis interdum debitis deserunt fusce, montes consequuntur curae purus tempore, sem pretium libero accusamus. Torquent, sollicitudin pulvinar beatae porttitor explicabo mollitia mus, minus montes est nostrud eius dictum. Porta magnis per aptent, elementum.</p>\n\n\n\n\n\n<p>Provident, possimus vel, recusandae euismod numquam, pellentesque purus aliquet ut explicabo possimus, eaque cupiditate exercitation. Tempor, hendrerit totam tempore numquam, laoreet aut eos! Deleniti! Maiores quam, velit pede? Voluptate atque, pretium diamlorem! Viverra adipisci ullamco imperdiet, aute consectetuer mus vero error pede, lacinia aut! Adipisicing nulla? Laborum saepe itaque morbi.</p>\n\n\n\n\n\n<p>Minima consequuntur cupidatat omnis integer nostrum neque eu? Hymenaeos accusamus cupiditate incididunt aliquip quaerat diamlorem mollitia autem cupidatat? Senectus autem mauris incididunt eu aperiam ut mollitia, laudantium neque, eius vel rerum duis explicabo mi laboriosam inceptos congue adipiscing viverra, soluta, facilisis rerum, magna consequat imperdiet nunc ornare tempor! Cumque libero.</p>', NULL, '', '', NULL, NULL, '0', NULL, NULL, '<p>Ultrices nostrud facilisis, incidunt, proident corrupti urna, illo, tellus adipiscing proident minus feugiat atque exercitation magnam, hac unde pariatur accusamus. Soluta, dignissim architecto class, sociis consequatur taciti saepe? Dolor lacinia ridiculus aptent fringilla! Dignissim. Beatae commodo et sodales mollis, fringilla. Fugit purus beatae eiusmod elementum? Rutrum ex laudantium amet penatibus.</p>', '2016-09-14 06:30:00', NULL, NULL, NULL, '2016-09-13 16:31:02', '2016-09-13 16:31:02', 'b8d843a6-46c5-4315-85a9-11faf9a69d89'),
 ('110', '137', 'en_gb', 'Veniam dolor ab.', '<p>Mi repudiandae distinctio fusce nostrum irure molestiae? Mollitia illum fugit maiores scelerisque eveniet! Quasi netus mi dicta iste hac, ducimus parturient cursus quasi! Varius? Proin faucibus molestiae malesuada ultricies ea atque massa. Iste totam quos assumenda, ducimus montes ullamco lorem nisl repudiandae! Orci taciti diam ipsum eget alias, deleniti, commodi.</p>\n\n<p>Facere interdum purus fugiat, pellentesque taciti litora dis, corrupti. Veniam ridiculus quisque ornare provident veritatis nec? Aliquid natus. Ducimus conubia et! Itaque sem malesuada sed tellus? Exercitationem dapibus ac tellus accusamus laboris quod, natus a! Pariatur. Qui iure voluptatibus habitasse, magnis cupiditate? Taciti, dolores culpa. Etiam ante doloremque rerum diam.</p>\n\n\n\n\n\n\n\n<p>Montes officiis venenatis dolorem pellentesque rem ac faucibus ligula corrupti nesciunt augue! Magna molestiae, labore delectus minima omnis interdum debitis deserunt fusce, montes consequuntur curae purus tempore, sem pretium libero accusamus. Torquent, sollicitudin pulvinar beatae porttitor explicabo mollitia mus, minus montes est nostrud eius dictum. Porta magnis per aptent, elementum.</p>\n\n\n\n\n\n\n\n<p>Provident, possimus vel, recusandae euismod numquam, pellentesque purus aliquet ut explicabo possimus, eaque cupiditate exercitation. Tempor, hendrerit totam tempore numquam, laoreet aut eos! Deleniti! Maiores quam, velit pede? Voluptate atque, pretium diamlorem! Viverra adipisci ullamco imperdiet, aute consectetuer mus vero error pede, lacinia aut! Adipisicing nulla? Laborum saepe itaque morbi.</p>\n\n\n\n\n\n\n\n<p>Minima consequuntur cupidatat omnis integer nostrum neque eu? Hymenaeos accusamus cupiditate incididunt aliquip quaerat diamlorem mollitia autem cupidatat? Senectus autem mauris incididunt eu aperiam ut mollitia, laudantium neque, eius vel rerum duis explicabo mi laboriosam inceptos congue adipiscing viverra, soluta, facilisis rerum, magna consequat imperdiet nunc ornare tempor! Cumque libero.</p>', NULL, '', '', NULL, NULL, '0', NULL, NULL, '<p>Ultrices nostrud facilisis, incidunt, proident corrupti urna, illo, tellus adipiscing proident minus feugiat atque exercitation magnam, hac unde pariatur accusamus. Soluta, dignissim architecto class, sociis consequatur taciti saepe? Dolor lacinia ridiculus aptent fringilla! Dignissim. Beatae commodo et sodales mollis, fringilla. Fugit purus beatae eiusmod elementum? Rutrum ex laudantium amet penatibus.</p>', '2016-09-14 06:30:00', NULL, NULL, NULL, '2016-09-13 16:31:13', '2016-09-13 16:31:13', 'efc7c03f-497d-4bea-8974-9187478afb5b'),
 ('111', '138', 'en_gb', 'Risus aut veniam.', '<p>Mi repudiandae distinctio fusce nostrum irure molestiae? Mollitia illum fugit maiores scelerisque eveniet! Quasi netus mi dicta iste hac, ducimus parturient cursus quasi! Varius? Proin faucibus molestiae malesuada ultricies ea atque massa. Iste totam quos assumenda, ducimus montes ullamco lorem nisl repudiandae! Orci taciti diam ipsum eget alias, deleniti, commodi.</p>\n\n<p>Facere interdum purus fugiat, pellentesque taciti litora dis, corrupti. Veniam ridiculus quisque ornare provident veritatis nec? Aliquid natus. Ducimus conubia et! Itaque sem malesuada sed tellus? Exercitationem dapibus ac tellus accusamus laboris quod, natus a! Pariatur. Qui iure voluptatibus habitasse, magnis cupiditate? Taciti, dolores culpa. Etiam ante doloremque rerum diam.</p>\n\n\n\n\n\n\n\n\n\n<p>Montes officiis venenatis dolorem pellentesque rem ac faucibus ligula corrupti nesciunt augue! Magna molestiae, labore delectus minima omnis interdum debitis deserunt fusce, montes consequuntur curae purus tempore, sem pretium libero accusamus. Torquent, sollicitudin pulvinar beatae porttitor explicabo mollitia mus, minus montes est nostrud eius dictum. Porta magnis per aptent, elementum.</p>\n\n\n\n\n\n\n\n\n\n<p>Provident, possimus vel, recusandae euismod numquam, pellentesque purus aliquet ut explicabo possimus, eaque cupiditate exercitation. Tempor, hendrerit totam tempore numquam, laoreet aut eos! Deleniti! Maiores quam, velit pede? Voluptate atque, pretium diamlorem! Viverra adipisci ullamco imperdiet, aute consectetuer mus vero error pede, lacinia aut! Adipisicing nulla? Laborum saepe itaque morbi.</p>\n\n\n\n\n\n\n\n\n\n<p>Minima consequuntur cupidatat omnis integer nostrum neque eu? Hymenaeos accusamus cupiditate incididunt aliquip quaerat diamlorem mollitia autem cupidatat? Senectus autem mauris incididunt eu aperiam ut mollitia, laudantium neque, eius vel rerum duis explicabo mi laboriosam inceptos congue adipiscing viverra, soluta, facilisis rerum, magna consequat imperdiet nunc ornare tempor! Cumque libero.</p>', NULL, '', '', NULL, NULL, '0', NULL, NULL, '<p>Ultrices nostrud facilisis, incidunt, proident corrupti urna, illo, tellus adipiscing proident minus feugiat atque exercitation magnam, hac unde pariatur accusamus. Soluta, dignissim architecto class, sociis consequatur taciti saepe? Dolor lacinia ridiculus aptent fringilla! Dignissim. Beatae commodo et sodales mollis, fringilla. Fugit purus beatae eiusmod elementum? Rutrum ex laudantium amet penatibus.</p>', '2016-09-14 06:30:00', NULL, NULL, NULL, '2016-09-13 16:31:29', '2016-09-13 16:31:29', 'b5b7aef1-5e93-460a-b28f-3acdc0ea395f'),
 ('112', '139', 'en_gb', 'Consectetur aliquid? Quisquam labore, culpa.', '<p>Mi repudiandae distinctio fusce nostrum irure molestiae? Mollitia illum fugit maiores scelerisque eveniet! Quasi netus mi dicta iste hac, ducimus parturient cursus quasi! Varius? Proin faucibus molestiae malesuada ultricies ea atque massa. Iste totam quos assumenda, ducimus montes ullamco lorem nisl repudiandae! Orci taciti diam ipsum eget alias, deleniti, commodi.</p>\n\n<p>Facere interdum purus fugiat, pellentesque taciti litora dis, corrupti. Veniam ridiculus quisque ornare provident veritatis nec? Aliquid natus. Ducimus conubia et! Itaque sem malesuada sed tellus? Exercitationem dapibus ac tellus accusamus laboris quod, natus a! Pariatur. Qui iure voluptatibus habitasse, magnis cupiditate? Taciti, dolores culpa. Etiam ante doloremque rerum diam.</p>\n\n\n\n\n\n\n\n\n\n\n\n<p>Montes officiis venenatis dolorem pellentesque rem ac faucibus ligula corrupti nesciunt augue! Magna molestiae, labore delectus minima omnis interdum debitis deserunt fusce, montes consequuntur curae purus tempore, sem pretium libero accusamus. Torquent, sollicitudin pulvinar beatae porttitor explicabo mollitia mus, minus montes est nostrud eius dictum. Porta magnis per aptent, elementum.</p>\n\n\n\n\n\n\n\n\n\n\n\n<p>Provident, possimus vel, recusandae euismod numquam, pellentesque purus aliquet ut explicabo possimus, eaque cupiditate exercitation. Tempor, hendrerit totam tempore numquam, laoreet aut eos! Deleniti! Maiores quam, velit pede? Voluptate atque, pretium diamlorem! Viverra adipisci ullamco imperdiet, aute consectetuer mus vero error pede, lacinia aut! Adipisicing nulla? Laborum saepe itaque morbi.</p>\n\n\n\n\n\n\n\n\n\n\n\n<p>Minima consequuntur cupidatat omnis integer nostrum neque eu? Hymenaeos accusamus cupiditate incididunt aliquip quaerat diamlorem mollitia autem cupidatat? Senectus autem mauris incididunt eu aperiam ut mollitia, laudantium neque, eius vel rerum duis explicabo mi laboriosam inceptos congue adipiscing viverra, soluta, facilisis rerum, magna consequat imperdiet nunc ornare tempor! Cumque libero.</p>', NULL, '', '', NULL, NULL, '0', NULL, NULL, '<p>Ultrices nostrud facilisis, incidunt, proident corrupti urna, illo, tellus adipiscing proident minus feugiat atque exercitation magnam, hac unde pariatur accusamus. Soluta, dignissim architecto class, sociis consequatur taciti saepe? Dolor lacinia ridiculus aptent fringilla! Dignissim. Beatae commodo et sodales mollis, fringilla. Fugit purus beatae eiusmod elementum? Rutrum ex laudantium amet penatibus.</p>', '2016-09-14 06:30:00', NULL, NULL, NULL, '2016-09-13 16:31:39', '2016-09-13 16:31:39', '438be606-ece4-45d4-9998-3e98895a2bf4'),
 ('113', '140', 'en_gb', 'Faucibus porro dictumst, vero! Laborum.', '<p>Mi repudiandae distinctio fusce nostrum irure molestiae? Mollitia illum fugit maiores scelerisque eveniet! Quasi netus mi dicta iste hac, ducimus parturient cursus quasi! Varius? Proin faucibus molestiae malesuada ultricies ea atque massa. Iste totam quos assumenda, ducimus montes ullamco lorem nisl repudiandae! Orci taciti diam ipsum eget alias, deleniti, commodi.</p>\n\n<p>Facere interdum purus fugiat, pellentesque taciti litora dis, corrupti. Veniam ridiculus quisque ornare provident veritatis nec? Aliquid natus. Ducimus conubia et! Itaque sem malesuada sed tellus? Exercitationem dapibus ac tellus accusamus laboris quod, natus a! Pariatur. Qui iure voluptatibus habitasse, magnis cupiditate? Taciti, dolores culpa. Etiam ante doloremque rerum diam.</p>\n\n\n\n\n\n\n\n\n\n\n\n\n\n<p>Montes officiis venenatis dolorem pellentesque rem ac faucibus ligula corrupti nesciunt augue! Magna molestiae, labore delectus minima omnis interdum debitis deserunt fusce, montes consequuntur curae purus tempore, sem pretium libero accusamus. Torquent, sollicitudin pulvinar beatae porttitor explicabo mollitia mus, minus montes est nostrud eius dictum. Porta magnis per aptent, elementum.</p>\n\n\n\n\n\n\n\n\n\n\n\n\n\n<p>Provident, possimus vel, recusandae euismod numquam, pellentesque purus aliquet ut explicabo possimus, eaque cupiditate exercitation. Tempor, hendrerit totam tempore numquam, laoreet aut eos! Deleniti! Maiores quam, velit pede? Voluptate atque, pretium diamlorem! Viverra adipisci ullamco imperdiet, aute consectetuer mus vero error pede, lacinia aut! Adipisicing nulla? Laborum saepe itaque morbi.</p>\n\n\n\n\n\n\n\n\n\n\n\n\n\n<p>Minima consequuntur cupidatat omnis integer nostrum neque eu? Hymenaeos accusamus cupiditate incididunt aliquip quaerat diamlorem mollitia autem cupidatat? Senectus autem mauris incididunt eu aperiam ut mollitia, laudantium neque, eius vel rerum duis explicabo mi laboriosam inceptos congue adipiscing viverra, soluta, facilisis rerum, magna consequat imperdiet nunc ornare tempor! Cumque libero.</p>', NULL, '', '', NULL, NULL, '0', NULL, NULL, '<p>Ultrices nostrud facilisis, incidunt, proident corrupti urna, illo, tellus adipiscing proident minus feugiat atque exercitation magnam, hac unde pariatur accusamus. Soluta, dignissim architecto class, sociis consequatur taciti saepe? Dolor lacinia ridiculus aptent fringilla! Dignissim. Beatae commodo et sodales mollis, fringilla. Fugit purus beatae eiusmod elementum? Rutrum ex laudantium amet penatibus.</p>', '2016-09-14 06:30:00', NULL, NULL, NULL, '2016-09-13 16:31:51', '2016-09-13 16:31:51', 'f581ffb4-a8c8-43d1-992a-28323a1c8643'),
 ('114', '141', 'en_gb', 'Officia aliquet mattis leo aute.', '<p>Mi repudiandae distinctio fusce nostrum irure molestiae? Mollitia illum fugit maiores scelerisque eveniet! Quasi netus mi dicta iste hac, ducimus parturient cursus quasi! Varius? Proin faucibus molestiae malesuada ultricies ea atque massa. Iste totam quos assumenda, ducimus montes ullamco lorem nisl repudiandae! Orci taciti diam ipsum eget alias, deleniti, commodi.</p>\n\n<p>Facere interdum purus fugiat, pellentesque taciti litora dis, corrupti. Veniam ridiculus quisque ornare provident veritatis nec? Aliquid natus. Ducimus conubia et! Itaque sem malesuada sed tellus? Exercitationem dapibus ac tellus accusamus laboris quod, natus a! Pariatur. Qui iure voluptatibus habitasse, magnis cupiditate? Taciti, dolores culpa. Etiam ante doloremque rerum diam.</p>\n\n\n\n\n\n\n\n\n\n\n\n\n\n\n\n<p>Montes officiis venenatis dolorem pellentesque rem ac faucibus ligula corrupti nesciunt augue! Magna molestiae, labore delectus minima omnis interdum debitis deserunt fusce, montes consequuntur curae purus tempore, sem pretium libero accusamus. Torquent, sollicitudin pulvinar beatae porttitor explicabo mollitia mus, minus montes est nostrud eius dictum. Porta magnis per aptent, elementum.</p>\n\n\n\n\n\n\n\n\n\n\n\n\n\n\n\n<p>Provident, possimus vel, recusandae euismod numquam, pellentesque purus aliquet ut explicabo possimus, eaque cupiditate exercitation. Tempor, hendrerit totam tempore numquam, laoreet aut eos! Deleniti! Maiores quam, velit pede? Voluptate atque, pretium diamlorem! Viverra adipisci ullamco imperdiet, aute consectetuer mus vero error pede, lacinia aut! Adipisicing nulla? Laborum saepe itaque morbi.</p>\n\n\n\n\n\n\n\n\n\n\n\n\n\n\n\n<p>Minima consequuntur cupidatat omnis integer nostrum neque eu? Hymenaeos accusamus cupiditate incididunt aliquip quaerat diamlorem mollitia autem cupidatat? Senectus autem mauris incididunt eu aperiam ut mollitia, laudantium neque, eius vel rerum duis explicabo mi laboriosam inceptos congue adipiscing viverra, soluta, facilisis rerum, magna consequat imperdiet nunc ornare tempor! Cumque libero.</p>', NULL, '', '', NULL, NULL, '0', NULL, NULL, '<p>Ultrices nostrud facilisis, incidunt, proident corrupti urna, illo, tellus adipiscing proident minus feugiat atque exercitation magnam, hac unde pariatur accusamus. Soluta, dignissim architecto class, sociis consequatur taciti saepe? Dolor lacinia ridiculus aptent fringilla! Dignissim. Beatae commodo et sodales mollis, fringilla. Fugit purus beatae eiusmod elementum? Rutrum ex laudantium amet penatibus.</p>', '2016-09-14 06:30:00', NULL, NULL, NULL, '2016-09-13 16:32:00', '2016-09-13 16:32:00', 'ed4d86bd-e8e9-47d8-ae03-2a68f1eec725'),
 ('115', '142', 'en_gb', 'Aspernatur iste sequi ipsum nostra.', '<p>Mi repudiandae distinctio fusce nostrum irure molestiae? Mollitia illum fugit maiores scelerisque eveniet! Quasi netus mi dicta iste hac, ducimus parturient cursus quasi! Varius? Proin faucibus molestiae malesuada ultricies ea atque massa. Iste totam quos assumenda, ducimus montes ullamco lorem nisl repudiandae! Orci taciti diam ipsum eget alias, deleniti, commodi.</p>\n\n<p>Facere interdum purus fugiat, pellentesque taciti litora dis, corrupti. Veniam ridiculus quisque ornare provident veritatis nec? Aliquid natus. Ducimus conubia et! Itaque sem malesuada sed tellus? Exercitationem dapibus ac tellus accusamus laboris quod, natus a! Pariatur. Qui iure voluptatibus habitasse, magnis cupiditate? Taciti, dolores culpa. Etiam ante doloremque rerum diam.</p>\n\n\n\n\n\n\n\n\n\n\n\n\n\n\n\n\n\n<p>Montes officiis venenatis dolorem pellentesque rem ac faucibus ligula corrupti nesciunt augue! Magna molestiae, labore delectus minima omnis interdum debitis deserunt fusce, montes consequuntur curae purus tempore, sem pretium libero accusamus. Torquent, sollicitudin pulvinar beatae porttitor explicabo mollitia mus, minus montes est nostrud eius dictum. Porta magnis per aptent, elementum.</p>\n\n\n\n\n\n\n\n\n\n\n\n\n\n\n\n\n\n<p>Provident, possimus vel, recusandae euismod numquam, pellentesque purus aliquet ut explicabo possimus, eaque cupiditate exercitation. Tempor, hendrerit totam tempore numquam, laoreet aut eos! Deleniti! Maiores quam, velit pede? Voluptate atque, pretium diamlorem! Viverra adipisci ullamco imperdiet, aute consectetuer mus vero error pede, lacinia aut! Adipisicing nulla? Laborum saepe itaque morbi.</p>\n\n\n\n\n\n\n\n\n\n\n\n\n\n\n\n\n\n<p>Minima consequuntur cupidatat omnis integer nostrum neque eu? Hymenaeos accusamus cupiditate incididunt aliquip quaerat diamlorem mollitia autem cupidatat? Senectus autem mauris incididunt eu aperiam ut mollitia, laudantium neque, eius vel rerum duis explicabo mi laboriosam inceptos congue adipiscing viverra, soluta, facilisis rerum, magna consequat imperdiet nunc ornare tempor! Cumque libero.</p>', NULL, '', '', NULL, NULL, '0', NULL, NULL, '<p>Ultrices nostrud facilisis, incidunt, proident corrupti urna, illo, tellus adipiscing proident minus feugiat atque exercitation magnam, hac unde pariatur accusamus. Soluta, dignissim architecto class, sociis consequatur taciti saepe? Dolor lacinia ridiculus aptent fringilla! Dignissim. Beatae commodo et sodales mollis, fringilla. Fugit purus beatae eiusmod elementum? Rutrum ex laudantium amet penatibus.</p>', '2016-09-14 06:30:00', NULL, NULL, NULL, '2016-09-13 16:32:11', '2016-09-13 16:32:11', '8e779d61-ef60-4b26-bd04-d08f4516c1e1'),
 ('116', '143', 'en_gb', 'Bray Fox Smith', NULL, NULL, NULL, NULL, NULL, NULL, '0', NULL, NULL, NULL, NULL, NULL, NULL, NULL, '2016-09-13 16:48:31', '2016-09-13 22:55:00', 'b79b876e-f1ed-4233-9736-1053dbedc53a'),
 ('117', '147', 'en_gb', 'Stimpsons', NULL, NULL, NULL, NULL, NULL, NULL, '0', NULL, NULL, NULL, NULL, NULL, NULL, NULL, '2016-09-13 16:51:48', '2016-09-13 16:51:48', 'ba1af16c-bf9b-4773-968b-8a2a7719595f'),
 ('118', '148', 'en_gb', 'Stimpsons', NULL, NULL, NULL, NULL, NULL, NULL, '0', NULL, NULL, NULL, NULL, NULL, NULL, NULL, '2016-09-13 16:51:54', '2016-09-13 16:51:54', 'dc5dcc49-8966-46d4-b5d1-4fec7aedebb1'),
 ('119', '151', 'en_gb', 'Cbre', NULL, NULL, NULL, NULL, NULL, NULL, '0', NULL, NULL, NULL, NULL, NULL, NULL, NULL, '2016-09-13 16:52:43', '2016-09-13 16:52:43', '830a165b-2ba6-4899-a259-b733ff8cbc3b'),
 ('120', '152', 'en_gb', 'CBRE', NULL, NULL, NULL, NULL, NULL, NULL, '0', NULL, NULL, NULL, NULL, NULL, NULL, NULL, '2016-09-13 16:53:13', '2016-09-13 16:53:13', '8de31231-2120-467c-99e0-398a1c832029'),
 ('121', '156', 'en_gb', 'Sarina Staff', NULL, NULL, NULL, NULL, NULL, NULL, '0', NULL, NULL, NULL, NULL, NULL, NULL, NULL, '2016-09-13 16:54:14', '2016-09-13 16:55:33', '3bede7ac-a0e9-4418-be87-7c635f64d43d'),
 ('122', '159', 'en_gb', 'Sarah Shippey', NULL, NULL, NULL, NULL, NULL, NULL, '0', NULL, NULL, NULL, NULL, NULL, NULL, NULL, '2016-09-13 16:54:46', '2016-09-13 16:55:46', 'f064c95d-434e-4ea4-a69c-557f4546fd72');



DROP TABLE IF EXISTS `craft_deprecationerrors`;


--
-- Schema for table `craft_deprecationerrors`
--
CREATE TABLE `craft_deprecationerrors` (
  `id` int(11) NOT NULL AUTO_INCREMENT,
  `key` varchar(255) COLLATE utf8_unicode_ci NOT NULL,
  `fingerprint` varchar(255) COLLATE utf8_unicode_ci NOT NULL,
  `lastOccurrence` datetime NOT NULL,
  `file` varchar(255) COLLATE utf8_unicode_ci NOT NULL,
  `line` smallint(6) unsigned NOT NULL,
  `class` varchar(255) COLLATE utf8_unicode_ci DEFAULT NULL,
  `method` varchar(255) COLLATE utf8_unicode_ci DEFAULT NULL,
  `template` varchar(255) COLLATE utf8_unicode_ci DEFAULT NULL,
  `templateLine` smallint(6) unsigned DEFAULT NULL,
  `message` varchar(255) COLLATE utf8_unicode_ci DEFAULT NULL,
  `traces` text COLLATE utf8_unicode_ci,
  `dateCreated` datetime NOT NULL,
  `dateUpdated` datetime NOT NULL,
  `uid` char(36) COLLATE utf8_unicode_ci NOT NULL DEFAULT '0',
  PRIMARY KEY (`id`),
  UNIQUE KEY `craft_deprecationerrors_key_fingerprint_unq_idx` (`key`,`fingerprint`)
) ENGINE=InnoDB DEFAULT CHARSET=utf8 COLLATE=utf8_unicode_ci;

DROP TABLE IF EXISTS `craft_elementindexsettings`;


--
-- Schema for table `craft_elementindexsettings`
--
CREATE TABLE `craft_elementindexsettings` (
  `id` int(11) NOT NULL AUTO_INCREMENT,
  `type` varchar(150) COLLATE utf8_unicode_ci NOT NULL,
  `settings` text COLLATE utf8_unicode_ci,
  `dateCreated` datetime NOT NULL,
  `dateUpdated` datetime NOT NULL,
  `uid` char(36) COLLATE utf8_unicode_ci NOT NULL DEFAULT '0',
  PRIMARY KEY (`id`),
  UNIQUE KEY `craft_elementindexsettings_type_unq_idx` (`type`)
) ENGINE=InnoDB DEFAULT CHARSET=utf8 COLLATE=utf8_unicode_ci;

DROP TABLE IF EXISTS `craft_elements`;


--
-- Schema for table `craft_elements`
--
CREATE TABLE `craft_elements` (
  `id` int(11) NOT NULL AUTO_INCREMENT,
  `type` varchar(150) COLLATE utf8_unicode_ci NOT NULL,
  `enabled` tinyint(1) unsigned NOT NULL DEFAULT '1',
  `archived` tinyint(1) unsigned NOT NULL DEFAULT '0',
  `dateCreated` datetime NOT NULL,
  `dateUpdated` datetime NOT NULL,
  `uid` char(36) COLLATE utf8_unicode_ci NOT NULL DEFAULT '0',
  PRIMARY KEY (`id`),
  KEY `craft_elements_type_idx` (`type`),
  KEY `craft_elements_enabled_idx` (`enabled`),
  KEY `craft_elements_archived_dateCreated_idx` (`archived`,`dateCreated`)
) ENGINE=InnoDB AUTO_INCREMENT=165 DEFAULT CHARSET=utf8 COLLATE=utf8_unicode_ci;

--
-- Data for table `craft_elements`
--

INSERT INTO `craft_elements` (`id`, `type`, `enabled`, `archived`, `dateCreated`, `dateUpdated`, `uid`) VALUES
 ('1', 'User', '1', '0', '2016-09-06 16:45:28', '2016-09-06 16:45:28', 'a66bdef1-6242-4250-bd4a-4204492c4d79'),
 ('2', 'Entry', '1', '0', '2016-09-06 16:45:31', '2016-09-13 16:18:38', '6875b122-dc69-4ee1-b9a3-64ce770f525c'),
 ('4', 'GlobalSet', '1', '0', '2016-09-06 16:58:23', '2016-09-06 16:58:23', '4306ad2e-b50b-4c7b-97eb-8dd127ea4b71'),
 ('5', 'GlobalSet', '1', '0', '2016-09-06 16:59:55', '2016-09-06 16:59:55', '92be05f4-54d5-460a-998b-d23a53570f9f'),
 ('6', 'GlobalSet', '1', '0', '2016-09-06 17:01:25', '2016-09-13 16:19:31', '3271a45a-7b00-4a4d-867e-0647635ac79d'),
 ('7', 'GlobalSet', '1', '0', '2016-09-07 08:48:51', '2016-09-12 15:06:24', '6f48a9ae-708f-4502-8fd7-a0e26b578364'),
 ('8', 'GlobalSet', '1', '0', '2016-09-07 09:12:33', '2016-09-07 15:01:57', '4c75b67c-183f-4565-83d0-771cdfe37e16'),
 ('9', 'GlobalSet', '1', '0', '2016-09-07 09:16:26', '2016-09-13 22:57:36', 'b7992327-6029-4eeb-89a2-ea960d9174c2'),
 ('10', 'GlobalSet', '1', '0', '2016-09-07 09:19:39', '2016-09-12 15:33:40', '280fb07b-5b6f-49d5-a455-689f9fa73622'),
 ('11', 'GlobalSet', '1', '0', '2016-09-07 09:31:19', '2016-09-13 15:11:00', '87ed32c1-16d3-418e-b6af-bc77a35c5344'),
 ('12', 'GlobalSet', '1', '0', '2016-09-07 09:31:37', '2016-09-07 09:31:37', '0dc1c5c5-cb93-4496-a2f6-7ae821cf2531'),
 ('13', 'Entry', '1', '0', '2016-09-07 09:40:52', '2016-09-12 15:40:50', '7681ad63-b495-43b6-af62-93df564fb57f'),
 ('14', 'Entry', '1', '0', '2016-09-07 09:41:01', '2016-09-12 15:40:50', '0c9a5608-54d0-4d83-9493-e9b94a74c867'),
 ('15', 'Entry', '1', '0', '2016-09-07 09:41:06', '2016-09-12 15:40:51', '9488e4ef-c128-4af2-a482-40c68296ff04'),
 ('16', 'Entry', '1', '0', '2016-09-07 09:41:11', '2016-09-13 14:10:33', '72d88c23-f3a9-48ac-bdc3-8c574c7c8396'),
 ('17', 'Entry', '1', '0', '2016-09-07 09:41:17', '2016-09-13 16:00:28', '1f995261-799c-48ad-8b6f-8637856e62d1'),
 ('18', 'Entry', '1', '0', '2016-09-07 09:41:22', '2016-09-13 15:45:14', '6548e227-ab78-40a5-845b-e2e0e8501755'),
 ('19', 'Entry', '1', '0', '2016-09-07 09:41:28', '2016-09-13 16:56:27', 'b20ed32a-6d68-472a-9350-237ed648a6eb'),
 ('20', 'Entry', '1', '0', '2016-09-07 09:41:52', '2016-09-12 15:40:51', 'c04fe22b-16c6-423c-b691-e8959be05b57'),
 ('21', 'Entry', '1', '0', '2016-09-07 09:42:09', '2016-09-12 15:40:51', '13af57c0-d9a0-4f68-8504-080c4edb5990'),
 ('22', 'Entry', '1', '0', '2016-09-07 09:42:18', '2016-09-12 15:40:51', 'e69accf4-4e9e-430f-a290-74af3c5913ea'),
 ('23', 'Entry', '1', '0', '2016-09-07 09:42:37', '2016-09-12 15:40:51', 'cd114929-ef07-48e0-8fb8-fb162ed68393'),
 ('24', 'Entry', '1', '0', '2016-09-07 09:43:00', '2016-09-12 15:40:51', 'f9d327f0-258f-4ffe-80fd-0fa2ecb45248'),
 ('25', 'Entry', '1', '0', '2016-09-07 09:43:09', '2016-09-12 15:40:51', '29416c1e-f02b-4c55-b4c6-da18401848f5'),
 ('26', 'Entry', '1', '0', '2016-09-07 09:43:18', '2016-09-12 15:40:51', '8fbc623a-20f8-4ca1-a421-d462b9b9f502'),
 ('27', 'Entry', '1', '0', '2016-09-07 09:43:28', '2016-09-12 15:40:51', 'a01e06fe-efab-43e9-a9f5-c34822d3c025'),
 ('28', 'Entry', '1', '0', '2016-09-07 09:43:39', '2016-09-12 15:40:51', 'c9ad2647-4a39-4db2-b7b9-0930b462f429'),
 ('29', 'Entry', '1', '0', '2016-09-07 09:43:48', '2016-09-12 15:40:51', 'c2edb9b0-9bee-4e35-911f-7203052588cb'),
 ('30', 'Entry', '1', '0', '2016-09-07 09:44:06', '2016-09-12 15:40:51', '21efcac3-6807-4eed-8639-8e062b5848cd'),
 ('31', 'Entry', '1', '0', '2016-09-07 09:44:20', '2016-09-12 15:40:51', '48ad2508-2f27-4890-868b-f5b6cff65b1e'),
 ('32', 'Entry', '1', '0', '2016-09-07 09:44:35', '2016-09-12 15:40:51', '01ff9844-dd61-475a-8865-6675272874ef'),
 ('33', 'Entry', '1', '0', '2016-09-07 09:45:05', '2016-09-07 09:45:05', 'b3e4a896-4dd9-4562-8bf1-fbf0df80a5d4'),
 ('34', 'Entry', '1', '0', '2016-09-07 09:45:10', '2016-09-07 09:45:10', '5043de22-66ca-45f0-b46f-777af2d0656e'),
 ('35', 'Entry', '1', '0', '2016-09-07 09:45:16', '2016-09-07 09:45:16', '94cd1c87-dec4-45c7-969e-cdc833110caa'),
 ('36', 'Entry', '1', '0', '2016-09-07 09:45:25', '2016-09-07 09:45:25', 'b6c5aecf-dfd8-4273-a049-90a53f8937f2'),
 ('37', 'Entry', '1', '0', '2016-09-07 09:45:30', '2016-09-07 09:45:30', '3a94dd50-d7ab-42e3-b96f-ba6660108af7'),
 ('38', 'MatrixBlock', '1', '0', '2016-09-07 15:01:57', '2016-09-07 15:01:57', '43b3b026-b65e-4f38-8d6b-894a4eedd81b'),
 ('39', 'MatrixBlock', '1', '0', '2016-09-07 15:01:57', '2016-09-07 15:01:57', '31de4a8a-9292-4bf3-ae48-f9f9791e4e3b'),
 ('40', 'MatrixBlock', '1', '0', '2016-09-07 15:01:57', '2016-09-07 15:01:57', '61694da4-cea9-463b-94a7-ca87ed452e8e'),
 ('41', 'MatrixBlock', '1', '0', '2016-09-07 15:01:57', '2016-09-07 15:01:57', '9e9939ac-d5a4-4e8b-8ac4-90950be0776d'),
 ('42', 'MatrixBlock', '1', '0', '2016-09-07 15:01:57', '2016-09-07 15:01:57', '4854643c-2a68-4633-9e9c-b9bb2f50e14a'),
 ('43', 'MatrixBlock', '1', '0', '2016-09-07 15:01:57', '2016-09-07 15:01:57', '65d24ce0-af41-4cf9-9319-c679c726e9c4'),
 ('44', 'GlobalSet', '1', '0', '2016-09-07 15:05:59', '2016-09-07 15:06:16', 'bab8cdf0-706e-4fc1-ab37-75898b8ef878'),
 ('45', 'MatrixBlock', '1', '0', '2016-09-07 15:14:08', '2016-09-13 22:37:29', '3a823484-85a2-4e28-8090-2396e8c341fc'),
 ('46', 'SuperTable_Block', '1', '0', '2016-09-07 15:14:09', '2016-09-13 22:37:29', '3f2d920c-ab43-4b3f-b1a0-86a5c159cbfa'),
 ('47', 'SuperTable_Block', '1', '0', '2016-09-07 15:14:09', '2016-09-13 22:37:29', '6b6e6291-74a7-41d1-bd24-80abddd604a0'),
 ('48', 'MatrixBlock', '1', '0', '2016-09-07 15:14:09', '2016-09-13 22:37:29', '2b179de2-6afb-485b-928b-76aa1f410401'),
 ('49', 'SuperTable_Block', '1', '0', '2016-09-07 15:14:09', '2016-09-13 22:37:29', '86a73034-512c-4c09-8d87-21e6dc288bbd'),
 ('50', 'MatrixBlock', '1', '0', '2016-09-07 15:14:09', '2016-09-13 22:37:29', 'd49b3895-4c94-41d5-b3a5-a8d3e26b7ac0'),
 ('51', 'SuperTable_Block', '1', '0', '2016-09-07 15:16:24', '2016-09-13 22:37:29', '7bf002e0-985f-47b8-a5ae-38e44a2b318f'),
 ('54', 'Asset', '1', '0', '2016-09-07 16:20:50', '2016-09-09 10:07:15', 'b6c34924-7c87-43b6-82ee-f8cabeffe955'),
 ('55', 'Asset', '1', '0', '2016-09-07 16:20:50', '2016-09-09 10:07:15', '636b0050-d493-4a29-bf15-0d732b90df22'),
 ('56', 'Asset', '1', '0', '2016-09-07 16:20:51', '2016-09-09 10:07:15', '40d9fac5-162e-433b-969d-955466e217f4'),
 ('57', 'Category', '1', '0', '2016-09-09 09:39:32', '2016-09-09 09:39:32', '01aefc01-ba19-44f5-acc3-99c6d546b9e7'),
 ('58', 'Category', '1', '0', '2016-09-09 09:39:43', '2016-09-09 09:39:43', 'fed65667-b937-4daa-8d8f-65e223229486'),
 ('59', 'Asset', '1', '0', '2016-09-09 10:19:17', '2016-09-09 10:19:17', '6e2fa579-bfd6-40f7-93a1-246b000f8c9f'),
 ('60', 'Entry', '1', '0', '2016-09-09 11:15:01', '2016-09-09 15:39:37', '8a23fd35-09e0-4830-8f47-049a41883bb6'),
 ('61', 'MatrixBlock', '1', '0', '2016-09-09 11:18:28', '2016-09-09 15:39:37', '81e46b14-c8b9-4bb4-9e8a-44b21ec52b1f'),
 ('62', 'Asset', '1', '0', '2016-09-09 13:28:14', '2016-09-09 13:28:14', '456fe81d-f643-4e30-b0c1-60b16dafdfb2'),
 ('63', 'SuperTable_Block', '1', '0', '2016-09-09 13:29:54', '2016-09-09 15:39:37', '09a2e43f-a6e2-4b02-83b8-3d1f75f4bf02'),
 ('64', 'SuperTable_Block', '1', '0', '2016-09-09 13:29:54', '2016-09-09 15:39:37', '609ca972-d135-4efe-90e8-5a0cedda4e9b'),
 ('65', 'SuperTable_Block', '1', '0', '2016-09-09 13:29:54', '2016-09-09 15:39:37', '20da06e9-df1b-46f0-b07a-a2d7a454fce0'),
 ('66', 'Asset', '1', '0', '2016-09-09 14:35:49', '2016-09-09 14:35:49', '394fbdf4-7a5d-415a-bb5a-04916ce9b8ca'),
 ('67', 'MatrixBlock', '1', '0', '2016-09-09 14:36:00', '2016-09-09 15:39:37', '9b96a3c8-e85d-4557-979c-a426c5902644'),
 ('68', 'SuperTable_Block', '1', '0', '2016-09-09 14:36:00', '2016-09-09 15:39:37', 'b8c73058-74b4-40d4-83bf-1e5e62f7fbdb'),
 ('69', 'Asset', '1', '0', '2016-09-09 15:39:02', '2016-09-12 15:52:11', '125e6b86-9acf-4af4-9ac5-79ca97e0bc30'),
 ('70', 'Asset', '1', '0', '2016-09-09 15:39:03', '2016-09-09 15:39:03', 'd98b9cb4-9871-40af-9421-92840a686262'),
 ('71', 'MatrixBlock', '1', '0', '2016-09-09 15:39:37', '2016-09-09 15:39:37', '4cffd8b7-183e-4b3a-a6a5-746b5b434261'),
 ('72', 'Asset', '1', '0', '2016-09-12 14:16:35', '2016-09-12 14:16:35', '54edaa5e-cd58-45db-a139-553ee24e7d84'),
 ('73', 'Asset', '1', '0', '2016-09-12 14:16:36', '2016-09-12 14:16:36', '1fb583fe-3bfd-4727-932f-cad1a3fa948d'),
 ('74', 'Asset', '1', '0', '2016-09-12 14:16:36', '2016-09-12 14:16:36', '2243ea78-d271-41cd-ae95-c5e1e27f39a3'),
 ('75', 'Asset', '1', '0', '2016-09-12 14:16:37', '2016-09-12 14:16:37', '3d47d096-948e-4396-a4c3-a6a531ad1d95'),
 ('76', 'Entry', '1', '0', '2016-09-12 14:16:53', '2016-09-12 14:16:53', '8814d107-b9a3-43c1-91f4-0e012683569f'),
 ('77', 'Entry', '1', '0', '2016-09-12 14:17:04', '2016-09-12 14:17:28', '0db0c4b2-40ae-40b4-8fbc-7f23f35a924b'),
 ('78', 'Entry', '1', '0', '2016-09-12 14:22:26', '2016-09-12 14:22:36', '25f57c0b-331b-4499-9d3c-ed729a34229c'),
 ('79', 'Entry', '1', '0', '2016-09-12 14:23:21', '2016-09-12 14:23:21', 'be279111-75bf-43b2-8106-792f91853fe3'),
 ('80', 'MatrixBlock', '1', '0', '2016-09-12 14:41:09', '2016-09-13 16:18:38', 'e1343108-967a-4181-881e-0014b5b47917'),
 ('81', 'MatrixBlock', '1', '0', '2016-09-12 14:41:09', '2016-09-13 16:18:38', '8a99e667-086b-4105-bb52-f00f1ff6a674'),
 ('82', 'Asset', '1', '0', '2016-09-12 15:33:32', '2016-09-12 15:33:32', 'c5498342-e44e-4e41-8012-f066024fa0c7'),
 ('83', 'Asset', '1', '0', '2016-09-12 15:33:32', '2016-09-12 15:33:32', '6aa2d1ba-00af-4b08-9436-82ab81789095'),
 ('84', 'Asset', '1', '0', '2016-09-12 15:33:32', '2016-09-12 15:33:32', 'dc463974-1527-47d3-be46-36442e89aab9'),
 ('85', 'Asset', '1', '0', '2016-09-12 15:33:32', '2016-09-12 15:33:32', '0f5dab9c-39ae-4bc7-8454-62bcecf9eff6'),
 ('86', 'Asset', '1', '0', '2016-09-12 15:33:33', '2016-09-12 15:33:33', '60e0e79d-097c-4f26-958f-88fb4c20fefd'),
 ('87', 'Asset', '1', '0', '2016-09-12 15:33:33', '2016-09-12 15:33:33', 'eede8dfb-cf98-406c-9076-8977f93774ed'),
 ('88', 'Asset', '1', '0', '2016-09-12 15:33:33', '2016-09-12 15:33:33', '5ef68a54-778c-446d-9aac-ada48c0860f0'),
 ('89', 'Asset', '1', '0', '2016-09-12 15:33:34', '2016-09-12 15:33:34', 'd2460650-33f0-4831-a0b3-bd88a2ecedf6'),
 ('90', 'Asset', '1', '0', '2016-09-12 15:33:34', '2016-09-12 15:33:34', '3e554775-ae55-441f-9e17-1837039fab9b'),
 ('91', 'Asset', '1', '0', '2016-09-12 15:33:34', '2016-09-12 15:33:34', '4cc5da3c-99eb-4b94-bd1a-9631b7f66cc9'),
 ('92', 'MatrixBlock', '1', '0', '2016-09-12 15:52:32', '2016-09-13 14:10:33', '9f8c6b6b-f733-4164-b1e0-c6ea91534fed'),
 ('93', 'MatrixBlock', '1', '0', '2016-09-12 15:52:32', '2016-09-13 14:10:33', 'bb927aaf-75f6-4a89-bb87-c5f5a7c254bd'),
 ('94', 'Asset', '1', '0', '2016-09-12 15:55:35', '2016-09-12 15:55:35', '8f5e7aa7-85c1-4137-aa4e-26d54fcdc497'),
 ('95', 'Asset', '1', '0', '2016-09-12 15:55:36', '2016-09-12 15:55:36', '2b5de437-f00d-4539-b295-7b5d44c49afc'),
 ('96', 'Asset', '1', '0', '2016-09-12 15:55:36', '2016-09-12 15:55:36', '07102700-a8dd-43ad-8064-df888354f313'),
 ('97', 'Asset', '1', '0', '2016-09-12 15:55:36', '2016-09-12 15:55:36', '777d09ff-2b90-4f2d-aad5-ece60f258a44'),
 ('98', 'Asset', '1', '0', '2016-09-12 15:55:36', '2016-09-12 15:55:36', 'e2ceb965-a03d-4315-965a-af3873b9f67e'),
 ('99', 'Asset', '1', '0', '2016-09-12 15:55:37', '2016-09-12 15:55:37', 'd8f8f12d-f644-4bf3-9155-0e12ab68b5cf'),
 ('100', 'Asset', '1', '0', '2016-09-12 15:55:37', '2016-09-12 15:55:37', '8cf66cf9-9ad8-4f9f-b55c-7e0351e262b2'),
 ('101', 'Asset', '1', '0', '2016-09-12 15:55:37', '2016-09-12 15:55:37', 'a81263a6-d846-489e-9023-ab3ed65d11b8'),
 ('102', 'Asset', '1', '0', '2016-09-12 15:56:43', '2016-09-12 15:56:43', '929c4d31-8cec-4e60-93fb-1da70aa521c1'),
 ('103', 'Asset', '1', '0', '2016-09-12 15:56:45', '2016-09-12 15:56:45', '4e892b17-0e65-4f15-a441-e1db9489a1b9');
INSERT INTO `craft_elements` (`id`, `type`, `enabled`, `archived`, `dateCreated`, `dateUpdated`, `uid`) VALUES
 ('104', 'Asset', '1', '0', '2016-09-12 15:56:46', '2016-09-12 15:56:46', 'c32426f1-1987-466e-8c59-ef8cc5a18f72'),
 ('105', 'Asset', '1', '0', '2016-09-12 15:56:47', '2016-09-12 15:56:47', '7d754dcc-e46d-4b37-8ca1-d2289666ea8b'),
 ('106', 'Asset', '1', '0', '2016-09-12 15:56:48', '2016-09-12 15:56:48', 'abc79b26-6f7b-4e35-8bb6-06da87b669e7'),
 ('107', 'Asset', '1', '0', '2016-09-12 15:56:49', '2016-09-12 15:56:49', 'da013da5-f86e-48d5-8ece-7f79ed05649d'),
 ('108', 'Asset', '1', '0', '2016-09-12 15:56:50', '2016-09-12 15:56:50', '4d56f21d-2ccf-4d50-a843-899d896e5199'),
 ('109', 'Asset', '1', '0', '2016-09-12 15:56:52', '2016-09-12 15:56:52', 'ceea25e8-864a-4734-9bbf-142672ce0aba'),
 ('110', 'Asset', '1', '0', '2016-09-12 15:56:53', '2016-09-12 15:56:53', '8ccb4077-ec01-4f65-8ca2-7bcf3ca65799'),
 ('111', 'Asset', '1', '0', '2016-09-12 15:56:55', '2016-09-12 15:56:55', 'd9754118-22da-45a4-a668-4f4f9a20384b'),
 ('112', 'Asset', '1', '0', '2016-09-12 15:56:56', '2016-09-12 15:56:56', '17b0138f-a129-4946-ad5a-3399f5a35495'),
 ('113', 'Asset', '1', '0', '2016-09-12 15:56:57', '2016-09-12 15:56:57', '0defa703-d5b8-49be-bc73-dbf7ded7c13e'),
 ('114', 'Asset', '1', '0', '2016-09-12 15:56:58', '2016-09-12 15:56:58', '606c3328-0b60-4c38-b362-b25a9b920a35'),
 ('115', 'Asset', '1', '0', '2016-09-12 15:57:00', '2016-09-12 15:57:00', '54e4c5d7-afc7-4e83-8cae-9e967987f0f4'),
 ('116', 'Asset', '1', '0', '2016-09-12 15:57:01', '2016-09-12 15:57:01', '3a71b9d0-2d66-4513-ad16-6ab2f8ec1cf3'),
 ('117', 'Entry', '1', '0', '2016-09-12 16:00:54', '2016-09-12 16:07:43', 'ed3bb9e0-c15f-402e-b1fc-5843aee0b48f'),
 ('118', 'Entry', '1', '0', '2016-09-12 16:03:01', '2016-09-12 16:03:01', 'd51c4b42-869c-48fa-8883-f5cdeab06e8d'),
 ('119', 'Entry', '1', '0', '2016-09-12 16:04:43', '2016-09-12 16:04:43', '5224f4f8-bcdd-4a42-853f-863e794e42f1'),
 ('120', 'Entry', '1', '0', '2016-09-12 16:04:51', '2016-09-12 16:05:25', 'f5d3dcf6-18f6-4301-bdbf-63152cb0fdff'),
 ('121', 'Entry', '1', '0', '2016-09-12 16:05:44', '2016-09-12 16:05:44', 'f7bb4292-47c4-4259-9206-f7d765935f85'),
 ('122', 'MatrixBlock', '1', '0', '2016-09-12 16:33:26', '2016-09-13 16:00:28', '619ec69f-629e-4c28-a2eb-2bc45d4947b0'),
 ('123', 'MatrixBlock', '1', '0', '2016-09-12 16:33:26', '2016-09-13 16:00:28', '4465359e-28f2-49a6-a5b6-a528efff6c5f'),
 ('124', 'MatrixBlock', '1', '0', '2016-09-13 15:45:14', '2016-09-13 15:45:14', '5048903f-caeb-4312-8f00-7914d4c3f503'),
 ('125', 'Entry', '1', '0', '2016-09-13 16:19:46', '2016-09-13 16:20:13', 'a5d7462e-e5d7-432b-a188-c84bb4e52027'),
 ('126', 'Entry', '1', '0', '2016-09-13 16:20:31', '2016-09-13 16:20:31', '511cb395-e6ca-41ed-a038-a926da666a89'),
 ('127', 'Entry', '1', '0', '2016-09-13 16:20:47', '2016-09-13 16:20:47', '2448d912-2d06-488b-8622-cb5447ac020d'),
 ('128', 'Entry', '1', '0', '2016-09-13 16:21:34', '2016-09-13 16:21:34', '93116b07-7329-4f11-935f-d371ebc6c65f'),
 ('129', 'Entry', '1', '0', '2016-09-13 16:21:43', '2016-09-13 16:21:43', '19baecda-5061-4be4-8ed6-f00c0471517b'),
 ('130', 'Entry', '1', '0', '2016-09-13 16:21:58', '2016-09-13 16:21:58', '15e4e762-70a8-4afd-a199-8366d0fa8dd7'),
 ('131', 'Entry', '1', '0', '2016-09-13 16:22:25', '2016-09-13 16:22:25', 'ffcbd011-6d84-4eb1-bce0-0f7d4aeac4e2'),
 ('132', 'Entry', '1', '0', '2016-09-13 16:22:34', '2016-09-13 16:22:34', '6392d780-1b6d-4a70-8922-12e20a33a358'),
 ('133', 'Entry', '1', '0', '2016-09-13 16:22:45', '2016-09-13 16:22:45', '0bd96238-e5c6-49e8-8f73-b34ae38dc914'),
 ('134', 'Entry', '1', '0', '2016-09-13 16:23:13', '2016-09-13 16:23:13', '3e895aff-71f4-4e55-87e9-2256ecf3dce9'),
 ('135', 'Entry', '1', '0', '2016-09-13 16:24:00', '2016-09-13 16:24:00', '77ef3959-4d82-49e7-972e-4947372eef5b'),
 ('136', 'Entry', '1', '0', '2016-09-13 16:31:02', '2016-09-13 16:31:02', '368ddc06-f6eb-4fc7-a412-7efadeb16208'),
 ('137', 'Entry', '1', '0', '2016-09-13 16:31:13', '2016-09-13 16:31:13', '25d20c6f-5075-4af4-b33a-63c3bc4060c5'),
 ('138', 'Entry', '1', '0', '2016-09-13 16:31:29', '2016-09-13 16:31:29', '92961f8b-69c6-47e7-a767-c42bd042c776'),
 ('139', 'Entry', '1', '0', '2016-09-13 16:31:39', '2016-09-13 16:31:39', 'a8d04c12-c140-4eca-82d2-4b5f00446209'),
 ('140', 'Entry', '1', '0', '2016-09-13 16:31:51', '2016-09-13 16:31:51', '7ae56338-f5e1-4ff8-85d2-ff8b50be2198'),
 ('141', 'Entry', '1', '0', '2016-09-13 16:32:00', '2016-09-13 16:32:00', 'ee64f9b7-7b3b-4bda-98c4-93524cde11de'),
 ('142', 'Entry', '1', '0', '2016-09-13 16:32:11', '2016-09-13 16:32:11', '10bc434b-fcbe-4583-ad10-a918110eccb4'),
 ('143', 'Entry', '1', '0', '2016-09-13 16:48:31', '2016-09-13 22:55:00', '37dcf790-135d-42bb-9729-150a7cf97329'),
 ('144', 'MatrixBlock', '1', '0', '2016-09-13 16:48:31', '2016-09-13 22:55:00', 'b39845e9-af2d-4e79-b449-dc28eeded1de'),
 ('145', 'SuperTable_Block', '1', '0', '2016-09-13 16:48:31', '2016-09-13 22:55:00', 'fc11e9e2-f8f4-4352-b1be-2fb4231b7974'),
 ('146', 'SuperTable_Block', '1', '0', '2016-09-13 16:48:31', '2016-09-13 22:55:00', '0289208a-7d98-4a10-a1bb-21f16550386f'),
 ('147', 'Asset', '1', '0', '2016-09-13 16:51:48', '2016-09-13 16:51:48', 'bd113377-c919-4e79-8f36-c656ec224f92'),
 ('148', 'Entry', '1', '0', '2016-09-13 16:51:54', '2016-09-13 16:51:54', 'e1a0c320-78a3-423d-a3a4-38ee8a61012f'),
 ('149', 'MatrixBlock', '1', '0', '2016-09-13 16:51:54', '2016-09-13 16:51:54', '7d758e11-4125-402d-a4e3-6dd81e5216a2'),
 ('150', 'SuperTable_Block', '1', '0', '2016-09-13 16:51:54', '2016-09-13 16:51:54', '7678157e-a36c-4b0c-ab79-8072b9d0764a'),
 ('151', 'Asset', '1', '0', '2016-09-13 16:52:43', '2016-09-13 16:52:43', '35682fb3-0395-459b-a561-426681e054b3'),
 ('152', 'Entry', '1', '0', '2016-09-13 16:53:13', '2016-09-13 16:53:13', '19a06724-ba60-42ed-b79e-4352f96eff02'),
 ('153', 'MatrixBlock', '1', '0', '2016-09-13 16:53:13', '2016-09-13 16:53:13', 'e2f83a24-3c25-4469-baf2-a9846231b1a4'),
 ('154', 'SuperTable_Block', '1', '0', '2016-09-13 16:53:13', '2016-09-13 16:53:13', 'a868de76-e83c-4b2c-b967-2358998f458f'),
 ('155', 'SuperTable_Block', '1', '0', '2016-09-13 16:53:13', '2016-09-13 16:53:13', '72abcae9-2d46-44d0-a79e-49f9afd80a30'),
 ('156', 'Entry', '1', '0', '2016-09-13 16:54:14', '2016-09-13 16:55:33', '775793ec-4147-4e6d-a353-9340015b79da'),
 ('157', 'MatrixBlock', '1', '0', '2016-09-13 16:54:14', '2016-09-13 16:55:33', '3ad1af6e-26ed-4e70-a3e6-6e4e61bd1d6c'),
 ('158', 'SuperTable_Block', '1', '0', '2016-09-13 16:54:14', '2016-09-13 16:55:33', '3cc89358-c8b7-49fe-9d6f-b819b417c546'),
 ('159', 'Entry', '1', '0', '2016-09-13 16:54:46', '2016-09-13 16:55:46', '1d834099-0fcf-475e-9feb-d9b40f38555e'),
 ('160', 'MatrixBlock', '1', '0', '2016-09-13 16:54:46', '2016-09-13 16:55:46', '5062e5f1-bc0f-48cf-b218-fd2b576049d8'),
 ('161', 'SuperTable_Block', '1', '0', '2016-09-13 16:54:46', '2016-09-13 16:55:46', 'fc51909a-17b5-46b0-9616-c3882db47a56'),
 ('162', 'MatrixBlock', '1', '0', '2016-09-13 16:56:27', '2016-09-13 16:56:27', 'b5477c1b-8997-4935-99b8-d3321977d978'),
 ('163', 'MatrixBlock', '1', '0', '2016-09-13 16:56:27', '2016-09-13 16:56:27', '1711f539-c727-43e0-97c3-7d7da9bee58f'),
 ('164', 'MatrixBlock', '1', '0', '2016-09-13 22:37:03', '2016-09-13 22:37:29', '948c0409-63b2-493e-afcf-0fd497deb9a3');



DROP TABLE IF EXISTS `craft_elements_i18n`;


--
-- Schema for table `craft_elements_i18n`
--
CREATE TABLE `craft_elements_i18n` (
  `id` int(11) NOT NULL AUTO_INCREMENT,
  `elementId` int(11) NOT NULL,
  `locale` char(12) COLLATE utf8_unicode_ci NOT NULL,
  `slug` varchar(255) COLLATE utf8_unicode_ci DEFAULT NULL,
  `uri` varchar(255) COLLATE utf8_unicode_ci DEFAULT NULL,
  `enabled` tinyint(1) unsigned NOT NULL DEFAULT '1',
  `dateCreated` datetime NOT NULL,
  `dateUpdated` datetime NOT NULL,
  `uid` char(36) COLLATE utf8_unicode_ci NOT NULL DEFAULT '0',
  PRIMARY KEY (`id`),
  UNIQUE KEY `craft_elements_i18n_elementId_locale_unq_idx` (`elementId`,`locale`),
  UNIQUE KEY `craft_elements_i18n_uri_locale_unq_idx` (`uri`,`locale`),
  KEY `craft_elements_i18n_slug_locale_idx` (`slug`,`locale`),
  KEY `craft_elements_i18n_enabled_idx` (`enabled`),
  KEY `craft_elements_i18n_locale_fk` (`locale`)
) ENGINE=InnoDB AUTO_INCREMENT=165 DEFAULT CHARSET=utf8 COLLATE=utf8_unicode_ci;

--
-- Data for table `craft_elements_i18n`
--

INSERT INTO `craft_elements_i18n` (`id`, `elementId`, `locale`, `slug`, `uri`, `enabled`, `dateCreated`, `dateUpdated`, `uid`) VALUES
 ('1', '1', 'en_gb', '', NULL, '1', '2016-09-06 16:45:28', '2016-09-06 16:45:28', '1f38a36e-30ed-460f-a1b0-0332a7892178'),
 ('2', '2', 'en_gb', 'homepage', '__home__', '1', '2016-09-06 16:45:31', '2016-09-13 16:18:38', '93d34b6b-d343-4f52-8e98-ca5565f1b3a6'),
 ('4', '4', 'en_gb', '', NULL, '1', '2016-09-06 16:58:23', '2016-09-06 16:58:23', 'a9cfdae5-0c1f-4f55-997c-a3d696377840'),
 ('5', '5', 'en_gb', '', NULL, '1', '2016-09-06 16:59:55', '2016-09-06 16:59:55', '3a6c4451-e25c-4ad6-aa89-638ea1cb1926'),
 ('6', '6', 'en_gb', '', NULL, '1', '2016-09-06 17:01:25', '2016-09-13 16:19:31', 'e6b74bb2-3a57-48d3-b2e6-785a682df3d0'),
 ('7', '7', 'en_gb', '', NULL, '1', '2016-09-07 08:48:51', '2016-09-12 15:06:24', 'a9756fd5-32de-4550-9a2a-06d6f01fbd39'),
 ('8', '8', 'en_gb', '', NULL, '1', '2016-09-07 09:12:33', '2016-09-07 15:01:57', '7a2bb72e-834e-46c7-acf3-55b4dd5bb7cd'),
 ('9', '9', 'en_gb', '', NULL, '1', '2016-09-07 09:16:26', '2016-09-13 22:57:36', 'f08a7522-bac4-4877-b325-c64eaa152c69'),
 ('10', '10', 'en_gb', '', NULL, '1', '2016-09-07 09:19:39', '2016-09-12 15:33:40', 'aa8ecb70-d5e5-4e57-9393-63ba2b6329bf'),
 ('11', '11', 'en_gb', '', NULL, '1', '2016-09-07 09:31:19', '2016-09-13 15:11:01', '6a648b25-29e4-4b75-839d-f6e326164303'),
 ('12', '12', 'en_gb', '', NULL, '1', '2016-09-07 09:31:37', '2016-09-07 09:31:37', '17a48675-8fe2-46b3-9fdd-e488181b1526'),
 ('13', '13', 'en_gb', 'the-park', 'the-park', '1', '2016-09-07 09:40:52', '2016-09-12 15:40:50', 'b0784122-4c67-4af9-851a-230c83fdcd32'),
 ('14', '14', 'en_gb', 'availability', 'availability', '1', '2016-09-07 09:41:01', '2016-09-12 15:40:51', '47bd0e36-8dfb-4b6e-9c34-611e56ca0c7a'),
 ('15', '15', 'en_gb', 'location', 'location', '1', '2016-09-07 09:41:06', '2016-09-12 15:40:51', '42f8637f-e799-435f-bd37-220de4b2f36e'),
 ('16', '16', 'en_gb', 'amenities', 'amenities', '1', '2016-09-07 09:41:12', '2016-09-13 14:10:33', '4946c4b9-80f3-4cc9-b749-2c4568165f01'),
 ('17', '17', 'en_gb', 'events', 'events', '1', '2016-09-07 09:41:17', '2016-09-13 16:00:28', '701835f1-b63c-4aea-853e-a0b09f1471af'),
 ('18', '18', 'en_gb', 'news', 'news', '1', '2016-09-07 09:41:22', '2016-09-13 15:45:14', 'c66ac200-af45-464a-bd58-ff283259dd6a'),
 ('19', '19', 'en_gb', 'contact', 'contact', '1', '2016-09-07 09:41:28', '2016-09-13 16:56:27', '2e4978b4-22b1-41cb-8e15-aff412001c5d'),
 ('20', '20', 'en_gb', 'overview', 'the-park/overview', '1', '2016-09-07 09:41:52', '2016-09-12 15:40:51', 'cf0bb9cd-06d1-40cf-af3b-62c95385b81f'),
 ('21', '21', 'en_gb', 'environment', 'the-park/environment', '1', '2016-09-07 09:42:09', '2016-09-12 15:40:51', 'a3ac2286-9192-4170-9257-ff214b700f2c'),
 ('22', '22', 'en_gb', 'management', 'the-park/management', '1', '2016-09-07 09:42:18', '2016-09-12 15:40:51', '7338190e-690d-4f5f-a5c5-bb80b7f5253c'),
 ('23', '23', 'en_gb', 'overview', 'availability/overview', '1', '2016-09-07 09:42:37', '2016-09-12 15:40:51', '2bb5a1f0-61e3-4907-8c51-1b5e8445aae8'),
 ('24', '24', 'en_gb', 'building-1', 'availability/building-1', '1', '2016-09-07 09:43:00', '2016-09-12 15:40:51', 'b7c00a2d-e27d-4c71-b0e9-0b342df0502c'),
 ('25', '25', 'en_gb', 'building-2', 'availability/building-2', '1', '2016-09-07 09:43:09', '2016-09-12 15:40:51', 'cc3b0150-6c27-415c-ad7a-dcf55896e9f6'),
 ('26', '26', 'en_gb', 'building-3', 'availability/building-3', '1', '2016-09-07 09:43:18', '2016-09-12 15:40:51', '1b5da42d-4f81-4bec-97ab-a999d83d2fe5'),
 ('27', '27', 'en_gb', 'building-4', 'availability/building-4', '1', '2016-09-07 09:43:28', '2016-09-12 15:40:51', 'ab46abf7-5b8f-448c-ba16-51d7a04de51b'),
 ('28', '28', 'en_gb', 'building-5', 'availability/building-5', '1', '2016-09-07 09:43:39', '2016-09-12 15:40:51', '0bf85ce3-bb1a-44a0-9f23-0b125c98efef'),
 ('29', '29', 'en_gb', 'building-6', 'availability/building-6', '1', '2016-09-07 09:43:48', '2016-09-12 15:40:51', '1f534ce3-a9c9-49aa-aa90-e6825e4b112d'),
 ('30', '30', 'en_gb', 'building-7', 'availability/building-7', '1', '2016-09-07 09:44:06', '2016-09-12 15:40:51', 'fb59cdaf-407e-41e8-a2a1-4f5173d5b869'),
 ('31', '31', 'en_gb', 'connections', 'location/connections', '1', '2016-09-07 09:44:20', '2016-09-12 15:40:51', '76e5b395-2823-4392-9ee8-3147429e0ecc'),
 ('32', '32', 'en_gb', 'local-area', 'location/local-area', '1', '2016-09-07 09:44:35', '2016-09-12 15:40:51', 'ece4d5e1-c7a4-429e-8df1-44e76a0efe24'),
 ('33', '33', 'en_gb', 'download-brochure', 'download-brochure', '1', '2016-09-07 09:45:05', '2016-09-07 09:45:08', 'e413c7b7-8fae-4f31-aec6-4be08ddf082a'),
 ('34', '34', 'en_gb', 'legal', 'legal', '1', '2016-09-07 09:45:10', '2016-09-07 09:45:12', '5b03cd70-0d19-4b10-8a83-95decb393dc3'),
 ('35', '35', 'en_gb', 'cookies', 'cookies', '1', '2016-09-07 09:45:16', '2016-09-07 09:45:18', 'ba154401-e50d-43e6-bfe8-dfb5c665ff22'),
 ('36', '36', 'en_gb', 'terms-conditions', 'terms-conditions', '1', '2016-09-07 09:45:25', '2016-09-07 09:45:27', 'ab4f1e94-adef-4994-a49f-dd75b0900507'),
 ('37', '37', 'en_gb', 'site-map', 'site-map', '1', '2016-09-07 09:45:30', '2016-09-07 09:45:33', 'a206ec32-8e57-4ce4-a34b-4aa695486c65'),
 ('38', '38', 'en_gb', '', NULL, '1', '2016-09-07 15:01:57', '2016-09-07 15:01:57', 'b5ef64a8-1290-4126-b78f-2f330b03da3c'),
 ('39', '39', 'en_gb', '', NULL, '1', '2016-09-07 15:01:57', '2016-09-07 15:01:57', 'e3f7f32c-5f64-44e9-a400-92c310afb01d'),
 ('40', '40', 'en_gb', '', NULL, '1', '2016-09-07 15:01:57', '2016-09-07 15:01:57', '9ed5b8c4-ff99-4772-967a-6d2156e15901'),
 ('41', '41', 'en_gb', '', NULL, '1', '2016-09-07 15:01:57', '2016-09-07 15:01:57', 'fb997138-3407-407c-b9d2-d14df33c387d'),
 ('42', '42', 'en_gb', '', NULL, '1', '2016-09-07 15:01:57', '2016-09-07 15:01:57', '72683782-5f4f-4724-856d-84ee1972a8ba'),
 ('43', '43', 'en_gb', '', NULL, '1', '2016-09-07 15:01:57', '2016-09-07 15:01:57', '5be24041-22de-4dc4-8b52-10fad4dccb58'),
 ('44', '44', 'en_gb', '', NULL, '1', '2016-09-07 15:05:59', '2016-09-07 15:06:16', 'ae10ac49-c9ab-4798-9bf2-2c48b6d08f08'),
 ('45', '45', 'en_gb', '', NULL, '1', '2016-09-07 15:14:09', '2016-09-13 22:37:29', 'ee3a0ed4-6d2a-49c6-a3ce-b803576f5019'),
 ('46', '46', 'en_gb', '', NULL, '1', '2016-09-07 15:14:09', '2016-09-13 22:37:29', 'fd717b8d-7689-4e1d-93a8-daf3a29c5cb2'),
 ('47', '47', 'en_gb', '', NULL, '1', '2016-09-07 15:14:09', '2016-09-13 22:37:29', 'bc9fa4d0-fdec-4092-803b-97365fabe75a'),
 ('48', '48', 'en_gb', '', NULL, '1', '2016-09-07 15:14:09', '2016-09-13 22:37:29', '25fecc86-a7aa-45fa-8fd6-8399897b8105'),
 ('49', '49', 'en_gb', '', NULL, '1', '2016-09-07 15:14:09', '2016-09-13 22:37:29', 'd6c547d1-247f-4f70-abca-332f78d376e8'),
 ('50', '50', 'en_gb', '', NULL, '1', '2016-09-07 15:14:09', '2016-09-13 22:37:29', '0025d351-68c8-45da-8fdc-8229c00618c4'),
 ('51', '51', 'en_gb', '', NULL, '1', '2016-09-07 15:16:24', '2016-09-13 22:37:29', 'e286a381-d5bd-4c59-a7f5-a21237cd6572'),
 ('54', '54', 'en_gb', '38-a2288', NULL, '1', '2016-09-07 16:20:50', '2016-09-09 10:07:15', '9fd556cb-1e37-4198-b2dc-44c434abd83c'),
 ('55', '55', 'en_gb', '38-a2312', NULL, '1', '2016-09-07 16:20:50', '2016-09-09 10:07:15', '0402db73-c4ec-4c77-bbd1-b8aa388c4849'),
 ('56', '56', 'en_gb', '38-a2325', NULL, '1', '2016-09-07 16:20:51', '2016-09-09 10:07:15', '1fb29ae7-3481-4fd6-b00b-91565b2d05ff'),
 ('57', '57', 'en_gb', 'office-space', 'buildings/office-space', '1', '2016-09-09 09:39:32', '2016-09-09 09:39:34', '6e482581-6019-4bbf-8863-a9ff48aa547a'),
 ('58', '58', 'en_gb', 'business-space', 'buildings/business-space', '1', '2016-09-09 09:39:43', '2016-09-09 09:39:45', 'c74159ef-9e13-424c-b904-7df7163adae9'),
 ('59', '59', 'en_gb', 'building-1-preview-image', NULL, '1', '2016-09-09 10:19:17', '2016-09-09 10:19:17', 'ccb4c9cd-9735-4ed6-a0b4-edbdd40820eb'),
 ('60', '60', 'en_gb', 'patterns', 'patterns', '1', '2016-09-09 11:15:01', '2016-09-09 15:39:37', 'fb72f566-34a2-4c2d-8f08-b49643e95221'),
 ('61', '61', 'en_gb', '', NULL, '1', '2016-09-09 11:18:28', '2016-09-09 15:39:37', 'd54905b6-4884-4072-9b75-40a0c996e024'),
 ('62', '62', 'en_gb', 'holding-plan', NULL, '1', '2016-09-09 13:28:14', '2016-09-09 13:28:14', 'a7ecb126-f04c-4b83-9e5d-16ba504b9f90'),
 ('63', '63', 'en_gb', '', NULL, '1', '2016-09-09 13:29:54', '2016-09-09 15:39:37', '0cdda92d-2c0e-4e3a-a18a-c282e972ad01'),
 ('64', '64', 'en_gb', '', NULL, '1', '2016-09-09 13:29:54', '2016-09-09 15:39:37', 'd8c0a476-ebb0-44c6-8cfb-80099f26d811'),
 ('65', '65', 'en_gb', '', NULL, '1', '2016-09-09 13:29:54', '2016-09-09 15:39:37', 'd8994b4f-ef89-4e21-9631-69aef2e640f6'),
 ('66', '66', 'en_gb', 'bray-fox-smith', NULL, '1', '2016-09-09 14:35:49', '2016-09-09 14:35:49', '70b89978-131a-48d9-9c05-680034cfa563'),
 ('67', '67', 'en_gb', '', NULL, '1', '2016-09-09 14:36:00', '2016-09-09 15:39:37', '9cb13e09-3670-410a-ab4f-ae80113c10e1'),
 ('68', '68', 'en_gb', '', NULL, '1', '2016-09-09 14:36:00', '2016-09-09 15:39:37', '6ebf13a0-1e85-48a0-9fbc-65e149fe9e60'),
 ('69', '69', 'en_gb', '38-a2416', NULL, '1', '2016-09-09 15:39:02', '2016-09-12 15:52:11', 'b87b1809-baab-4fd3-95bb-d3a16fe0cb7e'),
 ('70', '70', 'en_gb', 'p38-a2145', NULL, '1', '2016-09-09 15:39:03', '2016-09-09 15:39:03', '01e6a519-98be-44ef-a56b-fa2104185935'),
 ('71', '71', 'en_gb', '', NULL, '1', '2016-09-09 15:39:37', '2016-09-09 15:39:37', '1d55398d-2747-4175-b85a-8d95fe37e5e9'),
 ('72', '72', 'en_gb', 'event-1', NULL, '1', '2016-09-12 14:16:35', '2016-09-12 14:16:35', 'ccbe22d8-3128-4a40-8231-e21322ad0336'),
 ('73', '73', 'en_gb', 'event-2', NULL, '1', '2016-09-12 14:16:36', '2016-09-12 14:16:36', '9140392a-ac42-42cf-a999-90f61ad995dd'),
 ('74', '74', 'en_gb', 'news-1', NULL, '1', '2016-09-12 14:16:36', '2016-09-12 14:16:36', '7af54d83-8938-43bf-8c51-5e5e4c001a41'),
 ('75', '75', 'en_gb', 'news-2', NULL, '1', '2016-09-12 14:16:37', '2016-09-12 14:16:37', '2771b921-e9f6-42b7-ab98-6f5edf60dd24'),
 ('76', '76', 'en_gb', 'spring-is-here-why-not-hop-on-a-bike', 'news/spring-is-here-why-not-hop-on-a-bike', '1', '2016-09-12 14:16:53', '2016-09-12 14:16:53', '36e578c4-49a6-421f-abaf-bac9bbea7071'),
 ('77', '77', 'en_gb', 'spring-is-here-why-not-hop-on-a-bike-1', 'news/spring-is-here-why-not-hop-on-a-bike-1', '1', '2016-09-12 14:17:04', '2016-09-12 14:17:28', 'f310332d-4f19-42d8-b356-a4af4e41578a'),
 ('78', '78', 'en_gb', 'cameras-on-croxley', 'events/cameras-on-croxley', '1', '2016-09-12 14:22:26', '2016-09-12 14:22:36', 'ae6acc26-9f07-46b3-b8a4-57416dfc971b'),
 ('79', '79', 'en_gb', 'summer-fete', 'events/summer-fete', '1', '2016-09-12 14:23:21', '2016-09-12 14:23:21', '8a5ff66c-1c74-4ad8-acbd-b3c4a4747996'),
 ('80', '80', 'en_gb', '', NULL, '1', '2016-09-12 14:41:09', '2016-09-13 16:18:38', '44857faf-1113-4142-aa05-ac5efcaa22ed'),
 ('81', '81', 'en_gb', '', NULL, '1', '2016-09-12 14:41:09', '2016-09-13 16:18:38', '337de469-cc25-4adc-8dc9-b5d92d7f9217'),
 ('82', '82', 'en_gb', 'client-logo-1', NULL, '1', '2016-09-12 15:33:32', '2016-09-12 15:33:32', 'a605775f-c794-44c8-9bea-bec8452a17e1'),
 ('83', '83', 'en_gb', 'client-logo-2', NULL, '1', '2016-09-12 15:33:32', '2016-09-12 15:33:32', '02633e39-a686-4deb-9d26-d6f562af6a66'),
 ('84', '84', 'en_gb', 'client-logo-3', NULL, '1', '2016-09-12 15:33:32', '2016-09-12 15:33:32', '8e522807-8f12-4a7c-83dd-7635276f3710'),
 ('85', '85', 'en_gb', 'client-logo-4', NULL, '1', '2016-09-12 15:33:32', '2016-09-12 15:33:32', '3bb8167b-f255-4602-b843-fb850315f8e6'),
 ('86', '86', 'en_gb', 'client-logo-5', NULL, '1', '2016-09-12 15:33:33', '2016-09-12 15:33:33', '3576a0f2-79e5-424c-ac82-f0d63545f5d5'),
 ('87', '87', 'en_gb', 'client-logo-6', NULL, '1', '2016-09-12 15:33:33', '2016-09-12 15:33:33', '46320548-38b8-497c-871c-3d93e134b0b0'),
 ('88', '88', 'en_gb', 'client-logo-7', NULL, '1', '2016-09-12 15:33:33', '2016-09-12 15:33:33', '74e27c8f-519c-4839-b193-e46f594f8857'),
 ('89', '89', 'en_gb', 'client-logo-8', NULL, '1', '2016-09-12 15:33:34', '2016-09-12 15:33:34', '145db159-be0f-4153-85cd-c5a6e5d65f99'),
 ('90', '90', 'en_gb', 'client-logo-9', NULL, '1', '2016-09-12 15:33:34', '2016-09-12 15:33:34', 'b0ba8583-0272-4cc6-86cb-d48ff1aa5254'),
 ('91', '91', 'en_gb', 'client-logo-10', NULL, '1', '2016-09-12 15:33:34', '2016-09-12 15:33:34', 'b06d252b-8fc2-4ee5-9242-989fe8bd5627'),
 ('92', '92', 'en_gb', '', NULL, '1', '2016-09-12 15:52:32', '2016-09-13 14:10:33', 'ae5e09f6-54b9-4660-86ea-ec5265df3a81'),
 ('93', '93', 'en_gb', '', NULL, '1', '2016-09-12 15:52:32', '2016-09-13 14:10:33', '5309e516-07d7-42a3-bc0c-1eb81c835b1d'),
 ('94', '94', 'en_gb', 'icon-nursery', NULL, '1', '2016-09-12 15:55:35', '2016-09-12 15:55:35', '3433f5c1-caea-454d-8f0e-eac9b928a5c6'),
 ('95', '95', 'en_gb', 'icon-salon', NULL, '1', '2016-09-12 15:55:36', '2016-09-12 15:55:36', 'dbe53464-d184-4f69-b904-faf49f6d3bf9'),
 ('96', '96', 'en_gb', 'icon-security', NULL, '1', '2016-09-12 15:55:36', '2016-09-12 15:55:36', '6c085d02-3f80-49d1-9f91-bb85390154bd'),
 ('97', '97', 'en_gb', 'icon-amazon-locker', NULL, '1', '2016-09-12 15:55:36', '2016-09-12 15:55:36', '99c93beb-fc5b-4728-8f5b-52c09cfd676c'),
 ('98', '98', 'en_gb', 'icon-bike', NULL, '1', '2016-09-12 15:55:36', '2016-09-12 15:55:36', 'c4ec2f70-9858-4321-b838-38c2e3f92d50'),
 ('99', '99', 'en_gb', 'icon-electricity', NULL, '1', '2016-09-12 15:55:37', '2016-09-12 15:55:37', 'b52a5e3a-7d9e-4ccb-92d2-56098c914540'),
 ('100', '100', 'en_gb', 'icon-learning', NULL, '1', '2016-09-12 15:55:37', '2016-09-12 15:55:37', '3d20f37a-c491-4138-93fe-0757bba50253'),
 ('101', '101', 'en_gb', 'icon-networking', NULL, '1', '2016-09-12 15:55:37', '2016-09-12 15:55:37', '2c3fd0ae-5810-4ee5-8864-a3606e59396c'),
 ('102', '102', 'en_gb', '38-a2080', NULL, '1', '2016-09-12 15:56:43', '2016-09-12 15:56:43', '319a8994-a6ec-44b7-a174-b38328986ff0'),
 ('103', '103', 'en_gb', '38-a2145', NULL, '1', '2016-09-12 15:56:45', '2016-09-12 15:56:45', 'f2729f3f-b135-41b2-926e-4b690027e8bf');
INSERT INTO `craft_elements_i18n` (`id`, `elementId`, `locale`, `slug`, `uri`, `enabled`, `dateCreated`, `dateUpdated`, `uid`) VALUES
 ('104', '104', 'en_gb', '38-a2246', NULL, '1', '2016-09-12 15:56:46', '2016-09-12 15:56:46', '36234a94-0ea0-4b5d-b55f-72f911d29a7a'),
 ('105', '105', 'en_gb', '38-a2262', NULL, '1', '2016-09-12 15:56:47', '2016-09-12 15:56:47', 'ed48abbf-8c49-4680-95d4-6a8b8affc3a7'),
 ('106', '106', 'en_gb', '38-a2288', NULL, '1', '2016-09-12 15:56:48', '2016-09-12 15:56:48', '65d3e9eb-3458-48fe-af55-8100abf9efc7'),
 ('107', '107', 'en_gb', '38-a2312', NULL, '1', '2016-09-12 15:56:49', '2016-09-12 15:56:49', '2c634301-bbae-4da4-a985-8f1748bb4f53'),
 ('108', '108', 'en_gb', '38-a2325', NULL, '1', '2016-09-12 15:56:50', '2016-09-12 15:56:50', '22967936-f18c-4fbd-93dd-27f79caf7e02'),
 ('109', '109', 'en_gb', '38-a2416', NULL, '1', '2016-09-12 15:56:52', '2016-09-12 15:56:52', '51575e22-1f38-4fed-83f1-e417509d2284'),
 ('110', '110', 'en_gb', '38-a2522', NULL, '1', '2016-09-12 15:56:53', '2016-09-12 15:56:53', 'f99c8c66-09f2-4d2e-8ca9-2324e6a6c801'),
 ('111', '111', 'en_gb', '38-a2562', NULL, '1', '2016-09-12 15:56:55', '2016-09-12 15:56:55', '7966acb8-05fa-40fd-abe9-2264fad074be'),
 ('112', '112', 'en_gb', '38-a2595', NULL, '1', '2016-09-12 15:56:56', '2016-09-12 15:56:56', 'dd769962-3c29-47c1-921c-f11e8347be08'),
 ('113', '113', 'en_gb', '38-a2662', NULL, '1', '2016-09-12 15:56:57', '2016-09-12 15:56:57', '8cb1ed2f-443c-491c-b447-beac0870b0ed'),
 ('114', '114', 'en_gb', '38-a2721', NULL, '1', '2016-09-12 15:56:58', '2016-09-12 15:56:58', '2f8f440f-992e-4bf8-a1a8-c070fcd4f5d3'),
 ('115', '115', 'en_gb', 'dsc7384', NULL, '1', '2016-09-12 15:57:00', '2016-09-12 15:57:00', '5b969e6e-e95c-459e-9b00-19c8098662f8'),
 ('116', '116', 'en_gb', 'dsc7404', NULL, '1', '2016-09-12 15:57:01', '2016-09-12 15:57:01', '3bc8d05a-a156-496e-ad35-10a5258228b9'),
 ('117', '117', 'en_gb', 'meeting-pod', NULL, '1', '2016-09-12 16:00:54', '2016-09-12 16:07:43', 'b5fd2325-865e-4390-b7de-8623a3304d59'),
 ('118', '118', 'en_gb', 'cafe', NULL, '1', '2016-09-12 16:03:01', '2016-09-12 16:03:04', '3e76e8c6-fdd1-4eca-860d-d8ef7e483a75'),
 ('119', '119', 'en_gb', 'bikes', NULL, '1', '2016-09-12 16:04:43', '2016-09-12 16:04:46', '50fba943-4643-4afd-9097-223402394b5c'),
 ('120', '120', 'en_gb', 'salon', NULL, '1', '2016-09-12 16:04:51', '2016-09-12 16:05:25', '740050a5-03a9-4fdc-82d3-e35ac58380d2'),
 ('121', '121', 'en_gb', 'sports', NULL, '1', '2016-09-12 16:05:44', '2016-09-12 16:05:48', '36fd12a3-1367-4836-ad83-0b53c59a226a'),
 ('122', '122', 'en_gb', '', NULL, '1', '2016-09-12 16:33:26', '2016-09-13 16:00:28', 'd9e6d7ba-fa06-4f0b-99b2-dbae7be3cf35'),
 ('123', '123', 'en_gb', '', NULL, '1', '2016-09-12 16:33:26', '2016-09-13 16:00:28', '99d0afae-a3ff-433b-9d80-4a8635145d32'),
 ('124', '124', 'en_gb', '', NULL, '1', '2016-09-13 15:45:14', '2016-09-13 15:45:14', '53b34ee0-069d-44fd-82bb-c7cbc14724a1'),
 ('125', '125', 'en_gb', 'enim-sociis-quasi-adipiscing-ante-euismod.', 'news/enim-sociis-quasi-adipiscing-ante-euismod.', '1', '2016-09-13 16:19:46', '2016-09-13 16:20:13', 'c616dd7a-651b-485b-a9a3-0600670092af'),
 ('126', '126', 'en_gb', 'quis-hendrerit-interdum-animi-eu-cursus.', 'news/quis-hendrerit-interdum-animi-eu-cursus.', '1', '2016-09-13 16:20:31', '2016-09-13 16:20:31', '6fa0f6a3-7062-47f9-942e-959dc8c5ef30'),
 ('127', '127', 'en_gb', 'diam-anim-et-porta-laborum-facilis.', 'news/diam-anim-et-porta-laborum-facilis.', '1', '2016-09-13 16:20:47', '2016-09-13 16:20:47', '1b7f35e5-fa50-4c43-bef3-9966914f07b7'),
 ('128', '128', 'en_gb', 'placerat-dignissim-sint-sunt.-quisque-elementum.', 'news/placerat-dignissim-sint-sunt.-quisque-elementum.', '1', '2016-09-13 16:21:34', '2016-09-13 16:21:34', '2cbf8b11-45a5-400d-8058-0c8bccc9b7e2'),
 ('129', '129', 'en_gb', 'et-litora-dictumst-urna-platea-optio.', 'news/et-litora-dictumst-urna-platea-optio.', '1', '2016-09-13 16:21:43', '2016-09-13 16:21:43', '9aea7f14-7956-45ea-ae7c-0a055f1c2722'),
 ('130', '130', 'en_gb', 'habitasse-occaecati-nobis-voluptate-et-dolor.', 'news/habitasse-occaecati-nobis-voluptate-et-dolor.', '1', '2016-09-13 16:21:58', '2016-09-13 16:21:58', 'af935867-74da-406d-a6d7-deb07b6fdd57'),
 ('131', '131', 'en_gb', 'hic-maxime-possimus-magnam-faucibus-blandit.', 'news/hic-maxime-possimus-magnam-faucibus-blandit.', '1', '2016-09-13 16:22:25', '2016-09-13 16:22:25', 'e17733a8-e027-47bc-9af0-aaea43263dc9'),
 ('132', '132', 'en_gb', 'tempus-litora-aliquid-litora-sit-hymenaeos.', 'news/tempus-litora-aliquid-litora-sit-hymenaeos.', '1', '2016-09-13 16:22:34', '2016-09-13 16:22:34', '596d948c-b900-4a12-8c88-5001e6ff8404'),
 ('133', '133', 'en_gb', 'quas-a-cupiditate-iure-proident-bibendum.', 'news/quas-a-cupiditate-iure-proident-bibendum.', '1', '2016-09-13 16:22:45', '2016-09-13 16:22:45', '4001a102-12eb-4425-ac20-1530132ef020'),
 ('134', '134', 'en_gb', 'fugit-volutpat-hendrerit-doloribus-similique-fuga.', 'news/fugit-volutpat-hendrerit-doloribus-similique-fuga.', '1', '2016-09-13 16:23:13', '2016-09-13 16:23:13', 'c84e9feb-7237-4221-8bcb-382185489f58'),
 ('135', '135', 'en_gb', 'laoreet-minus-atque-aliqua-dapibus-sagittis.', 'news/laoreet-minus-atque-aliqua-dapibus-sagittis.', '1', '2016-09-13 16:24:00', '2016-09-13 16:24:00', '0c2fd1a4-7b3f-4a21-a8a0-415d84a8e862'),
 ('136', '136', 'en_gb', 'cameras-on-croxley-1', 'events/cameras-on-croxley-1', '1', '2016-09-13 16:31:02', '2016-09-13 16:31:02', '34eb3293-f4a7-4d26-86da-3e41e89aad2d'),
 ('137', '137', 'en_gb', 'veniam-dolor-ab.', 'events/veniam-dolor-ab.', '1', '2016-09-13 16:31:13', '2016-09-13 16:31:13', '53cc719e-b133-487c-96ef-c26e38a94db8'),
 ('138', '138', 'en_gb', 'risus-aut-veniam.', 'events/risus-aut-veniam.', '1', '2016-09-13 16:31:29', '2016-09-13 16:31:29', 'f5eebca2-0a06-409a-b333-8a31694b882d'),
 ('139', '139', 'en_gb', 'consectetur-aliquid-quisquam-labore-culpa.', 'events/consectetur-aliquid-quisquam-labore-culpa.', '1', '2016-09-13 16:31:39', '2016-09-13 16:31:39', 'd1cd3667-e467-454a-94b3-e468cc57fa80'),
 ('140', '140', 'en_gb', 'faucibus-porro-dictumst-vero-laborum.', 'events/faucibus-porro-dictumst-vero-laborum.', '1', '2016-09-13 16:31:51', '2016-09-13 16:31:51', '168632a6-83bf-4406-a8f3-e12a54115ca9'),
 ('141', '141', 'en_gb', 'officia-aliquet-mattis-leo-aute.', 'events/officia-aliquet-mattis-leo-aute.', '1', '2016-09-13 16:32:00', '2016-09-13 16:32:00', '448e389f-0182-4104-8b9a-e4e63a980548'),
 ('142', '142', 'en_gb', 'aspernatur-iste-sequi-ipsum-nostra.', 'events/aspernatur-iste-sequi-ipsum-nostra.', '1', '2016-09-13 16:32:11', '2016-09-13 16:32:11', '19a83366-39f9-4488-b0b2-81c01c42ce4b'),
 ('143', '143', 'en_gb', 'bray-fox-smith', NULL, '1', '2016-09-13 16:48:31', '2016-09-13 22:55:00', 'f8d69b33-078b-47d5-b228-a69ffb6ab6c7'),
 ('144', '144', 'en_gb', '', NULL, '1', '2016-09-13 16:48:31', '2016-09-13 22:55:00', 'b3aea763-2660-4684-8c62-0251e2ba3ca1'),
 ('145', '145', 'en_gb', '', NULL, '1', '2016-09-13 16:48:31', '2016-09-13 22:55:00', '722b512e-41b2-4167-bd1e-8b07fe76601b'),
 ('146', '146', 'en_gb', '', NULL, '1', '2016-09-13 16:48:31', '2016-09-13 22:55:00', 'a9a97ca2-06da-4eec-8907-88d8edcf8a3c'),
 ('147', '147', 'en_gb', 'stimpsons', NULL, '1', '2016-09-13 16:51:48', '2016-09-13 16:51:48', '179ca6dc-bba8-43cb-b69f-58f71ade88de'),
 ('148', '148', 'en_gb', 'stimpsons', NULL, '1', '2016-09-13 16:51:54', '2016-09-13 16:51:57', 'ef0b9a72-c824-472a-a7dd-d7344d7d9843'),
 ('149', '149', 'en_gb', '', NULL, '1', '2016-09-13 16:51:54', '2016-09-13 16:51:54', '5ce779a3-10a1-40e1-9b70-e75c5bbbae8d'),
 ('150', '150', 'en_gb', '', NULL, '1', '2016-09-13 16:51:54', '2016-09-13 16:51:54', 'f10ef049-30c0-446e-9392-2edd7613b8e0'),
 ('151', '151', 'en_gb', 'cbre', NULL, '1', '2016-09-13 16:52:43', '2016-09-13 16:52:43', '245faedb-3732-4a6e-bfbf-ef4a5d553913'),
 ('152', '152', 'en_gb', 'cbre', NULL, '1', '2016-09-13 16:53:13', '2016-09-13 16:53:17', '906da846-6f14-4ddf-b55f-659600f52ec6'),
 ('153', '153', 'en_gb', '', NULL, '1', '2016-09-13 16:53:13', '2016-09-13 16:53:13', '8fd58ff4-7c52-4490-a3ce-428767a90767'),
 ('154', '154', 'en_gb', '', NULL, '1', '2016-09-13 16:53:13', '2016-09-13 16:53:13', '386a8101-f7f2-4cf9-ba46-9f20ebdb030b'),
 ('155', '155', 'en_gb', '', NULL, '1', '2016-09-13 16:53:13', '2016-09-13 16:53:13', '07dd6e77-0ad5-45c7-adeb-f06bdffb8df7'),
 ('156', '156', 'en_gb', 'sarina-staff', NULL, '1', '2016-09-13 16:54:14', '2016-09-13 16:55:33', '316416c7-ad9a-4e7a-80a7-3aece10e69e7'),
 ('157', '157', 'en_gb', '', NULL, '1', '2016-09-13 16:54:14', '2016-09-13 16:55:33', '1e486863-1a75-4fa6-ac8b-9f16b95ba9d0'),
 ('158', '158', 'en_gb', '', NULL, '1', '2016-09-13 16:54:14', '2016-09-13 16:55:33', '967d9e7d-ed42-4138-9e02-5d37969eff6c'),
 ('159', '159', 'en_gb', 'sarah-shippey', NULL, '1', '2016-09-13 16:54:46', '2016-09-13 16:55:46', 'baebf230-d985-490b-a3ab-8d9dc2e79b46'),
 ('160', '160', 'en_gb', '', NULL, '1', '2016-09-13 16:54:46', '2016-09-13 16:55:46', '618227cf-282e-4023-b24c-7b93f356267d'),
 ('161', '161', 'en_gb', '', NULL, '1', '2016-09-13 16:54:46', '2016-09-13 16:55:46', '116355bd-750c-4ae8-945a-9ddaacb608b2'),
 ('162', '162', 'en_gb', '', NULL, '1', '2016-09-13 16:56:27', '2016-09-13 16:56:27', 'f6775561-46e1-423c-9aae-11664bf13ec2'),
 ('163', '163', 'en_gb', '', NULL, '1', '2016-09-13 16:56:27', '2016-09-13 16:56:27', '760e671d-7904-41ba-9278-19ebf1f973e5'),
 ('164', '164', 'en_gb', '', NULL, '1', '2016-09-13 22:37:03', '2016-09-13 22:37:29', '7aa28392-e32d-40d1-ba1d-5221bb28a66d');



DROP TABLE IF EXISTS `craft_emailmessages`;


--
-- Schema for table `craft_emailmessages`
--
CREATE TABLE `craft_emailmessages` (
  `id` int(11) NOT NULL AUTO_INCREMENT,
  `key` char(150) COLLATE utf8_unicode_ci NOT NULL,
  `locale` char(12) COLLATE utf8_unicode_ci NOT NULL,
  `subject` varchar(1000) COLLATE utf8_unicode_ci NOT NULL,
  `body` text COLLATE utf8_unicode_ci NOT NULL,
  `dateCreated` datetime NOT NULL,
  `dateUpdated` datetime NOT NULL,
  `uid` char(36) COLLATE utf8_unicode_ci NOT NULL DEFAULT '0',
  PRIMARY KEY (`id`),
  UNIQUE KEY `craft_emailmessages_key_locale_unq_idx` (`key`,`locale`),
  KEY `craft_emailmessages_locale_fk` (`locale`)
) ENGINE=InnoDB DEFAULT CHARSET=utf8 COLLATE=utf8_unicode_ci;

DROP TABLE IF EXISTS `craft_entries`;


--
-- Schema for table `craft_entries`
--
CREATE TABLE `craft_entries` (
  `id` int(11) NOT NULL,
  `sectionId` int(11) NOT NULL,
  `typeId` int(11) DEFAULT NULL,
  `authorId` int(11) DEFAULT NULL,
  `postDate` datetime DEFAULT NULL,
  `expiryDate` datetime DEFAULT NULL,
  `dateCreated` datetime NOT NULL,
  `dateUpdated` datetime NOT NULL,
  `uid` char(36) COLLATE utf8_unicode_ci NOT NULL DEFAULT '0',
  PRIMARY KEY (`id`),
  KEY `craft_entries_sectionId_idx` (`sectionId`),
  KEY `craft_entries_typeId_idx` (`typeId`),
  KEY `craft_entries_postDate_idx` (`postDate`),
  KEY `craft_entries_expiryDate_idx` (`expiryDate`),
  KEY `craft_entries_authorId_fk` (`authorId`)
) ENGINE=InnoDB DEFAULT CHARSET=utf8 COLLATE=utf8_unicode_ci;

--
-- Data for table `craft_entries`
--

INSERT INTO `craft_entries` (`id`, `sectionId`, `typeId`, `authorId`, `postDate`, `expiryDate`, `dateCreated`, `dateUpdated`, `uid`) VALUES
 ('2', '1', '1', NULL, '2016-09-09 09:52:07', NULL, '2016-09-06 16:45:31', '2016-09-13 16:18:38', '841851b8-f5ff-4da2-a671-420402c875f4'),
 ('13', '4', '4', '1', '2016-09-07 09:40:52', NULL, '2016-09-07 09:40:52', '2016-09-07 09:40:52', '0e8a4159-1fc4-492c-a8f9-9848ceec27d3'),
 ('14', '4', '4', '1', '2016-09-07 09:41:01', NULL, '2016-09-07 09:41:02', '2016-09-07 09:41:02', '719511fe-7f57-4a96-8a71-2dfa045cd19a'),
 ('15', '4', '4', '1', '2016-09-07 09:41:06', NULL, '2016-09-07 09:41:06', '2016-09-07 09:41:06', 'c7d9abce-6ceb-4784-8995-cd8bb172f312'),
 ('16', '4', '12', '1', '2016-09-07 09:41:00', NULL, '2016-09-07 09:41:12', '2016-09-13 14:10:33', '5f3801b9-e748-4ac0-b1e5-fbe3cb982190'),
 ('17', '4', '11', '1', '2016-09-07 09:41:00', NULL, '2016-09-07 09:41:17', '2016-09-13 16:00:28', 'c246c7e0-bd8e-4eb3-a747-37676092bf34'),
 ('18', '4', '10', '1', '2016-09-07 09:41:00', NULL, '2016-09-07 09:41:22', '2016-09-13 15:45:14', 'a62c2d30-2be7-49a5-8860-e6971f8a75c4'),
 ('19', '4', '13', '1', '2016-09-07 09:41:00', NULL, '2016-09-07 09:41:28', '2016-09-13 16:56:27', 'e6327e76-4018-42fe-adf6-ed4159a98b53'),
 ('20', '4', '4', '1', '2016-09-07 09:41:52', NULL, '2016-09-07 09:41:52', '2016-09-07 09:41:52', '8566faf1-6176-4050-9c68-d1a3d96f1702'),
 ('21', '4', '4', '1', '2016-09-07 09:42:09', NULL, '2016-09-07 09:42:09', '2016-09-07 09:42:09', '968a9290-8c13-4752-a582-8e5e01d39344'),
 ('22', '4', '4', '1', '2016-09-07 09:42:18', NULL, '2016-09-07 09:42:18', '2016-09-07 09:42:18', '24f07319-b1cb-455d-8dce-430a47f4c670'),
 ('23', '4', '4', '1', '2016-09-07 09:42:37', NULL, '2016-09-07 09:42:37', '2016-09-07 09:42:37', '6a0e3ae9-d5c1-4db5-8438-5d3c3513ea29'),
 ('24', '4', '7', '1', '2016-09-07 09:43:00', NULL, '2016-09-07 09:43:00', '2016-09-09 10:43:25', '9ad69391-b086-4c8b-a73a-c4c9c58b3120'),
 ('25', '4', '4', '1', '2016-09-07 09:43:09', NULL, '2016-09-07 09:43:09', '2016-09-07 09:43:09', 'c451b7b1-9cec-4a17-8750-1ae7da39e63f'),
 ('26', '4', '4', '1', '2016-09-07 09:43:18', NULL, '2016-09-07 09:43:18', '2016-09-07 09:43:18', 'e2d3a49b-5bdb-4346-9f44-da8eea230418'),
 ('27', '4', '4', '1', '2016-09-07 09:43:28', NULL, '2016-09-07 09:43:28', '2016-09-07 09:43:28', '6ce77e8d-e0a6-4979-b26f-ab4f2e934ca7'),
 ('28', '4', '4', '1', '2016-09-07 09:43:39', NULL, '2016-09-07 09:43:39', '2016-09-07 09:43:39', '0c014d0d-f07f-4008-a5f1-c31308a45091'),
 ('29', '4', '4', '1', '2016-09-07 09:43:48', NULL, '2016-09-07 09:43:48', '2016-09-07 09:43:48', '395e7369-6017-48f4-a919-cd8a7bab29ea'),
 ('30', '4', '4', '1', '2016-09-07 09:44:06', NULL, '2016-09-07 09:44:06', '2016-09-07 09:44:06', '6e728990-4e38-4e4c-804b-166080fe0cfb'),
 ('31', '4', '4', '1', '2016-09-07 09:44:20', NULL, '2016-09-07 09:44:20', '2016-09-07 09:44:20', 'd562fe8d-a76f-46c6-94e1-33326b415626'),
 ('32', '4', '4', '1', '2016-09-07 09:44:35', NULL, '2016-09-07 09:44:35', '2016-09-07 09:44:35', '045da032-4ee7-4175-b1bf-12779dbb419c'),
 ('33', '3', '3', '1', '2016-09-07 09:45:05', NULL, '2016-09-07 09:45:05', '2016-09-07 09:45:05', '314dad10-9e9c-44a5-8d70-ce4e27c5316b'),
 ('34', '3', '3', '1', '2016-09-07 09:45:10', NULL, '2016-09-07 09:45:10', '2016-09-07 09:45:10', '29388917-ab6e-4f4e-b469-a6e40c7e8e17'),
 ('35', '3', '3', '1', '2016-09-07 09:45:16', NULL, '2016-09-07 09:45:16', '2016-09-07 09:45:16', '88f1d2a5-f8c5-40ed-8673-09d4f47d3434'),
 ('36', '3', '3', '1', '2016-09-07 09:45:25', NULL, '2016-09-07 09:45:25', '2016-09-07 09:45:25', 'bdb54b63-f58a-468b-a523-ff6cf230f78d'),
 ('37', '3', '3', '1', '2016-09-07 09:45:30', NULL, '2016-09-07 09:45:30', '2016-09-07 09:45:30', '7d7d5b21-358b-4ed7-87c5-4767ed042ffb'),
 ('60', '7', NULL, NULL, '2016-09-09 11:15:01', NULL, '2016-09-09 11:15:01', '2016-09-09 15:39:37', 'f8fbad89-7f6c-40f5-99bf-1aa2d191f7d3'),
 ('76', '5', '5', '1', '2016-09-12 14:16:53', NULL, '2016-09-12 14:16:53', '2016-09-12 14:16:53', 'fd00c187-f8b2-4e88-bba3-baadbebb5305'),
 ('77', '5', '5', '1', '2016-09-12 14:16:00', NULL, '2016-09-12 14:17:04', '2016-09-12 14:17:28', 'cfaf98d9-fc06-48bc-b553-846f61b0b1f5'),
 ('78', '6', '6', '1', '2016-09-12 14:22:00', NULL, '2016-09-12 14:22:26', '2016-09-12 14:22:36', 'c82d03cd-a121-452b-95e6-6d74abdbbace'),
 ('79', '6', '6', '1', '2016-09-12 14:23:21', NULL, '2016-09-12 14:23:21', '2016-09-12 14:23:21', '9630fb05-59a2-49b5-99b8-858a9b28780b'),
 ('117', '8', '9', '1', '2016-09-12 16:00:54', NULL, '2016-09-12 16:00:54', '2016-09-12 16:07:43', '5595b151-322b-4062-8fc5-db3b0d4ea848'),
 ('118', '8', '9', '1', '2016-09-12 16:03:01', NULL, '2016-09-12 16:03:01', '2016-09-12 16:03:01', '3c60b544-7e2d-4fde-acba-3bf7a6963da4'),
 ('119', '8', '9', '1', '2016-09-12 16:04:43', NULL, '2016-09-12 16:04:43', '2016-09-12 16:04:43', '3190d2aa-ecf0-4730-ab8d-ea8805ac0142'),
 ('120', '8', '9', '1', '2016-09-12 16:04:00', NULL, '2016-09-12 16:04:51', '2016-09-12 16:05:25', '06de0fc9-14fd-4d55-bf6e-b3e8c410faa5'),
 ('121', '8', '9', '1', '2016-09-12 16:05:44', NULL, '2016-09-12 16:05:44', '2016-09-12 16:05:44', '6fec3a5f-6420-4f89-8b89-fab5c9ccfb62'),
 ('125', '5', '5', '1', '2016-09-12 14:16:00', NULL, '2016-09-13 16:19:46', '2016-09-13 16:20:13', '4d9630c4-f5c5-4fcc-b814-6fd3eae96ca5'),
 ('126', '5', '5', '1', '2016-09-12 14:16:00', NULL, '2016-09-13 16:20:31', '2016-09-13 16:20:31', 'e294605b-4d9f-400b-8a56-ea2c16600345'),
 ('127', '5', '5', '1', '2016-09-12 14:16:00', NULL, '2016-09-13 16:20:47', '2016-09-13 16:20:47', '4576273b-0e75-44a5-9f79-ee6e4e2bbf73'),
 ('128', '5', '5', '1', '2016-09-12 14:16:00', NULL, '2016-09-13 16:21:34', '2016-09-13 16:21:34', '28b9bd12-2584-4d7b-8248-be122e183099'),
 ('129', '5', '5', '1', '2016-09-12 14:16:00', NULL, '2016-09-13 16:21:43', '2016-09-13 16:21:43', 'd77f98f2-40dc-43a4-9adc-a15089248da9'),
 ('130', '5', '5', '1', '2016-09-12 14:16:00', NULL, '2016-09-13 16:21:58', '2016-09-13 16:21:58', '7f38f853-ad47-4008-9dfb-4aeaf9abaf61'),
 ('131', '5', '5', '1', '2016-09-12 14:16:00', NULL, '2016-09-13 16:22:25', '2016-09-13 16:22:25', 'b1b68cbc-068f-4a81-8b92-0c310ad55605'),
 ('132', '5', '5', '1', '2016-09-12 14:16:00', NULL, '2016-09-13 16:22:34', '2016-09-13 16:22:34', '948a22e9-00a9-4626-ac01-73de3d85d5b6'),
 ('133', '5', '5', '1', '2016-09-12 14:16:00', NULL, '2016-09-13 16:22:45', '2016-09-13 16:22:45', '3ab68180-eda3-4963-a69b-0f955d35b3f1'),
 ('134', '5', '5', '1', '2016-09-12 14:16:00', NULL, '2016-09-13 16:23:13', '2016-09-13 16:23:13', '714a7b9d-135e-479f-8327-b6949e78235b'),
 ('135', '5', '5', '1', '2016-09-12 14:16:00', NULL, '2016-09-13 16:24:00', '2016-09-13 16:24:00', 'd862e8e6-f85b-49d1-80c1-d15b9c394f3a'),
 ('136', '6', '6', '1', '2016-09-12 14:22:00', NULL, '2016-09-13 16:31:02', '2016-09-13 16:31:02', '1fcdb1cd-f6aa-4eed-a970-99ae9af9263c'),
 ('137', '6', '6', '1', '2016-09-12 14:22:00', NULL, '2016-09-13 16:31:13', '2016-09-13 16:31:13', '2c54478b-ea09-4dc8-b4e2-5dc0eaca7cca'),
 ('138', '6', '6', '1', '2016-09-12 14:22:00', NULL, '2016-09-13 16:31:29', '2016-09-13 16:31:29', '579a0b14-4cf5-4e9c-8ba4-0d66196b0504'),
 ('139', '6', '6', '1', '2016-09-12 14:22:00', NULL, '2016-09-13 16:31:39', '2016-09-13 16:31:39', 'a221c2dd-1a3c-40db-8212-3d28c751b441'),
 ('140', '6', '6', '1', '2016-09-12 14:22:00', NULL, '2016-09-13 16:31:51', '2016-09-13 16:31:51', 'c044b5b7-1eca-49a9-a161-b94d83d23d37'),
 ('141', '6', '6', '1', '2016-09-12 14:22:00', NULL, '2016-09-13 16:32:01', '2016-09-13 16:32:01', '05507937-0684-4fb2-a6d4-80305a8959e9'),
 ('142', '6', '6', '1', '2016-09-12 14:22:00', NULL, '2016-09-13 16:32:11', '2016-09-13 16:32:11', 'cae60d51-e9da-4b93-a07a-d4b93a713afa'),
 ('143', '9', '14', '1', '2016-09-13 16:48:00', NULL, '2016-09-13 16:48:31', '2016-09-13 22:55:00', '9b2a145a-d507-4185-b99a-b4fba00a6dc8'),
 ('148', '9', '14', '1', '2016-09-13 16:51:54', NULL, '2016-09-13 16:51:54', '2016-09-13 16:51:54', 'f66a7f84-f136-4d61-bb14-165ea96df27f'),
 ('152', '9', '14', '1', '2016-09-13 16:48:00', NULL, '2016-09-13 16:53:13', '2016-09-13 16:53:13', '87ee8a46-1f59-46bd-bc60-b59c9c4f7bc0'),
 ('156', '9', '14', '1', '2016-09-13 16:54:00', NULL, '2016-09-13 16:54:14', '2016-09-13 16:55:33', 'dd0e9263-7768-48a9-85d9-dc2e533a71d3'),
 ('159', '9', '14', '1', '2016-09-13 16:54:00', NULL, '2016-09-13 16:54:46', '2016-09-13 16:55:46', '50532096-4dc1-420a-a1ec-533fdbb87d23');



DROP TABLE IF EXISTS `craft_entrydrafts`;


--
-- Schema for table `craft_entrydrafts`
--
CREATE TABLE `craft_entrydrafts` (
  `id` int(11) NOT NULL AUTO_INCREMENT,
  `entryId` int(11) NOT NULL,
  `sectionId` int(11) NOT NULL,
  `creatorId` int(11) NOT NULL,
  `locale` char(12) COLLATE utf8_unicode_ci NOT NULL,
  `name` varchar(255) COLLATE utf8_unicode_ci NOT NULL,
  `notes` tinytext COLLATE utf8_unicode_ci,
  `data` mediumtext COLLATE utf8_unicode_ci NOT NULL,
  `dateCreated` datetime NOT NULL,
  `dateUpdated` datetime NOT NULL,
  `uid` char(36) COLLATE utf8_unicode_ci NOT NULL DEFAULT '0',
  PRIMARY KEY (`id`),
  KEY `craft_entrydrafts_entryId_locale_idx` (`entryId`,`locale`),
  KEY `craft_entrydrafts_sectionId_fk` (`sectionId`),
  KEY `craft_entrydrafts_creatorId_fk` (`creatorId`),
  KEY `craft_entrydrafts_locale_fk` (`locale`)
) ENGINE=InnoDB DEFAULT CHARSET=utf8 COLLATE=utf8_unicode_ci;

DROP TABLE IF EXISTS `craft_entrytypes`;


--
-- Schema for table `craft_entrytypes`
--
CREATE TABLE `craft_entrytypes` (
  `id` int(11) NOT NULL AUTO_INCREMENT,
  `sectionId` int(11) NOT NULL,
  `fieldLayoutId` int(11) DEFAULT NULL,
  `name` varchar(255) COLLATE utf8_unicode_ci NOT NULL,
  `handle` varchar(255) COLLATE utf8_unicode_ci NOT NULL,
  `hasTitleField` tinyint(1) unsigned NOT NULL DEFAULT '1',
  `titleLabel` varchar(255) COLLATE utf8_unicode_ci DEFAULT 'Title',
  `titleFormat` varchar(255) COLLATE utf8_unicode_ci DEFAULT NULL,
  `sortOrder` smallint(6) unsigned DEFAULT NULL,
  `dateCreated` datetime NOT NULL,
  `dateUpdated` datetime NOT NULL,
  `uid` char(36) COLLATE utf8_unicode_ci NOT NULL DEFAULT '0',
  PRIMARY KEY (`id`),
  UNIQUE KEY `craft_entrytypes_name_sectionId_unq_idx` (`name`,`sectionId`),
  UNIQUE KEY `craft_entrytypes_handle_sectionId_unq_idx` (`handle`,`sectionId`),
  KEY `craft_entrytypes_sectionId_fk` (`sectionId`),
  KEY `craft_entrytypes_fieldLayoutId_fk` (`fieldLayoutId`)
) ENGINE=InnoDB AUTO_INCREMENT=15 DEFAULT CHARSET=utf8 COLLATE=utf8_unicode_ci;

--
-- Data for table `craft_entrytypes`
--

INSERT INTO `craft_entrytypes` (`id`, `sectionId`, `fieldLayoutId`, `name`, `handle`, `hasTitleField`, `titleLabel`, `titleFormat`, `sortOrder`, `dateCreated`, `dateUpdated`, `uid`) VALUES
 ('1', '1', '94', 'Homepage', 'homepage', '1', 'Title', NULL, '1', '2016-09-06 16:45:31', '2016-09-12 14:39:07', '01c247bf-fd7b-445d-b76a-1d040e5073c8'),
 ('3', '3', '14', 'Footer', 'footer', '1', 'Title', NULL, '1', '2016-09-07 08:53:30', '2016-09-07 08:53:30', '360805ac-9e22-4e8b-929f-90724a99af60'),
 ('4', '4', '74', 'Site', 'site', '1', 'Title', NULL, '1', '2016-09-07 09:33:50', '2016-09-09 09:57:36', 'f6925181-4ac0-4c90-b215-c87fd2b46f4e'),
 ('5', '5', '90', 'News', 'news', '1', 'Title', NULL, '1', '2016-09-07 09:34:11', '2016-09-12 14:02:20', '05310f8b-07bf-4c92-a1c6-45048b836c7a'),
 ('6', '6', '91', 'Events', 'events', '1', 'Title', NULL, '1', '2016-09-07 09:34:21', '2016-09-12 14:18:35', '6f34e0a0-be0f-420d-a99d-591d6df90224'),
 ('7', '4', '75', 'Building', 'building', '1', 'Title', NULL, '2', '2016-09-09 09:44:50', '2016-09-09 09:57:54', 'efe8cf93-a7af-43bc-a348-6b98b283f23a'),
 ('8', '7', '86', 'Patterns', 'patterns', '0', NULL, '{section.name|raw}', '1', '2016-09-09 11:15:01', '2016-09-09 15:37:56', '95f5013d-db36-4d45-8849-00210a4f9557'),
 ('9', '8', '99', 'Amenities', 'amenities', '1', 'Title', NULL, '1', '2016-09-12 14:24:17', '2016-09-12 16:04:15', '6656c947-61b0-41d7-a875-39b247c4f0a3'),
 ('10', '4', '110', 'News listing', 'newsListing', '1', 'Title', NULL, '3', '2016-09-12 15:39:50', '2016-09-13 15:43:49', '2e92586d-debb-4e41-bb58-837f064c49f9'),
 ('11', '4', '100', 'Events listing', 'eventsListing', '1', 'Title', NULL, '4', '2016-09-12 15:40:05', '2016-09-12 16:31:56', '8770c8f2-fa20-4488-9bdc-4e376d0e31de'),
 ('12', '4', '97', 'Masonry', 'masonry', '1', 'Title', NULL, '5', '2016-09-12 15:48:47', '2016-09-12 15:48:47', '12e38960-1210-4d13-9023-dfee323cf398'),
 ('13', '4', '115', 'Contact', 'contact', '1', 'Title', NULL, '6', '2016-09-13 16:42:19', '2016-09-13 16:46:06', 'f85ed4e5-83c7-4b0e-9644-2497cc3ec999'),
 ('14', '9', '116', 'Contacts', 'contacts', '1', 'Title', NULL, '1', '2016-09-13 16:44:01', '2016-09-13 16:46:47', '61c0d6f9-01bb-4855-9ee7-aeacea22308e');



DROP TABLE IF EXISTS `craft_entryversions`;


--
-- Schema for table `craft_entryversions`
--
CREATE TABLE `craft_entryversions` (
  `id` int(11) NOT NULL AUTO_INCREMENT,
  `entryId` int(11) NOT NULL,
  `sectionId` int(11) NOT NULL,
  `creatorId` int(11) DEFAULT NULL,
  `locale` char(12) COLLATE utf8_unicode_ci NOT NULL,
  `num` smallint(6) unsigned NOT NULL,
  `notes` tinytext COLLATE utf8_unicode_ci,
  `data` mediumtext COLLATE utf8_unicode_ci NOT NULL,
  `dateCreated` datetime NOT NULL,
  `dateUpdated` datetime NOT NULL,
  `uid` char(36) COLLATE utf8_unicode_ci NOT NULL DEFAULT '0',
  PRIMARY KEY (`id`),
  KEY `craft_entryversions_entryId_locale_idx` (`entryId`,`locale`),
  KEY `craft_entryversions_sectionId_fk` (`sectionId`),
  KEY `craft_entryversions_creatorId_fk` (`creatorId`),
  KEY `craft_entryversions_locale_fk` (`locale`)
) ENGINE=InnoDB AUTO_INCREMENT=99 DEFAULT CHARSET=utf8 COLLATE=utf8_unicode_ci;

--
-- Data for table `craft_entryversions`
--

INSERT INTO `craft_entryversions` (`id`, `entryId`, `sectionId`, `creatorId`, `locale`, `num`, `notes`, `data`, `dateCreated`, `dateUpdated`, `uid`) VALUES
 ('1', '2', '1', '1', 'en_gb', '1', NULL, '{\"typeId\":\"1\",\"authorId\":null,\"title\":\"Homepage\",\"slug\":\"homepage\",\"postDate\":1473180331,\"expiryDate\":null,\"enabled\":1,\"parentId\":null,\"fields\":[]}', '2016-09-06 16:45:31', '2016-09-06 16:45:31', '35bc960e-9d7e-4ee0-add9-d43cdcec8fbe'),
 ('2', '2', '1', '1', 'en_gb', '2', NULL, '{\"typeId\":null,\"authorId\":null,\"title\":\"Welcome to Local.croxleypark.com!\",\"slug\":\"homepage\",\"postDate\":1473180331,\"expiryDate\":null,\"enabled\":\"1\",\"parentId\":null,\"fields\":{\"1\":\"<p>It\\u2019s true, this site doesn\\u2019t have a whole lot of content yet, but don\\u2019t worry. Our web developers have just installed the CMS, and they\\u2019re setting things up for the content editors this very moment. Soon Local.croxleypark.com will be an oasis of fresh perspectives, sharp analyses, and astute opinions that will keep you coming back again and again.<\\/p>\"}}', '2016-09-06 16:45:31', '2016-09-06 16:45:31', 'b500bdf3-fa61-474b-a090-dbab11cc245d'),
 ('3', '13', '4', '1', 'en_gb', '1', '', '{\"typeId\":null,\"authorId\":\"1\",\"title\":\"The Park\",\"slug\":\"the-park\",\"postDate\":1473241252,\"expiryDate\":null,\"enabled\":1,\"parentId\":\"\",\"fields\":[]}', '2016-09-07 09:40:52', '2016-09-07 09:40:52', '7a67e7cb-8a59-40b7-aad1-aaef4ac1ef6c'),
 ('4', '14', '4', '1', 'en_gb', '1', '', '{\"typeId\":null,\"authorId\":\"1\",\"title\":\"Availability\",\"slug\":\"availability\",\"postDate\":1473241261,\"expiryDate\":null,\"enabled\":1,\"parentId\":\"\",\"fields\":[]}', '2016-09-07 09:41:02', '2016-09-07 09:41:02', 'ae671964-44e3-4f7a-a556-53175637d26e'),
 ('5', '15', '4', '1', 'en_gb', '1', '', '{\"typeId\":null,\"authorId\":\"1\",\"title\":\"Location\",\"slug\":\"location\",\"postDate\":1473241266,\"expiryDate\":null,\"enabled\":1,\"parentId\":\"\",\"fields\":[]}', '2016-09-07 09:41:06', '2016-09-07 09:41:06', '7f389922-0d6c-420e-94d0-811090e4a30a'),
 ('6', '16', '4', '1', 'en_gb', '1', '', '{\"typeId\":null,\"authorId\":\"1\",\"title\":\"Amenities\",\"slug\":\"amenities\",\"postDate\":1473241271,\"expiryDate\":null,\"enabled\":1,\"parentId\":\"\",\"fields\":[]}', '2016-09-07 09:41:12', '2016-09-07 09:41:12', 'cc8264c3-5a68-45c6-a802-dca348a75ef5'),
 ('7', '17', '4', '1', 'en_gb', '1', '', '{\"typeId\":null,\"authorId\":\"1\",\"title\":\"Events\",\"slug\":\"events\",\"postDate\":1473241277,\"expiryDate\":null,\"enabled\":1,\"parentId\":\"\",\"fields\":[]}', '2016-09-07 09:41:17', '2016-09-07 09:41:17', 'e584f8b4-d24a-4ea4-9d84-90e641597e4d'),
 ('8', '18', '4', '1', 'en_gb', '1', '', '{\"typeId\":null,\"authorId\":\"1\",\"title\":\"News\",\"slug\":\"news\",\"postDate\":1473241282,\"expiryDate\":null,\"enabled\":1,\"parentId\":\"\",\"fields\":[]}', '2016-09-07 09:41:22', '2016-09-07 09:41:22', 'a2b165af-539c-44d7-91ab-01e02fb18355'),
 ('9', '19', '4', '1', 'en_gb', '1', '', '{\"typeId\":null,\"authorId\":\"1\",\"title\":\"Contact\",\"slug\":\"contact\",\"postDate\":1473241288,\"expiryDate\":null,\"enabled\":1,\"parentId\":\"\",\"fields\":[]}', '2016-09-07 09:41:28', '2016-09-07 09:41:28', 'b39f06a4-4a9f-40f1-a54d-3092563db703'),
 ('10', '20', '4', '1', 'en_gb', '1', '', '{\"typeId\":null,\"authorId\":\"1\",\"title\":\"Overview\",\"slug\":\"overview\",\"postDate\":1473241312,\"expiryDate\":null,\"enabled\":1,\"parentId\":\"13\",\"fields\":[]}', '2016-09-07 09:41:52', '2016-09-07 09:41:52', '1a5d43b8-3157-410a-9cc3-8cea1a1193e8'),
 ('11', '21', '4', '1', 'en_gb', '1', '', '{\"typeId\":null,\"authorId\":\"1\",\"title\":\"Environment\",\"slug\":\"environment\",\"postDate\":1473241329,\"expiryDate\":null,\"enabled\":1,\"parentId\":\"13\",\"fields\":[]}', '2016-09-07 09:42:09', '2016-09-07 09:42:09', '3c6cc6e8-3e04-482a-a447-c17f24367f64'),
 ('12', '22', '4', '1', 'en_gb', '1', '', '{\"typeId\":null,\"authorId\":\"1\",\"title\":\"Management\",\"slug\":\"management\",\"postDate\":1473241338,\"expiryDate\":null,\"enabled\":1,\"parentId\":\"13\",\"fields\":[]}', '2016-09-07 09:42:18', '2016-09-07 09:42:18', '97e268c8-c18d-4ab6-8155-9e0a07617d45'),
 ('13', '23', '4', '1', 'en_gb', '1', '', '{\"typeId\":null,\"authorId\":\"1\",\"title\":\"Overview\",\"slug\":\"overview\",\"postDate\":1473241357,\"expiryDate\":null,\"enabled\":1,\"parentId\":\"14\",\"fields\":[]}', '2016-09-07 09:42:37', '2016-09-07 09:42:37', '9643d754-8482-4612-940f-168e7eb09eb1'),
 ('14', '24', '4', '1', 'en_gb', '1', '', '{\"typeId\":null,\"authorId\":\"1\",\"title\":\"Building 1\",\"slug\":\"building-1\",\"postDate\":1473241380,\"expiryDate\":null,\"enabled\":1,\"parentId\":\"14\",\"fields\":[]}', '2016-09-07 09:43:00', '2016-09-07 09:43:00', 'ce17406d-5f8d-48bf-bca2-479da6ceb077'),
 ('15', '25', '4', '1', 'en_gb', '1', '', '{\"typeId\":null,\"authorId\":\"1\",\"title\":\"Building 2\",\"slug\":\"building-2\",\"postDate\":1473241389,\"expiryDate\":null,\"enabled\":1,\"parentId\":\"14\",\"fields\":[]}', '2016-09-07 09:43:09', '2016-09-07 09:43:09', '2552210f-f9b2-4b3f-a633-87657e55e2a7'),
 ('16', '26', '4', '1', 'en_gb', '1', '', '{\"typeId\":null,\"authorId\":\"1\",\"title\":\"Building 3\",\"slug\":\"building-3\",\"postDate\":1473241398,\"expiryDate\":null,\"enabled\":1,\"parentId\":\"14\",\"fields\":[]}', '2016-09-07 09:43:18', '2016-09-07 09:43:18', '04146d9c-7050-443b-a670-788378a97c3e'),
 ('17', '27', '4', '1', 'en_gb', '1', '', '{\"typeId\":null,\"authorId\":\"1\",\"title\":\"Building 4\",\"slug\":\"building-4\",\"postDate\":1473241408,\"expiryDate\":null,\"enabled\":1,\"parentId\":\"14\",\"fields\":[]}', '2016-09-07 09:43:28', '2016-09-07 09:43:28', 'f5f3db3e-9e06-4056-844d-2042668267fd'),
 ('18', '28', '4', '1', 'en_gb', '1', '', '{\"typeId\":null,\"authorId\":\"1\",\"title\":\"Building 5\",\"slug\":\"building-5\",\"postDate\":1473241419,\"expiryDate\":null,\"enabled\":1,\"parentId\":\"14\",\"fields\":[]}', '2016-09-07 09:43:39', '2016-09-07 09:43:39', '0fd83098-d558-469a-9aba-245885952469'),
 ('19', '29', '4', '1', 'en_gb', '1', '', '{\"typeId\":null,\"authorId\":\"1\",\"title\":\"Building 6\",\"slug\":\"building-6\",\"postDate\":1473241428,\"expiryDate\":null,\"enabled\":1,\"parentId\":\"14\",\"fields\":[]}', '2016-09-07 09:43:48', '2016-09-07 09:43:48', '29a11b79-d95f-486a-bf60-9e65e30d3d39'),
 ('20', '30', '4', '1', 'en_gb', '1', '', '{\"typeId\":null,\"authorId\":\"1\",\"title\":\"Building 7\",\"slug\":\"building-7\",\"postDate\":1473241446,\"expiryDate\":null,\"enabled\":1,\"parentId\":\"14\",\"fields\":[]}', '2016-09-07 09:44:06', '2016-09-07 09:44:06', '4832d26b-803d-48a4-aa60-50386d2d4a41'),
 ('21', '31', '4', '1', 'en_gb', '1', '', '{\"typeId\":null,\"authorId\":\"1\",\"title\":\"Connections\",\"slug\":\"connections\",\"postDate\":1473241460,\"expiryDate\":null,\"enabled\":1,\"parentId\":\"15\",\"fields\":[]}', '2016-09-07 09:44:20', '2016-09-07 09:44:20', 'c1b0b71b-0fc4-47c5-b674-75ffce70d33b'),
 ('22', '32', '4', '1', 'en_gb', '1', '', '{\"typeId\":null,\"authorId\":\"1\",\"title\":\"Local Area\",\"slug\":\"local-area\",\"postDate\":1473241475,\"expiryDate\":null,\"enabled\":1,\"parentId\":\"15\",\"fields\":[]}', '2016-09-07 09:44:35', '2016-09-07 09:44:35', '8caf5950-8d98-4874-85a8-db29701559d3'),
 ('23', '33', '3', '1', 'en_gb', '1', '', '{\"typeId\":null,\"authorId\":\"1\",\"title\":\"Download Brochure\",\"slug\":\"download-brochure\",\"postDate\":1473241505,\"expiryDate\":null,\"enabled\":1,\"parentId\":null,\"fields\":[]}', '2016-09-07 09:45:05', '2016-09-07 09:45:05', '553502c9-eee7-4963-99ad-e41379d6979d'),
 ('24', '34', '3', '1', 'en_gb', '1', '', '{\"typeId\":null,\"authorId\":\"1\",\"title\":\"Legal\",\"slug\":\"legal\",\"postDate\":1473241510,\"expiryDate\":null,\"enabled\":1,\"parentId\":null,\"fields\":[]}', '2016-09-07 09:45:10', '2016-09-07 09:45:10', '8e5c4891-7617-47c7-af7b-fc9c9544230e'),
 ('25', '35', '3', '1', 'en_gb', '1', '', '{\"typeId\":null,\"authorId\":\"1\",\"title\":\"Cookies\",\"slug\":\"cookies\",\"postDate\":1473241516,\"expiryDate\":null,\"enabled\":1,\"parentId\":null,\"fields\":[]}', '2016-09-07 09:45:16', '2016-09-07 09:45:16', '3a74781b-d07c-4ea8-950f-30a05f4776a1'),
 ('26', '36', '3', '1', 'en_gb', '1', '', '{\"typeId\":null,\"authorId\":\"1\",\"title\":\"Terms & Conditions\",\"slug\":\"terms-conditions\",\"postDate\":1473241525,\"expiryDate\":null,\"enabled\":1,\"parentId\":null,\"fields\":[]}', '2016-09-07 09:45:25', '2016-09-07 09:45:25', '67d8997e-101b-4bda-bfab-3c92a3c1e032'),
 ('27', '37', '3', '1', 'en_gb', '1', '', '{\"typeId\":null,\"authorId\":\"1\",\"title\":\"Site map\",\"slug\":\"site-map\",\"postDate\":1473241530,\"expiryDate\":null,\"enabled\":1,\"parentId\":null,\"fields\":[]}', '2016-09-07 09:45:30', '2016-09-07 09:45:30', '630892d3-3c79-4143-ad9c-fd9aa5a402d6'),
 ('28', '24', '4', '1', 'en_gb', '2', '', '{\"typeId\":\"7\",\"authorId\":\"1\",\"title\":\"Building 1\",\"slug\":\"building-1\",\"postDate\":1473241380,\"expiryDate\":null,\"enabled\":1,\"parentId\":\"14\",\"fields\":{\"1\":\"\",\"48\":\"\",\"39\":\"\",\"46\":\"\",\"5\":\"\",\"4\":\"\",\"7\":\"\",\"47\":\"\",\"6\":\"\",\"45\":\"\",\"16\":\"\"}}', '2016-09-09 09:58:26', '2016-09-09 09:58:26', '45320775-9362-4b26-ba3e-8e2d3c4f2f12'),
 ('29', '24', '4', '1', 'en_gb', '3', '', '{\"typeId\":\"7\",\"authorId\":\"1\",\"title\":\"Building 1\",\"slug\":\"building-1\",\"postDate\":1473241380,\"expiryDate\":null,\"enabled\":1,\"parentId\":\"14\",\"fields\":{\"1\":\"\",\"48\":[\"58\"],\"39\":\"\",\"46\":\"60,000 sq ft coming soon\",\"5\":\"\",\"4\":\"\",\"7\":\"\",\"47\":\"<p>Tem vidi dolor a sinciis et essi doluptasi cusae volut aut as sum quatiat autecaectios atios num eosanie nihilic tem et officimus ma verum, con rem sunt poritas modi&nbsp;<\\/p>\",\"6\":[\"59\"],\"45\":\"\",\"16\":\"\"}}', '2016-09-09 10:43:25', '2016-09-09 10:43:25', '176a8beb-7520-4933-9f88-a8726f129839'),
 ('30', '60', '7', '1', 'en_gb', '1', NULL, '{\"typeId\":\"8\",\"authorId\":null,\"title\":\"Patterns\",\"slug\":\"patterns\",\"postDate\":1473419701,\"expiryDate\":null,\"enabled\":1,\"parentId\":null,\"fields\":[]}', '2016-09-09 11:15:01', '2016-09-09 11:15:01', 'a844e637-35dc-413f-82d5-0abc2e02e8c3'),
 ('31', '60', '7', '1', 'en_gb', '2', '', '{\"typeId\":null,\"authorId\":null,\"title\":\"Patterns\",\"slug\":\"patterns\",\"postDate\":1473419701,\"expiryDate\":null,\"enabled\":1,\"parentId\":null,\"fields\":{\"48\":\"\",\"20\":\"\",\"39\":\"\",\"8\":{\"new1\":{\"type\":\"block\",\"enabled\":\"1\",\"fields\":{\"style\":\"standard\",\"heading\":\"A little heading\",\"body\":\"<p>Curabitur non nulla sit amet nisl tempus convallis quis ac lectus. Sed porttitor lectus nibh. Quisque velit nisi, pretium ut lacinia in, elementum id enim. Cras ultricies ligula sed magna dictum porta.<\\/p>\",\"button\":{\"type\":\"entry\",\"custom\":\"\",\"entry\":[\"2\"],\"asset\":\"\",\"customText\":\"Fancy link\",\"target\":\"\"}}}},\"46\":\"\",\"47\":\"\",\"45\":\"\",\"16\":\"\"}}', '2016-09-09 11:18:28', '2016-09-09 11:18:28', '74edb1a2-2449-4972-a5e2-74b63aa07676'),
 ('32', '60', '7', '1', 'en_gb', '3', '', '{\"typeId\":null,\"authorId\":null,\"title\":\"Patterns\",\"slug\":\"patterns\",\"postDate\":1473419701,\"expiryDate\":null,\"enabled\":1,\"parentId\":null,\"fields\":{\"48\":\"\",\"20\":\"\",\"39\":\"\",\"8\":{\"61\":{\"type\":\"block\",\"enabled\":\"1\",\"fields\":{\"style\":\"standard\",\"heading\":\"A little heading\",\"body\":\"<p>Curabitur non nulla sit amet nisl tempus convallis quis ac lectus. Sed porttitor lectus nibh. Quisque velit nisi, pretium ut lacinia in, elementum id enim. Cras ultricies ligula sed magna dictum porta.<\\/p>\",\"button\":{\"type\":\"entry\",\"custom\":\"\",\"entry\":[\"2\"],\"asset\":\"\",\"customText\":\"Fancy link\",\"target\":\"\"}}}},\"46\":\"\",\"47\":\"\",\"45\":\"\",\"16\":\"\"}}', '2016-09-09 11:49:58', '2016-09-09 11:49:58', '37eec5a5-6b65-425d-a745-0502816c0c67'),
 ('33', '60', '7', '1', 'en_gb', '4', '', '{\"typeId\":null,\"authorId\":null,\"title\":\"Patterns\",\"slug\":\"patterns\",\"postDate\":1473419701,\"expiryDate\":null,\"enabled\":1,\"parentId\":null,\"fields\":{\"48\":\"\",\"20\":\"\",\"39\":{\"new1\":{\"type\":\"3\",\"fields\":{\"area\":\"Floor 2\",\"availability\":\"Available now\",\"sqFt\":\"21,932\",\"sqM\":\"2,038\",\"image\":[\"62\"]}},\"new2\":{\"type\":\"3\",\"fields\":{\"area\":\"Floor 1\",\"availability\":\"Fully let\",\"sqFt\":\"21,807\",\"sqM\":\"2,026\",\"image\":[\"62\"]}},\"new3\":{\"type\":\"3\",\"fields\":{\"area\":\"Floor G\",\"availability\":\"Nov 2016\",\"sqFt\":\"9,091\",\"sqM\":\"845\",\"image\":\"\"}}},\"8\":{\"61\":{\"type\":\"block\",\"enabled\":\"1\",\"fields\":{\"style\":\"std\",\"heading\":\"A little heading\",\"body\":\"<p>Curabitur non nulla sit amet nisl tempus convallis quis ac lectus. Sed porttitor lectus nibh. Quisque velit nisi, pretium ut lacinia in, elementum id enim. Cras ultricies ligula sed magna dictum porta.<\\/p>\",\"button\":{\"type\":\"entry\",\"custom\":\"\",\"entry\":[\"2\"],\"asset\":\"\",\"customText\":\"Fancy link\",\"target\":\"\"}}}},\"46\":\"\",\"47\":\"\",\"45\":\"\",\"16\":\"\"}}', '2016-09-09 13:29:54', '2016-09-09 13:29:54', '17a35bdf-7107-4d9e-b285-58f978735abc'),
 ('34', '60', '7', '1', 'en_gb', '5', '', '{\"typeId\":null,\"authorId\":null,\"title\":\"Patterns\",\"slug\":\"patterns\",\"postDate\":1473419701,\"expiryDate\":null,\"enabled\":1,\"parentId\":null,\"fields\":{\"48\":\"\",\"20\":\"\",\"39\":{\"63\":{\"type\":\"3\",\"fields\":{\"area\":\"Floor 2\",\"availability\":\"Available now\",\"sqFt\":\"21932\",\"sqM\":\"2038\",\"image\":[\"62\"]}},\"64\":{\"type\":\"3\",\"fields\":{\"area\":\"Floor 1\",\"availability\":\"Fully let\",\"sqFt\":\"21807\",\"sqM\":\"2026\",\"image\":[\"62\"]}},\"65\":{\"type\":\"3\",\"fields\":{\"area\":\"Floor G\",\"availability\":\"Nov 2016\",\"sqFt\":\"9091\",\"sqM\":\"845\",\"image\":\"\"}}},\"8\":{\"61\":{\"type\":\"block\",\"enabled\":\"1\",\"fields\":{\"style\":\"std\",\"heading\":\"A little heading\",\"body\":\"<p>Curabitur non nulla sit amet nisl tempus convallis quis ac lectus. Sed porttitor lectus nibh. Quisque velit nisi, pretium ut lacinia in, elementum id enim. Cras ultricies ligula sed magna dictum porta.<\\/p>\",\"button\":{\"type\":\"entry\",\"custom\":\"\",\"entry\":[\"2\"],\"asset\":\"\",\"customText\":\"Fancy link\",\"target\":\"\"}}}},\"46\":\"\",\"47\":\"\",\"45\":\"\",\"16\":\"\"}}', '2016-09-09 13:34:21', '2016-09-09 13:34:21', '7e6abcb0-f907-45b3-9ab2-1da29e35914b'),
 ('35', '60', '7', '1', 'en_gb', '6', '', '{\"typeId\":null,\"authorId\":null,\"title\":\"Patterns\",\"slug\":\"patterns\",\"postDate\":1473419701,\"expiryDate\":null,\"enabled\":1,\"parentId\":null,\"fields\":{\"48\":\"\",\"20\":\"\",\"39\":{\"63\":{\"type\":\"3\",\"fields\":{\"area\":\"Floor 2\",\"availability\":\"Available now\",\"sqFt\":\"21932\",\"sqM\":\"2038\",\"image\":[\"62\"]}},\"64\":{\"type\":\"3\",\"fields\":{\"area\":\"Floor 1\",\"availability\":\"Fully let\",\"sqFt\":\"21807\",\"sqM\":\"2026\",\"image\":[\"62\"]}},\"65\":{\"type\":\"3\",\"fields\":{\"area\":\"Floor G\",\"availability\":\"Nov 2016\",\"sqFt\":\"9091\",\"sqM\":\"845\",\"image\":[\"62\"]}}},\"8\":{\"61\":{\"type\":\"block\",\"enabled\":\"1\",\"fields\":{\"style\":\"std\",\"heading\":\"A little heading\",\"body\":\"<p>Curabitur non nulla sit amet nisl tempus convallis quis ac lectus. Sed porttitor lectus nibh. Quisque velit nisi, pretium ut lacinia in, elementum id enim. Cras ultricies ligula sed magna dictum porta.<\\/p>\",\"button\":{\"type\":\"entry\",\"custom\":\"\",\"entry\":[\"2\"],\"asset\":\"\",\"customText\":\"Fancy link\",\"target\":\"\"}}}},\"46\":\"\",\"47\":\"\",\"45\":\"\",\"16\":\"\"}}', '2016-09-09 13:44:28', '2016-09-09 13:44:28', 'd16060d4-363f-454b-b822-25dbbed34186'),
 ('36', '60', '7', '1', 'en_gb', '7', '', '{\"typeId\":null,\"authorId\":null,\"title\":\"Patterns\",\"slug\":\"patterns\",\"postDate\":1473419701,\"expiryDate\":null,\"enabled\":1,\"parentId\":null,\"fields\":{\"48\":\"\",\"20\":{\"new1\":{\"type\":\"contacts\",\"enabled\":\"1\",\"fields\":{\"company\":\"Bray Fox Smith\",\"website\":{\"type\":\"custom\",\"custom\":\"http:\\/\\/www.brayfoxsmith.com\",\"customText\":\"www.brayfoxsmith.com\",\"target\":\"_blank\"},\"person\":{\"new1\":{\"type\":\"1\",\"fields\":{\"personName\":\"Paul Smith\",\"email\":\"email@address.com\",\"telephone\":\"01453 834153\",\"mobile\":\"07789 009 007\"}}},\"logo\":[\"66\"]}}},\"39\":{\"63\":{\"type\":\"3\",\"fields\":{\"area\":\"Floor 2\",\"availability\":\"Available now\",\"sqFt\":\"21932\",\"sqM\":\"2038\",\"image\":[\"62\"]}},\"64\":{\"type\":\"3\",\"fields\":{\"area\":\"Floor 1\",\"availability\":\"Fully let\",\"sqFt\":\"21807\",\"sqM\":\"2026\",\"image\":[\"62\"]}},\"65\":{\"type\":\"3\",\"fields\":{\"area\":\"Floor G\",\"availability\":\"Nov 2016\",\"sqFt\":\"9091\",\"sqM\":\"845\",\"image\":[\"62\"]}}},\"8\":{\"61\":{\"type\":\"block\",\"enabled\":\"1\",\"fields\":{\"style\":\"std\",\"heading\":\"A little heading\",\"body\":\"<p>Curabitur non nulla sit amet nisl tempus convallis quis ac lectus. Sed porttitor lectus nibh. Quisque velit nisi, pretium ut lacinia in, elementum id enim. Cras ultricies ligula sed magna dictum porta.<\\/p>\",\"button\":{\"type\":\"entry\",\"custom\":\"\",\"entry\":[\"2\"],\"asset\":\"\",\"customText\":\"Fancy link\",\"target\":\"\"}}}},\"46\":\"\",\"47\":\"\",\"45\":\"\",\"16\":\"\"}}', '2016-09-09 14:36:00', '2016-09-09 14:36:00', '2e112c6f-7273-4bfd-a9ca-c104bb1ad09b'),
 ('37', '60', '7', '1', 'en_gb', '8', '', '{\"typeId\":null,\"authorId\":null,\"title\":\"Patterns\",\"slug\":\"patterns\",\"postDate\":1473419701,\"expiryDate\":null,\"enabled\":1,\"parentId\":null,\"fields\":{\"48\":\"\",\"20\":{\"67\":{\"type\":\"contacts\",\"enabled\":\"1\",\"fields\":{\"company\":\"Bray Fox Smith\",\"website\":{\"type\":\"custom\",\"custom\":\"http:\\/\\/www.brayfoxsmith.com\",\"customText\":\"www.brayfoxsmith.com\",\"target\":\"_blank\"},\"person\":{\"68\":{\"type\":\"1\",\"fields\":{\"personName\":\"Paul Smith\",\"email\":\"email@address.com\",\"telephone\":\"01453 834153\",\"mobile\":\"07789 009 007\"}}},\"logo\":[\"66\"]}}},\"39\":{\"63\":{\"type\":\"3\",\"fields\":{\"area\":\"Floor 2\",\"availability\":\"Available now\",\"sqFt\":\"21932\",\"sqM\":\"2038\",\"image\":[\"62\"]}},\"64\":{\"type\":\"3\",\"fields\":{\"area\":\"Floor 1\",\"availability\":\"Fully let\",\"sqFt\":\"21807\",\"sqM\":\"2026\",\"image\":[\"62\"]}},\"65\":{\"type\":\"3\",\"fields\":{\"area\":\"Floor G\",\"availability\":\"Nov 2016\",\"sqFt\":\"9091\",\"sqM\":\"845\",\"image\":[\"62\"]}}},\"50\":{\"new1\":{\"type\":\"image\",\"enabled\":\"1\",\"fields\":{\"heading\":\"Super smashing\",\"button\":{\"type\":\"\",\"custom\":\"\",\"entry\":\"\",\"customText\":\"\",\"target\":\"\"},\"image\":[\"69\"]}}},\"8\":{\"61\":{\"type\":\"block\",\"enabled\":\"1\",\"fields\":{\"style\":\"std\",\"heading\":\"A little heading\",\"body\":\"<p>Curabitur non nulla sit amet nisl tempus convallis quis ac lectus. Sed porttitor lectus nibh. Quisque velit nisi, pretium ut lacinia in, elementum id enim. Cras ultricies ligula sed magna dictum porta.<\\/p>\",\"button\":{\"type\":\"entry\",\"custom\":\"\",\"entry\":[\"2\"],\"asset\":\"\",\"customText\":\"Fancy link\",\"target\":\"\"}}}},\"46\":\"\",\"47\":\"\",\"45\":\"\",\"16\":\"\"}}', '2016-09-09 15:39:37', '2016-09-09 15:39:37', '9081cdd6-1929-427c-9430-e3d12774cde2'),
 ('38', '76', '5', '1', 'en_gb', '1', '', '{\"typeId\":null,\"authorId\":\"1\",\"title\":\"Spring is here, why  not hop on a bike?\",\"slug\":\"spring-is-here-why-not-hop-on-a-bike\",\"postDate\":1473689813,\"expiryDate\":null,\"enabled\":1,\"parentId\":null,\"fields\":{\"1\":\"<p>Dolores blanditiis quod ipsam quod facilisis vel unde platea vero dolorem sociis lorem, enim nulla sociosqu placeat maxime feugiat hac! Taciti occaecati anim venenatis magnis scelerisque, in, ultricies lorem lacinia, mus sagittis aliquet erat illo, maecenas, quasi? Lorem nullam repudiandae, quia tincidunt fuga vero quas? Rerum impedit laoreet, fugiat sint.<\\/p>\\r\\n\\r\\n<p>Ad luctus adipiscing aliquid! Lacus, dolorem voluptas lacus, dolore vero reprehenderit, commodo dui ad, quod class facere fames parturient urna primis dignissim doloremque excepteur venenatis curabitur blandit, lorem, phasellus eu, proin cumque. In, maecenas blandit minus aliquam porro dapibus officiis wisi maxime eros malesuada minima. Tenetur nam laboris. Consequatur mi.<\\/p>\\r\\n\\r\\n<p>Quisque reprehenderit sit illo aspernatur aperiam beatae labore diamlorem? Interdum nisl anim mollis eius, maecenas eiusmod magna ducimus, dignissim etiam convallis quis impedit! Facilisi? Amet quasi imperdiet purus sit pellentesque voluptatum et? Totam non tincidunt? Vel rem nostrud nostrud est. Dictum sodales, iste explicabo anim id anim parturient. Magni fuga.<\\/p>\",\"58\":\"<p>Que vera quas sinvelluptat aut a doles ratium dusam nobiscitiore solupta dolupta tiatendae ipsunt faccusto volore mi, imol<\\/p>\",\"5\":\"\",\"4\":\"\",\"59\":[\"74\"],\"6\":[\"54\"]}}', '2016-09-12 14:16:53', '2016-09-12 14:16:53', 'c1a2ae51-dfd6-48a8-9894-20dfee70882d'),
 ('39', '77', '5', '1', 'en_gb', '1', '', '{\"typeId\":null,\"authorId\":\"1\",\"title\":\"Spring is here, why  not hop on a bike?\",\"slug\":\"spring-is-here-why-not-hop-on-a-bike-1\",\"postDate\":1473689760,\"expiryDate\":null,\"enabled\":1,\"parentId\":null,\"fields\":{\"1\":\"<p>Dolores blanditiis quod ipsam quod facilisis vel unde platea vero dolorem sociis lorem, enim nulla sociosqu placeat maxime feugiat hac! Taciti occaecati anim venenatis magnis scelerisque, in, ultricies lorem lacinia, mus sagittis aliquet erat illo, maecenas, quasi? Lorem nullam repudiandae, quia tincidunt fuga vero quas? Rerum impedit laoreet, fugiat sint.<\\/p>\\r\\n\\r\\n<p>Ad luctus adipiscing aliquid! Lacus, dolorem voluptas lacus, dolore vero reprehenderit, commodo dui ad, quod class facere fames parturient urna primis dignissim doloremque excepteur venenatis curabitur blandit, lorem, phasellus eu, proin cumque. In, maecenas blandit minus aliquam porro dapibus officiis wisi maxime eros malesuada minima. Tenetur nam laboris. Consequatur mi.<\\/p>\\r\\n\\r\\n\\r\\n\\r\\n<p>Quisque reprehenderit sit illo aspernatur aperiam beatae labore diamlorem? Interdum nisl anim mollis eius, maecenas eiusmod magna ducimus, dignissim etiam convallis quis impedit! Facilisi? Amet quasi imperdiet purus sit pellentesque voluptatum et? Totam non tincidunt? Vel rem nostrud nostrud est. Dictum sodales, iste explicabo anim id anim parturient. Magni fuga.<\\/p>\",\"58\":\"<p>Que vera quas sinvelluptat aut a doles ratium dusam nobiscitiore solupta dolupta tiatendae ipsunt faccusto volore mi, imol<\\/p>\",\"5\":\"\",\"4\":\"\",\"59\":[\"74\"],\"6\":[\"54\"]}}', '2016-09-12 14:17:04', '2016-09-12 14:17:04', 'dea27aaa-8617-4151-8ed1-31fa18d3f193'),
 ('40', '77', '5', '1', 'en_gb', '2', '', '{\"typeId\":\"5\",\"authorId\":\"1\",\"title\":\"Building 1 construction starting now\",\"slug\":\"spring-is-here-why-not-hop-on-a-bike-1\",\"postDate\":1473689760,\"expiryDate\":null,\"enabled\":1,\"parentId\":null,\"fields\":{\"1\":\"<p>Dolores blanditiis quod ipsam quod facilisis vel unde platea vero dolorem sociis lorem, enim nulla sociosqu placeat maxime feugiat hac! Taciti occaecati anim venenatis magnis scelerisque, in, ultricies lorem lacinia, mus sagittis aliquet erat illo, maecenas, quasi? Lorem nullam repudiandae, quia tincidunt fuga vero quas? Rerum impedit laoreet, fugiat sint.<\\/p>\\r\\n\\r\\n<p>Ad luctus adipiscing aliquid! Lacus, dolorem voluptas lacus, dolore vero reprehenderit, commodo dui ad, quod class facere fames parturient urna primis dignissim doloremque excepteur venenatis curabitur blandit, lorem, phasellus eu, proin cumque. In, maecenas blandit minus aliquam porro dapibus officiis wisi maxime eros malesuada minima. Tenetur nam laboris. Consequatur mi.<\\/p>\\r\\n\\r\\n\\r\\n\\r\\n\\r\\n\\r\\n<p>Quisque reprehenderit sit illo aspernatur aperiam beatae labore diamlorem? Interdum nisl anim mollis eius, maecenas eiusmod magna ducimus, dignissim etiam convallis quis impedit! Facilisi? Amet quasi imperdiet purus sit pellentesque voluptatum et? Totam non tincidunt? Vel rem nostrud nostrud est. Dictum sodales, iste explicabo anim id anim parturient. Magni fuga.<\\/p>\",\"58\":\"<p>Que vera quas sinvelluptat aut a doles ratium dusam nobiscitiore solupta dolupta tiatendae ipsunt faccusto volore mi, imol<\\/p>\",\"5\":\"\",\"4\":\"\",\"59\":[\"75\"],\"6\":[\"54\"]}}', '2016-09-12 14:17:28', '2016-09-12 14:17:28', 'd648dd63-dde7-43c2-a779-a7fe010513fa'),
 ('41', '78', '6', '1', 'en_gb', '1', '', '{\"typeId\":null,\"authorId\":\"1\",\"title\":\"Cameras  on Croxley\",\"slug\":\"cameras-on-croxley\",\"postDate\":1473690146,\"expiryDate\":null,\"enabled\":1,\"parentId\":null,\"fields\":{\"1\":\"<p>Mi repudiandae distinctio fusce nostrum irure molestiae? Mollitia illum fugit maiores scelerisque eveniet! Quasi netus mi dicta iste hac, ducimus parturient cursus quasi! Varius? Proin faucibus molestiae malesuada ultricies ea atque massa. Iste totam quos assumenda, ducimus montes ullamco lorem nisl repudiandae! Orci taciti diam ipsum eget alias, deleniti, commodi.<\\/p>\\r\\n\\r\\n<p>Facere interdum purus fugiat, pellentesque taciti litora dis, corrupti. Veniam ridiculus quisque ornare provident veritatis nec? Aliquid natus. Ducimus conubia et! Itaque sem malesuada sed tellus? Exercitationem dapibus ac tellus accusamus laboris quod, natus a! Pariatur. Qui iure voluptatibus habitasse, magnis cupiditate? Taciti, dolores culpa. Etiam ante doloremque rerum diam.<\\/p>\\r\\n\\r\\n<p>Montes officiis venenatis dolorem pellentesque rem ac faucibus ligula corrupti nesciunt augue! Magna molestiae, labore delectus minima omnis interdum debitis deserunt fusce, montes consequuntur curae purus tempore, sem pretium libero accusamus. Torquent, sollicitudin pulvinar beatae porttitor explicabo mollitia mus, minus montes est nostrud eius dictum. Porta magnis per aptent, elementum.<\\/p>\\r\\n\\r\\n<p>Provident, possimus vel, recusandae euismod numquam, pellentesque purus aliquet ut explicabo possimus, eaque cupiditate exercitation. Tempor, hendrerit totam tempore numquam, laoreet aut eos! Deleniti! Maiores quam, velit pede? Voluptate atque, pretium diamlorem! Viverra adipisci ullamco imperdiet, aute consectetuer mus vero error pede, lacinia aut! Adipisicing nulla? Laborum saepe itaque morbi.<\\/p>\\r\\n\\r\\n<p>Minima consequuntur cupidatat omnis integer nostrum neque eu? Hymenaeos accusamus cupiditate incididunt aliquip quaerat diamlorem mollitia autem cupidatat? Senectus autem mauris incididunt eu aperiam ut mollitia, laudantium neque, eius vel rerum duis explicabo mi laboriosam inceptos congue adipiscing viverra, soluta, facilisis rerum, magna consequat imperdiet nunc ornare tempor! Cumque libero.<\\/p>\",\"60\":{\"date\":\"14\\/09\\/2016\",\"time\":\"06:30\"},\"5\":\"\",\"4\":\"\",\"58\":\"<p>Ultrices nostrud facilisis, incidunt, proident corrupti urna, illo, tellus adipiscing proident minus feugiat atque exercitation magnam, hac unde pariatur accusamus. Soluta, dignissim architecto class, sociis consequatur taciti saepe? Dolor lacinia ridiculus aptent fringilla! Dignissim. Beatae commodo et sodales mollis, fringilla. Fugit purus beatae eiusmod elementum? Rutrum ex laudantium amet penatibus.<\\/p>\",\"59\":\"\",\"6\":[\"55\"]}}', '2016-09-12 14:22:26', '2016-09-12 14:22:26', 'ca7893cd-8b0e-4cfa-a835-39baa5eeabd0'),
 ('42', '78', '6', '1', 'en_gb', '2', '', '{\"typeId\":\"6\",\"authorId\":\"1\",\"title\":\"Cameras on Croxley\",\"slug\":\"cameras-on-croxley\",\"postDate\":1473690120,\"expiryDate\":null,\"enabled\":1,\"parentId\":null,\"fields\":{\"1\":\"<p>Mi repudiandae distinctio fusce nostrum irure molestiae? Mollitia illum fugit maiores scelerisque eveniet! Quasi netus mi dicta iste hac, ducimus parturient cursus quasi! Varius? Proin faucibus molestiae malesuada ultricies ea atque massa. Iste totam quos assumenda, ducimus montes ullamco lorem nisl repudiandae! Orci taciti diam ipsum eget alias, deleniti, commodi.<\\/p>\\r\\n\\r\\n<p>Facere interdum purus fugiat, pellentesque taciti litora dis, corrupti. Veniam ridiculus quisque ornare provident veritatis nec? Aliquid natus. Ducimus conubia et! Itaque sem malesuada sed tellus? Exercitationem dapibus ac tellus accusamus laboris quod, natus a! Pariatur. Qui iure voluptatibus habitasse, magnis cupiditate? Taciti, dolores culpa. Etiam ante doloremque rerum diam.<\\/p>\\r\\n\\r\\n\\r\\n\\r\\n<p>Montes officiis venenatis dolorem pellentesque rem ac faucibus ligula corrupti nesciunt augue! Magna molestiae, labore delectus minima omnis interdum debitis deserunt fusce, montes consequuntur curae purus tempore, sem pretium libero accusamus. Torquent, sollicitudin pulvinar beatae porttitor explicabo mollitia mus, minus montes est nostrud eius dictum. Porta magnis per aptent, elementum.<\\/p>\\r\\n\\r\\n\\r\\n\\r\\n<p>Provident, possimus vel, recusandae euismod numquam, pellentesque purus aliquet ut explicabo possimus, eaque cupiditate exercitation. Tempor, hendrerit totam tempore numquam, laoreet aut eos! Deleniti! Maiores quam, velit pede? Voluptate atque, pretium diamlorem! Viverra adipisci ullamco imperdiet, aute consectetuer mus vero error pede, lacinia aut! Adipisicing nulla? Laborum saepe itaque morbi.<\\/p>\\r\\n\\r\\n\\r\\n\\r\\n<p>Minima consequuntur cupidatat omnis integer nostrum neque eu? Hymenaeos accusamus cupiditate incididunt aliquip quaerat diamlorem mollitia autem cupidatat? Senectus autem mauris incididunt eu aperiam ut mollitia, laudantium neque, eius vel rerum duis explicabo mi laboriosam inceptos congue adipiscing viverra, soluta, facilisis rerum, magna consequat imperdiet nunc ornare tempor! Cumque libero.<\\/p>\",\"60\":{\"date\":\"14\\/09\\/2016\",\"time\":\"06:30\"},\"5\":\"\",\"4\":\"\",\"58\":\"<p>Ultrices nostrud facilisis, incidunt, proident corrupti urna, illo, tellus adipiscing proident minus feugiat atque exercitation magnam, hac unde pariatur accusamus. Soluta, dignissim architecto class, sociis consequatur taciti saepe? Dolor lacinia ridiculus aptent fringilla! Dignissim. Beatae commodo et sodales mollis, fringilla. Fugit purus beatae eiusmod elementum? Rutrum ex laudantium amet penatibus.<\\/p>\",\"59\":\"\",\"6\":[\"55\"]}}', '2016-09-12 14:22:36', '2016-09-12 14:22:36', 'ff8d8fc3-ba0f-4f23-b1d0-250c23a09737'),
 ('43', '79', '6', '1', 'en_gb', '1', '', '{\"typeId\":null,\"authorId\":\"1\",\"title\":\"Summer  Fete\",\"slug\":\"summer-fete\",\"postDate\":1473690201,\"expiryDate\":null,\"enabled\":1,\"parentId\":null,\"fields\":{\"1\":\"<p>Sequi ornare aut pede taciti facilis lorem pharetra cupidatat ultricies expedita feugiat earum dolor iusto. Tortor! Placeat wisi. Assumenda soluta auctor unde numquam adipisci tortor earum! Ligula maecenas eros. Dolore ducimus gravida dapibus nulla pede nostra quasi mollit penatibus consequat ad fusce reprehenderit diam? Etiam laborum diamlorem morbi! Vehicula recusandae.<\\/p>\\r\\n\\r\\n<p>Pretium nonummy, purus ac aute adipisicing fames sagittis bibendum nostrud itaque nostrud, ligula pulvinar pretium mollis! Irure mauris tempora accumsan. Euismod tellus wisi excepturi repellendus incididunt nunc similique dictum cillum posuere sint nostrum, per hymenaeos? Rerum a sollicitudin dui aliquam aut numquam, condimentum ullamcorper, enim, fermentum euismod amet, egestas, hymenaeos.<\\/p>\\r\\n\\r\\n<p>Soluta tenetur taciti nihil enim, tempora lacinia optio! Nullam. Montes sociosqu metus, tristique, dolorem possimus asperiores expedita augue? Aliquam ad diamlorem eligendi cupidatat non, diamlorem assumenda tincidunt mollit optio eligendi, tristique nobis, eleifend iure hymenaeos veritatis? Leo facere nulla nascetur molestie rem asperiores autem? Asperiores, dignissim molestie congue, in wisi.<\\/p>\",\"60\":{\"date\":\"14\\/09\\/2016\",\"time\":\"18:30\"},\"5\":\"\",\"4\":\"\",\"58\":\"\",\"59\":\"\",\"6\":\"\"}}', '2016-09-12 14:23:21', '2016-09-12 14:23:21', 'f53a0bd7-8186-4f35-8c79-e7b8094cd6b8'),
 ('44', '2', '1', '1', 'en_gb', '3', '', '{\"typeId\":\"1\",\"authorId\":null,\"title\":\"Welcome to Local.croxleypark.com!\",\"slug\":\"homepage\",\"postDate\":1473414727,\"expiryDate\":null,\"enabled\":1,\"parentId\":null,\"fields\":{\"62\":[\"20\",\"31\",\"16\",\"17\"],\"50\":{\"new1\":{\"type\":\"image\",\"enabled\":\"1\",\"fields\":{\"heading\":\"Some kind of heading\",\"button\":{\"type\":\"\",\"custom\":\"\",\"entry\":\"\",\"customText\":\"\",\"target\":\"\"},\"image\":[\"69\"]}}},\"8\":{\"new1\":{\"type\":\"block\",\"enabled\":\"1\",\"fields\":{\"style\":\"std\",\"heading\":\"\",\"body\":\"<p>Croxley Park is more than just a great place to do business. We\\u2019re an impressive headquarters for international companies, and a flexible home for local start-ups. \\r\\n\\r\\nWe\\u2019re also a thriving community, a well-connected hub \\r\\n\\r\\nand a relaxing haven. Expect much more at Croxley Park. &nbsp;&nbsp;<\\/p>\",\"button\":{\"type\":\"entry\",\"custom\":\"\",\"entry\":[\"2\"],\"asset\":\"\",\"customText\":\"Read more\",\"target\":\"\"}}}},\"5\":\"\",\"4\":\"\",\"63\":\"<p>News & Events<\\/p><p><span><\\/span>There\\u2019s always something going on at Croxley Park. \\r\\n\\r\\nTake a look at our News and Events sections, to see \\r\\n\\r\\nwhat\\u2019s we\\u2019ve been up to and what\\u2019s coming up.<\\/p>\"}}', '2016-09-12 14:41:09', '2016-09-12 14:41:09', '4c786b60-1d84-4e1a-9147-dde681011d08'),
 ('45', '17', '4', '1', 'en_gb', '2', '', '{\"typeId\":\"11\",\"authorId\":\"1\",\"title\":\"Events\",\"slug\":\"events\",\"postDate\":1473241260,\"expiryDate\":null,\"enabled\":1,\"parentId\":\"\",\"fields\":{\"5\":\"\",\"4\":\"\"}}', '2016-09-12 15:41:12', '2016-09-12 15:41:12', 'd9ce6fd3-99b6-462e-90b5-9308632a96b9'),
 ('46', '18', '4', '1', 'en_gb', '2', '', '{\"typeId\":\"10\",\"authorId\":\"1\",\"title\":\"News\",\"slug\":\"news\",\"postDate\":1473241260,\"expiryDate\":null,\"enabled\":1,\"parentId\":\"\",\"fields\":{\"5\":\"\",\"4\":\"\"}}', '2016-09-12 15:41:27', '2016-09-12 15:41:27', 'a6c2943e-c7df-4694-9585-f87dab637d3c'),
 ('47', '16', '4', '1', 'en_gb', '2', '', '{\"typeId\":\"12\",\"authorId\":\"1\",\"title\":\"Amenities\",\"slug\":\"amenities\",\"postDate\":1473241260,\"expiryDate\":null,\"enabled\":1,\"parentId\":\"\",\"fields\":{\"62\":\"\",\"50\":\"\",\"8\":\"\",\"5\":\"\",\"4\":\"\"}}', '2016-09-12 15:49:35', '2016-09-12 15:49:35', 'f7af68de-ab8f-41a0-8fdf-faeec593860a'),
 ('48', '16', '4', '1', 'en_gb', '3', '', '{\"typeId\":\"12\",\"authorId\":\"1\",\"title\":\"Amenities\",\"slug\":\"amenities\",\"postDate\":1473241260,\"expiryDate\":null,\"enabled\":1,\"parentId\":\"\",\"fields\":{\"62\":\"\",\"50\":{\"new1\":{\"type\":\"image\",\"enabled\":\"1\",\"fields\":{\"heading\":\"A thing yeah\",\"button\":{\"type\":\"\",\"custom\":\"\",\"entry\":\"\",\"customText\":\"\",\"target\":\"\"},\"image\":[\"69\"]}}},\"8\":{\"new1\":{\"type\":\"block\",\"enabled\":\"1\",\"fields\":{\"style\":\"small\",\"heading\":\"Amenties\",\"body\":\"<p>Ratione irure perferendis. Parturient dignissim fermentum accumsan incididunt iaculis lacinia ipsam vero, mollis at consequatur eum eiusmod rem. Ultrices eius platea expedita iure molestie, vero occaecat vulputate nostra, class deleniti.<\\/p>\",\"button\":{\"type\":\"\",\"custom\":\"\",\"entry\":\"\",\"asset\":\"\",\"customText\":\"\",\"target\":\"\"}}}},\"5\":\"\",\"4\":\"\"}}', '2016-09-12 15:52:32', '2016-09-12 15:52:32', '799ff709-8f5c-441e-9c32-eed783018586'),
 ('49', '117', '8', '1', 'en_gb', '1', '', '{\"typeId\":null,\"authorId\":\"1\",\"title\":\"Meeting Pod\",\"slug\":\"meeting-pod\",\"postDate\":1473696054,\"expiryDate\":null,\"enabled\":1,\"parentId\":null,\"fields\":{\"1\":\"<p>Ea primis felis maecenas auctor neque enim pellentesque optio nostrud itaque occaecat semper! Habitant nam, hic, doloribus voluptatem venenatis, laboriosam ut pretium. Cum commodo, fuga ac. Semper? Aut, eget euismod.<\\/p>\\r\\n\\r\\n<p>Imperdiet torquent cumque magnam. Convallis phasellus voluptates suscipit repudiandae delectus, numquam montes tempora, diam id placerat temporibus! Nec consequuntur sociis, aliquet sed. Exercitation lacinia, elementum sequi quisquam suspendisse, maecenas aenean.<\\/p>\\r\\n\\r\\n<p>Morbi, eget fermentum? Semper. Eum massa doloribus placerat? Aliquip leo minima dolor! Natus quidem aspernatur error. Gravida? Ea curae totam? Diam malesuada lacinia sed. Volutpat accumsan. Quod aperiam ad veritatis.<\\/p>\",\"6\":[\"103\"],\"61\":\"large\"}}', '2016-09-12 16:00:54', '2016-09-12 16:00:54', 'dcb29832-3205-49ad-9e65-bf9810479d70'),
 ('50', '118', '8', '1', 'en_gb', '1', '', '{\"typeId\":null,\"authorId\":\"1\",\"title\":\"Cafe\",\"slug\":\"cafe\",\"postDate\":1473696181,\"expiryDate\":null,\"enabled\":1,\"parentId\":null,\"fields\":{\"1\":\"<p>Totam platea, eius rem, odio quisque ipsa morbi risus lorem, optio, mus? Irure. Tellus, fuga, nemo, nonummy ducimus sodales ornare, integer mollitia perspiciatis! Culpa! Non tortor occaecat inventore modi, do.<\\/p>\\r\\n\\r\\n<p>Massa cupidatat perferendis quos ullamco nostrum quaerat tempus maecenas dapibus nam nibh alias ipsa. Temporibus, perspiciatis wisi erat egestas id mus, rem fugiat ridiculus, aptent impedit. Repudiandae sagittis labore dictum.<\\/p>\\r\\n\\r\\n<p>Non ornare soluta pulvinar! Facilisi pellentesque in semper veniam eligendi ultrices optio accusantium blandit quibusdam asperiores primis sapien. Blanditiis exercitationem. Placeat? Reiciendis in aliquam massa diam adipiscing pede tortor magnam.<\\/p>\",\"6\":[\"108\"],\"61\":\"small\"}}', '2016-09-12 16:03:01', '2016-09-12 16:03:01', '5c8221ca-244f-438a-8b70-907efdbd9398'),
 ('51', '119', '8', '1', 'en_gb', '1', '', '{\"typeId\":null,\"authorId\":\"1\",\"title\":\"Bikes\",\"slug\":\"bikes\",\"postDate\":1473696283,\"expiryDate\":null,\"enabled\":1,\"parentId\":null,\"fields\":{\"1\":\"<p>Totam platea, eius rem, odio quisque ipsa morbi risus lorem, optio, mus? Irure. Tellus, fuga, nemo, nonummy ducimus sodales ornare, integer mollitia perspiciatis! Culpa! Non tortor occaecat inventore modi, do.<\\/p>\\r\\n\\r\\n<p>Massa cupidatat perferendis quos ullamco nostrum quaerat tempus maecenas dapibus nam nibh alias ipsa. Temporibus, perspiciatis wisi erat egestas id mus, rem fugiat ridiculus, aptent impedit. Repudiandae sagittis labore dictum.<\\/p>\\r\\n\\r\\n<p>Non ornare soluta pulvinar! Facilisi pellentesque in semper veniam eligendi ultrices optio accusantium blandit quibusdam asperiores primis sapien. Blanditiis exercitationem. Placeat? Reiciendis in aliquam massa diam adipiscing pede tortor magnam.<\\/p>\",\"6\":[\"98\"],\"64\":\"orange\",\"61\":\"icon\"}}', '2016-09-12 16:04:43', '2016-09-12 16:04:43', '620f4863-d5d1-4d34-b08a-c07cf21bd33b'),
 ('52', '120', '8', '1', 'en_gb', '1', '', '{\"typeId\":null,\"authorId\":\"1\",\"title\":\"Bikes\",\"slug\":\"bikes\",\"postDate\":1473696240,\"expiryDate\":null,\"enabled\":1,\"parentId\":null,\"fields\":{\"1\":\"<p>Totam platea, eius rem, odio quisque ipsa morbi risus lorem, optio, mus? Irure. Tellus, fuga, nemo, nonummy ducimus sodales ornare, integer mollitia perspiciatis! Culpa! Non tortor occaecat inventore modi, do.<\\/p>\\r\\n\\r\\n<p>Massa cupidatat perferendis quos ullamco nostrum quaerat tempus maecenas dapibus nam nibh alias ipsa. Temporibus, perspiciatis wisi erat egestas id mus, rem fugiat ridiculus, aptent impedit. Repudiandae sagittis labore dictum.<\\/p>\\r\\n\\r\\n\\r\\n\\r\\n<p>Non ornare soluta pulvinar! Facilisi pellentesque in semper veniam eligendi ultrices optio accusantium blandit quibusdam asperiores primis sapien. Blanditiis exercitationem. Placeat? Reiciendis in aliquam massa diam adipiscing pede tortor magnam.<\\/p>\",\"6\":[\"98\"],\"64\":\"orange\",\"61\":\"icon\"}}', '2016-09-12 16:04:52', '2016-09-12 16:04:52', 'c5b25f3b-57bb-4525-99ca-48cc54b8d9bd'),
 ('53', '120', '8', '1', 'en_gb', '2', '', '{\"typeId\":\"9\",\"authorId\":\"1\",\"title\":\"Salon\",\"slug\":\"salon\",\"postDate\":1473696240,\"expiryDate\":null,\"enabled\":1,\"parentId\":null,\"fields\":{\"1\":\"<p>Totam platea, eius rem, odio quisque ipsa morbi risus lorem, optio, mus? Irure. Tellus, fuga, nemo, nonummy ducimus sodales ornare, integer mollitia perspiciatis! Culpa! Non tortor occaecat inventore modi, do.<\\/p>\\r\\n\\r\\n<p>Massa cupidatat perferendis quos ullamco nostrum quaerat tempus maecenas dapibus nam nibh alias ipsa. Temporibus, perspiciatis wisi erat egestas id mus, rem fugiat ridiculus, aptent impedit. Repudiandae sagittis labore dictum.<\\/p>\\r\\n\\r\\n\\r\\n\\r\\n\\r\\n\\r\\n<p>Non ornare soluta pulvinar! Facilisi pellentesque in semper veniam eligendi ultrices optio accusantium blandit quibusdam asperiores primis sapien. Blanditiis exercitationem. Placeat? Reiciendis in aliquam massa diam adipiscing pede tortor magnam.<\\/p>\",\"6\":[\"95\"],\"64\":\"white\",\"61\":\"icon\"}}', '2016-09-12 16:05:25', '2016-09-12 16:05:25', '7dad8b55-c671-404a-8700-0af55612be1f'),
 ('54', '121', '8', '1', 'en_gb', '1', '', '{\"typeId\":null,\"authorId\":\"1\",\"title\":\"Sports\",\"slug\":\"sports\",\"postDate\":1473696344,\"expiryDate\":null,\"enabled\":1,\"parentId\":null,\"fields\":{\"1\":\"<p>Reprehenderit cupiditate sociis voluptates dicta magnam nesciunt orci vehicula laboris ducimus cursus, leo, etiam consectetur faucibus quod sapiente, veniam dignissim beatae excepturi ac saepe! Mollitia. Elementum nullam sunt soluta massa.<\\/p>\\r\\n\\r\\n<p>Laboris, officiis consectetuer quisquam aliquip, architecto, placeat esse, sint mollitia torquent corporis, sint corrupti tincidunt aut labore hendrerit! Ante laoreet tincidunt saepe, dignissimos. Eaque? Integer ullamco sociosqu nullam magnis faucibus.<\\/p>\\r\\n\\r\\n<p>Penatibus quisquam auctor, ullamcorper fringilla exercitation quisquam sociosqu, interdum aute erat dolor, egestas suscipit, consectetur non eleifend adipiscing? Eos mus, rem aptent itaque amet irure anim sociosqu, sapien fuga fuga.<\\/p>\",\"6\":[\"102\"],\"64\":\"orange\",\"61\":\"small\"}}', '2016-09-12 16:05:44', '2016-09-12 16:05:44', '58f93746-0ad3-4507-9a4e-66b18869cfb8'),
 ('55', '16', '4', '1', 'en_gb', '4', '', '{\"typeId\":\"12\",\"authorId\":\"1\",\"title\":\"Amenities\",\"slug\":\"amenities\",\"postDate\":1473241260,\"expiryDate\":null,\"enabled\":1,\"parentId\":\"\",\"fields\":{\"62\":[\"118\",\"119\",\"120\",\"117\"],\"50\":{\"92\":{\"type\":\"image\",\"enabled\":\"1\",\"fields\":{\"heading\":\"A thing yeah\",\"button\":{\"type\":\"\",\"custom\":\"\",\"entry\":\"\",\"customText\":\"\",\"target\":\"\"},\"image\":[\"69\"]}}},\"8\":{\"93\":{\"type\":\"block\",\"enabled\":\"1\",\"fields\":{\"style\":\"small\",\"heading\":\"Amenties\",\"body\":\"<p>Ratione irure perferendis. Parturient dignissim fermentum accumsan incididunt iaculis lacinia ipsam vero, mollis at consequatur eum eiusmod rem. Ultrices eius platea expedita iure molestie, vero occaecat vulputate nostra, class deleniti.<\\/p>\",\"button\":{\"type\":\"\",\"custom\":\"\",\"entry\":\"\",\"asset\":\"\",\"customText\":\"\",\"target\":\"\"}}}},\"5\":\"\",\"4\":\"\"}}', '2016-09-12 16:06:50', '2016-09-12 16:06:50', '6867d8e1-a2b2-4631-b69c-e3cdb7c26339'),
 ('56', '117', '8', '1', 'en_gb', '2', NULL, '{\"typeId\":\"9\",\"authorId\":\"1\",\"title\":\"Meeting Pod\",\"slug\":\"meeting-pod\",\"postDate\":1473696054,\"expiryDate\":null,\"enabled\":\"1\",\"parentId\":null,\"fields\":{\"1\":\"<p>Ea primis felis maecenas auctor neque enim pellentesque optio nostrud itaque occaecat semper! Habitant nam, hic, doloribus voluptatem venenatis, laboriosam ut pretium. Cum commodo, fuga ac. Semper? Aut, eget euismod.<\\/p>\\r\\n\\r\\n<p>Imperdiet torquent cumque magnam. Convallis phasellus voluptates suscipit repudiandae delectus, numquam montes tempora, diam id placerat temporibus! Nec consequuntur sociis, aliquet sed. Exercitation lacinia, elementum sequi quisquam suspendisse, maecenas aenean.<\\/p>\\r\\n\\r\\n\\r\\n\\r\\n<p>Morbi, eget fermentum? Semper. Eum massa doloribus placerat? Aliquip leo minima dolor! Natus quidem aspernatur error. Gravida? Ea curae totam? Diam malesuada lacinia sed. Volutpat accumsan. Quod aperiam ad veritatis.<\\/p>\",\"6\":[\"103\"],\"64\":\"orange\",\"61\":\"large\"}}', '2016-09-12 16:07:43', '2016-09-12 16:07:43', 'd1f0abcb-0fb2-4371-a556-41ce4fd4f923'),
 ('57', '16', '4', '1', 'en_gb', '5', '', '{\"typeId\":\"12\",\"authorId\":\"1\",\"title\":\"Amenities\",\"slug\":\"amenities\",\"postDate\":1473241260,\"expiryDate\":null,\"enabled\":1,\"parentId\":\"\",\"fields\":{\"62\":[\"117\",\"118\",\"119\",\"120\",\"121\"],\"50\":{\"92\":{\"type\":\"image\",\"enabled\":\"1\",\"fields\":{\"heading\":\"A thing yeah\",\"button\":{\"type\":\"\",\"custom\":\"\",\"entry\":\"\",\"customText\":\"\",\"target\":\"\"},\"image\":[\"69\"]}}},\"8\":{\"93\":{\"type\":\"block\",\"enabled\":\"1\",\"fields\":{\"style\":\"small\",\"heading\":\"Amenties\",\"body\":\"<p>Ratione irure perferendis. Parturient dignissim fermentum accumsan incididunt iaculis lacinia ipsam vero, mollis at consequatur eum eiusmod rem. Ultrices eius platea expedita iure molestie, vero occaecat vulputate nostra, class deleniti.<\\/p>\",\"button\":{\"type\":\"\",\"custom\":\"\",\"entry\":\"\",\"asset\":\"\",\"customText\":\"\",\"target\":\"\"}}}},\"5\":\"\",\"4\":\"\"}}', '2016-09-12 16:07:46', '2016-09-12 16:07:46', '7c205f94-44a1-4842-9987-26eadb85ecdf'),
 ('58', '17', '4', '1', 'en_gb', '3', '', '{\"typeId\":\"11\",\"authorId\":\"1\",\"title\":\"Events\",\"slug\":\"events\",\"postDate\":1473241260,\"expiryDate\":null,\"enabled\":1,\"parentId\":\"\",\"fields\":{\"50\":{\"new1\":{\"type\":\"image\",\"enabled\":\"1\",\"fields\":{\"heading\":\"Fun & Games\",\"button\":{\"type\":\"\",\"custom\":\"\",\"entry\":\"\",\"customText\":\"\",\"target\":\"\"},\"image\":\"\"}}},\"8\":{\"new1\":{\"type\":\"block\",\"enabled\":\"1\",\"fields\":{\"style\":\"sub\",\"heading\":\"Events\",\"body\":\"<p>Regular and varied events are scheduled to make the most of our amazing setting, amenities and strengthen our sense of community. So whether you enjoy team building, networking, relaxing, listening or watching we look forward to you joining us.<\\/p>\",\"button\":{\"type\":\"\",\"custom\":\"\",\"entry\":\"\",\"asset\":\"\",\"customText\":\"\",\"target\":\"\"}}}},\"5\":\"\",\"4\":\"\"}}', '2016-09-12 16:33:26', '2016-09-12 16:33:26', '1c49c25a-d259-422f-9744-ff8f589be7b5'),
 ('59', '17', '4', '1', 'en_gb', '4', '', '{\"typeId\":\"11\",\"authorId\":\"1\",\"title\":\"Events\",\"slug\":\"events\",\"postDate\":1473241260,\"expiryDate\":null,\"enabled\":1,\"parentId\":\"\",\"fields\":{\"50\":{\"122\":{\"type\":\"image\",\"enabled\":\"1\",\"fields\":{\"heading\":\"Fun & Games\",\"button\":{\"type\":\"\",\"custom\":\"\",\"entry\":\"\",\"customText\":\"\",\"target\":\"\"},\"image\":[\"69\"]}}},\"8\":{\"123\":{\"type\":\"block\",\"enabled\":\"1\",\"fields\":{\"style\":\"sub\",\"heading\":\"Events\",\"body\":\"<p>Regular and varied events are scheduled to make the most of our amazing setting, amenities and strengthen our sense of community. So whether you enjoy team building, networking, relaxing, listening or watching we look forward to you joining us.<\\/p>\",\"button\":{\"type\":\"\",\"custom\":\"\",\"entry\":\"\",\"asset\":\"\",\"customText\":\"\",\"target\":\"\"}}}},\"5\":\"\",\"4\":\"\"}}', '2016-09-12 16:34:02', '2016-09-12 16:34:02', '3435f06f-caec-4879-8902-b63caf6f7542'),
 ('60', '16', '4', '1', 'en_gb', '6', '', '{\"typeId\":\"12\",\"authorId\":\"1\",\"title\":\"Amenities\",\"slug\":\"amenities\",\"postDate\":1473241260,\"expiryDate\":null,\"enabled\":1,\"parentId\":\"\",\"fields\":{\"62\":[\"117\",\"118\",\"119\",\"120\",\"121\"],\"50\":{\"92\":{\"type\":\"image\",\"enabled\":\"1\",\"fields\":{\"heading\":\"A thing yeah\",\"button\":{\"type\":\"\",\"custom\":\"\",\"entry\":\"\",\"customText\":\"\",\"target\":\"\"},\"image\":[\"69\"]}}},\"8\":{\"93\":{\"type\":\"block\",\"enabled\":\"1\",\"fields\":{\"style\":\"std\",\"heading\":\"Amenties\",\"body\":\"<p>Ratione irure perferendis. Parturient dignissim fermentum accumsan incididunt iaculis lacinia ipsam vero, mollis at consequatur eum eiusmod rem. Ultrices eius platea expedita iure molestie, vero occaecat vulputate nostra, class deleniti.<\\/p>\",\"button\":{\"type\":\"\",\"custom\":\"\",\"entry\":\"\",\"asset\":\"\",\"customText\":\"\",\"target\":\"\"},\"color\":\"red\"}}},\"5\":\"\",\"4\":\"\"}}', '2016-09-13 13:30:54', '2016-09-13 13:30:54', '1bb78a30-0a96-4705-9ac0-7c7f0038630c'),
 ('61', '16', '4', '1', 'en_gb', '7', '', '{\"typeId\":\"12\",\"authorId\":\"1\",\"title\":\"Amenities\",\"slug\":\"amenities\",\"postDate\":1473241260,\"expiryDate\":null,\"enabled\":1,\"parentId\":\"\",\"fields\":{\"62\":[\"117\",\"118\",\"119\",\"120\",\"121\"],\"50\":{\"92\":{\"type\":\"image\",\"enabled\":\"1\",\"fields\":{\"heading\":\"A thing yeah\",\"button\":{\"type\":\"\",\"custom\":\"\",\"entry\":\"\",\"customText\":\"\",\"target\":\"\"},\"image\":[\"69\"]}}},\"8\":{\"93\":{\"type\":\"block\",\"enabled\":\"1\",\"fields\":{\"style\":\"std\",\"body\":\"<h2><span class=\\\"t-brand\\\">Amenities<\\/span><\\/h2>\\r\\n\\r\\n<p>Ratione irure perferendis. Parturient dignissim fermentum accumsan incididunt iaculis lacinia ipsam vero, mollis at consequatur eum eiusmod rem. Ultrices eius platea expedita iure molestie, vero occaecat vulputate nostra, class deleniti.<\\/p>\",\"button\":{\"type\":\"\",\"custom\":\"\",\"entry\":\"\",\"asset\":\"\",\"customText\":\"\",\"target\":\"\"}}}},\"5\":\"\",\"4\":\"\"}}', '2016-09-13 13:47:06', '2016-09-13 13:47:06', '404f1ff2-1c23-490c-a6ab-200411f5bc0c'),
 ('62', '16', '4', '1', 'en_gb', '8', '', '{\"typeId\":\"12\",\"authorId\":\"1\",\"title\":\"Amenities\",\"slug\":\"amenities\",\"postDate\":1473241260,\"expiryDate\":null,\"enabled\":1,\"parentId\":\"\",\"fields\":{\"62\":[\"117\",\"118\",\"119\",\"120\",\"121\"],\"50\":{\"92\":{\"type\":\"image\",\"enabled\":\"1\",\"fields\":{\"heading\":\"A thing yeah\",\"button\":{\"type\":\"\",\"custom\":\"\",\"entry\":\"\",\"customText\":\"\",\"target\":\"\"},\"image\":[\"69\"]}}},\"8\":{\"93\":{\"type\":\"block\",\"enabled\":\"1\",\"fields\":{\"style\":\"std\",\"body\":\"<h2 class=\\\"intro__heading--red\\\"><span class=\\\"t-brand\\\">Amenities<\\/span><\\/h2>\\r\\n\\r\\n<p>Ratione irure perferendis. Parturient dignissim fermentum accumsan incididunt iaculis lacinia ipsam vero, mollis at consequatur eum eiusmod rem. Ultrices eius platea expedita iure molestie, vero occaecat vulputate nostra, class deleniti.<\\/p>\",\"button\":{\"type\":\"\",\"custom\":\"\",\"entry\":\"\",\"asset\":\"\",\"customText\":\"\",\"target\":\"\"}}}},\"5\":\"\",\"4\":\"\"}}', '2016-09-13 14:00:20', '2016-09-13 14:00:20', 'fc836601-dbaa-49cd-9cc1-d6bfd11c686c'),
 ('63', '16', '4', '1', 'en_gb', '9', '', '{\"typeId\":\"12\",\"authorId\":\"1\",\"title\":\"Amenities\",\"slug\":\"amenities\",\"postDate\":1473241260,\"expiryDate\":null,\"enabled\":1,\"parentId\":\"\",\"fields\":{\"62\":[\"117\",\"118\",\"119\",\"120\",\"121\"],\"50\":{\"92\":{\"type\":\"image\",\"enabled\":\"1\",\"fields\":{\"heading\":\"A thing yeah\",\"button\":{\"type\":\"\",\"custom\":\"\",\"entry\":\"\",\"customText\":\"\",\"target\":\"\"},\"image\":[\"69\"]}}},\"8\":{\"93\":{\"type\":\"block\",\"enabled\":\"1\",\"fields\":{\"style\":\"std\",\"body\":\"<h2 class=\\\"intro__heading--dark\\\">Amenities<\\/h2>\\r\\n\\r\\n<p>Ratione irure perferendis. Parturient dignissim fermentum accumsan incididunt iaculis lacinia ipsam vero, mollis at consequatur eum eiusmod rem. Ultrices eius platea expedita iure molestie, vero occaecat vulputate nostra, class deleniti.<\\/p>\",\"button\":{\"type\":\"\",\"custom\":\"\",\"entry\":\"\",\"asset\":\"\",\"customText\":\"\",\"target\":\"\"}}}},\"5\":\"\",\"4\":\"\"}}', '2016-09-13 14:08:58', '2016-09-13 14:08:58', 'dc4544e9-73f6-4189-b5a9-5b303789d44a'),
 ('64', '16', '4', '1', 'en_gb', '10', '', '{\"typeId\":\"12\",\"authorId\":\"1\",\"title\":\"Amenities\",\"slug\":\"amenities\",\"postDate\":1473241260,\"expiryDate\":null,\"enabled\":1,\"parentId\":\"\",\"fields\":{\"62\":[\"117\",\"118\",\"119\",\"120\",\"121\"],\"50\":{\"92\":{\"type\":\"image\",\"enabled\":\"1\",\"fields\":{\"heading\":\"A thing yeah\",\"button\":{\"type\":\"\",\"custom\":\"\",\"entry\":\"\",\"customText\":\"\",\"target\":\"\"},\"image\":[\"69\"]}}},\"8\":{\"93\":{\"type\":\"block\",\"enabled\":\"1\",\"fields\":{\"style\":\"small\",\"body\":\"<h2 class=\\\"intro__heading--dark\\\">Amenities<\\/h2>\\r\\n\\r\\n<p>Ratione irure perferendis. Parturient dignissim fermentum accumsan incididunt iaculis lacinia ipsam vero, mollis at consequatur eum eiusmod rem. Ultrices eius platea expedita iure molestie, vero occaecat vulputate nostra, class deleniti.<\\/p>\",\"button\":{\"type\":\"\",\"custom\":\"\",\"entry\":\"\",\"asset\":\"\",\"customText\":\"\",\"target\":\"\"}}}},\"5\":\"\",\"4\":\"\"}}', '2016-09-13 14:10:33', '2016-09-13 14:10:33', 'f2dda335-79a8-4e76-a7a6-adf2481bd76c'),
 ('65', '18', '4', '1', 'en_gb', '3', '', '{\"typeId\":\"10\",\"authorId\":\"1\",\"title\":\"News\",\"slug\":\"news\",\"postDate\":1473241260,\"expiryDate\":null,\"enabled\":1,\"parentId\":\"\",\"fields\":{\"8\":{\"new1\":{\"type\":\"block\",\"enabled\":\"1\",\"fields\":{\"style\":\"std\",\"body\":\"<h2><span class=\\\"t-brand\\\">Latest News<\\/span><\\/h2><p>There\\u2019s always something going on at Croxley Park.&nbsp;Make sure you keep up to date by getting the latest&nbsp;news, events and more direct to your inbox.<\\/p>\",\"button\":{\"type\":\"\",\"custom\":\"\",\"entry\":\"\",\"asset\":\"\",\"customText\":\"\",\"target\":\"\"}}}},\"5\":\"\",\"4\":\"\"}}', '2016-09-13 15:45:14', '2016-09-13 15:45:14', 'e29f3125-0e4f-4ad9-8224-c03dbdd4e301'),
 ('66', '17', '4', '1', 'en_gb', '5', '', '{\"typeId\":\"11\",\"authorId\":\"1\",\"title\":\"Events\",\"slug\":\"events\",\"postDate\":1473241260,\"expiryDate\":null,\"enabled\":1,\"parentId\":\"\",\"fields\":{\"50\":{\"122\":{\"type\":\"image\",\"enabled\":\"1\",\"fields\":{\"heading\":\"Fun & Games\",\"button\":{\"type\":\"\",\"custom\":\"\",\"entry\":\"\",\"customText\":\"\",\"target\":\"\"},\"image\":[\"69\"]}}},\"8\":{\"123\":{\"type\":\"block\",\"enabled\":\"1\",\"fields\":{\"style\":\"sub\",\"body\":\"<h2><span class=\\\"t-brand\\\">Latest Events<\\/span><\\/h2><p>Regular and varied events are scheduled to make the most of our amazing setting, amenities and strengthen our sense of community. So whether you enjoy team building, networking, relaxing, listening or watching we look forward to you joining us.<\\/p>\",\"button\":{\"type\":\"\",\"custom\":\"\",\"entry\":\"\",\"asset\":\"\",\"customText\":\"\",\"target\":\"\"}}}},\"5\":\"\",\"4\":\"\"}}', '2016-09-13 16:00:28', '2016-09-13 16:00:28', 'f402d06b-67ba-439f-9633-72d5de8b588f'),
 ('67', '2', '1', '1', 'en_gb', '4', '', '{\"typeId\":\"1\",\"authorId\":null,\"title\":\"Welcome to Local.croxleypark.com!\",\"slug\":\"homepage\",\"postDate\":1473414727,\"expiryDate\":null,\"enabled\":1,\"parentId\":null,\"fields\":{\"62\":[\"20\",\"31\",\"16\",\"17\"],\"50\":{\"80\":{\"type\":\"image\",\"enabled\":\"1\",\"fields\":{\"heading\":\"Some kind of heading\",\"button\":{\"type\":\"\",\"custom\":\"\",\"entry\":\"\",\"customText\":\"\",\"target\":\"\"},\"image\":[\"69\"]}}},\"8\":{\"81\":{\"type\":\"block\",\"enabled\":\"1\",\"fields\":{\"style\":\"std\",\"body\":\"<p>Croxley Park is more than just a great place to do business. We\\u2019re an impressive headquarters for international companies, and a flexible home for local start-ups. \\r\\n\\r\\nWe\\u2019re also a thriving community, a well-connected hub \\r\\n\\r\\nand a relaxing haven. Expect much more at Croxley Park. &nbsp;&nbsp;<\\/p>\",\"button\":{\"type\":\"entry\",\"custom\":\"\",\"entry\":[\"2\"],\"asset\":\"\",\"customText\":\"Read more\",\"target\":\"\"}}}},\"5\":\"\",\"4\":\"\",\"63\":\"<h2><span class=\\\"t-brand\\\">News & Events<\\/span><\\/h2>\\r\\n\\r\\n<p>There\\u2019s always something going on at Croxley Park. \\r\\n\\r\\nTake a look at our News and Events sections, to see \\r\\n\\r\\nwhat\\u2019s we\\u2019ve been up to and what\\u2019s coming up.<\\/p>\"}}', '2016-09-13 16:09:03', '2016-09-13 16:09:03', '4472f6b9-7b41-46ed-9061-bbf8ee2f47ac'),
 ('68', '2', '1', '1', 'en_gb', '5', '', '{\"typeId\":\"1\",\"authorId\":null,\"title\":\"Welcome to Local.croxleypark.com!\",\"slug\":\"homepage\",\"postDate\":1473414727,\"expiryDate\":null,\"enabled\":1,\"parentId\":null,\"fields\":{\"62\":[\"20\",\"31\",\"16\",\"17\"],\"50\":{\"80\":{\"type\":\"image\",\"enabled\":\"1\",\"fields\":{\"heading\":\"Some kind of heading\",\"button\":{\"type\":\"\",\"custom\":\"\",\"entry\":\"\",\"customText\":\"\",\"target\":\"\"},\"image\":[\"69\"]}}},\"8\":{\"81\":{\"type\":\"block\",\"enabled\":\"1\",\"fields\":{\"style\":\"std\",\"body\":\"<p>Croxley Park is more than just a great place to do business. We\\u2019re an impressive headquarters for international companies, and a flexible home for local start-ups. \\r\\n\\r\\nWe\\u2019re also a thriving community, a well-connected hub \\r\\n\\r\\nand a relaxing haven. Expect much more at Croxley Park. &nbsp;&nbsp;<\\/p>\",\"button\":{\"type\":\"entry\",\"custom\":\"\",\"entry\":[\"2\"],\"asset\":\"\",\"customText\":\"Read more\",\"target\":\"\"}}}},\"5\":\"\",\"4\":\"\",\"63\":\"<h2><span class=\\\"t-brand\\\">News & Events<\\/span><\\/h2>\\r\\n\\r\\n<p>There\\u2019s always something going on at Croxley Park. \\r\\n\\r\\nTake a look at our News and Events sections, to see \\r\\n\\r\\nwhat\\u2019s we\\u2019ve been up to and what\\u2019s coming up.<\\/p>\"}}', '2016-09-13 16:13:37', '2016-09-13 16:13:37', '68743d0c-3dbf-4b6d-92b1-9a17bb90a856'),
 ('69', '2', '1', '1', 'en_gb', '6', '', '{\"typeId\":\"1\",\"authorId\":null,\"title\":\"Welcome to Local.croxleypark.com!\",\"slug\":\"homepage\",\"postDate\":1473414727,\"expiryDate\":null,\"enabled\":1,\"parentId\":null,\"fields\":{\"62\":[\"20\",\"31\",\"16\",\"17\"],\"50\":{\"80\":{\"type\":\"image\",\"enabled\":\"1\",\"fields\":{\"heading\":\"Some kind of heading\",\"button\":{\"type\":\"\",\"custom\":\"\",\"entry\":\"\",\"customText\":\"\",\"target\":\"\"},\"image\":[\"69\"]}}},\"8\":{\"81\":{\"type\":\"block\",\"enabled\":\"1\",\"fields\":{\"style\":\"std\",\"body\":\"<p>Croxley Park is more than just a great place to do business. We\\u2019re an impressive headquarters for international companies, and a flexible home for local start-ups. \\r\\n\\r\\nWe\\u2019re also a thriving community, a well-connected hub \\r\\n\\r\\nand a relaxing haven. Expect much more at Croxley Park. &nbsp;&nbsp;<\\/p>\",\"button\":{\"type\":\"entry\",\"custom\":\"\",\"entry\":[\"2\"],\"asset\":\"\",\"customText\":\"Read more\",\"target\":\"\"}}}},\"5\":\"\",\"4\":\"\",\"63\":\"<h2><span class=\\\"t-brand\\\">News & Events<\\/span><\\/h2>\\r\\n\\r\\n<p>There\\u2019s always something going on at Croxley Park. \\r\\n\\r\\nTake a look at our News and Events sections, to see \\r\\n\\r\\nwhat\\u2019s we\\u2019ve been up to and what\\u2019s coming up.<\\/p>\"}}', '2016-09-13 16:18:38', '2016-09-13 16:18:38', 'd129e6ce-5ee1-424c-b765-c2193e65b3e5'),
 ('70', '125', '5', '1', 'en_gb', '1', '', '{\"typeId\":null,\"authorId\":\"1\",\"title\":\"Building 1 construction starting now\",\"slug\":\"spring-is-here-why-not-hop-on-a-bike-1-1\",\"postDate\":1473689760,\"expiryDate\":null,\"enabled\":1,\"parentId\":null,\"fields\":{\"1\":\"<p>Dolores blanditiis quod ipsam quod facilisis vel unde platea vero dolorem sociis lorem, enim nulla sociosqu placeat maxime feugiat hac! Taciti occaecati anim venenatis magnis scelerisque, in, ultricies lorem lacinia, mus sagittis aliquet erat illo, maecenas, quasi? Lorem nullam repudiandae, quia tincidunt fuga vero quas? Rerum impedit laoreet, fugiat sint.<\\/p>\\r\\n\\r\\n<p>Ad luctus adipiscing aliquid! Lacus, dolorem voluptas lacus, dolore vero reprehenderit, commodo dui ad, quod class facere fames parturient urna primis dignissim doloremque excepteur venenatis curabitur blandit, lorem, phasellus eu, proin cumque. In, maecenas blandit minus aliquam porro dapibus officiis wisi maxime eros malesuada minima. Tenetur nam laboris. Consequatur mi.<\\/p>\\r\\n\\r\\n\\r\\n\\r\\n\\r\\n\\r\\n\\r\\n\\r\\n<p>Quisque reprehenderit sit illo aspernatur aperiam beatae labore diamlorem? Interdum nisl anim mollis eius, maecenas eiusmod magna ducimus, dignissim etiam convallis quis impedit! Facilisi? Amet quasi imperdiet purus sit pellentesque voluptatum et? Totam non tincidunt? Vel rem nostrud nostrud est. Dictum sodales, iste explicabo anim id anim parturient. Magni fuga.<\\/p>\",\"5\":\"\",\"4\":\"\",\"58\":\"<p>Que vera quas sinvelluptat aut a doles ratium dusam nobiscitiore solupta dolupta tiatendae ipsunt faccusto volore mi, imol<\\/p>\",\"59\":[\"75\"],\"6\":[\"54\"]}}', '2016-09-13 16:19:46', '2016-09-13 16:19:46', 'b2a9e260-f7fd-453f-b9ed-dcc5864fa681'),
 ('71', '125', '5', '1', 'en_gb', '2', '', '{\"typeId\":\"5\",\"authorId\":\"1\",\"title\":\"Enim sociis quasi adipiscing ante euismod.\",\"slug\":\"enim-sociis-quasi-adipiscing-ante-euismod.\",\"postDate\":1473689760,\"expiryDate\":null,\"enabled\":1,\"parentId\":null,\"fields\":{\"1\":\"<p>Dolores blanditiis quod ipsam quod facilisis vel unde platea vero dolorem sociis lorem, enim nulla sociosqu placeat maxime feugiat hac! Taciti occaecati anim venenatis magnis scelerisque, in, ultricies lorem lacinia, mus sagittis aliquet erat illo, maecenas, quasi? Lorem nullam repudiandae, quia tincidunt fuga vero quas? Rerum impedit laoreet, fugiat sint.<\\/p>\\r\\n\\r\\n<p>Ad luctus adipiscing aliquid! Lacus, dolorem voluptas lacus, dolore vero reprehenderit, commodo dui ad, quod class facere fames parturient urna primis dignissim doloremque excepteur venenatis curabitur blandit, lorem, phasellus eu, proin cumque. In, maecenas blandit minus aliquam porro dapibus officiis wisi maxime eros malesuada minima. Tenetur nam laboris. Consequatur mi.<\\/p>\\r\\n\\r\\n\\r\\n\\r\\n\\r\\n\\r\\n\\r\\n\\r\\n\\r\\n\\r\\n<p>Quisque reprehenderit sit illo aspernatur aperiam beatae labore diamlorem? Interdum nisl anim mollis eius, maecenas eiusmod magna ducimus, dignissim etiam convallis quis impedit! Facilisi? Amet quasi imperdiet purus sit pellentesque voluptatum et? Totam non tincidunt? Vel rem nostrud nostrud est. Dictum sodales, iste explicabo anim id anim parturient. Magni fuga.<\\/p>\",\"5\":\"\",\"4\":\"\",\"58\":\"<p>Que vera quas sinvelluptat aut a doles ratium dusam nobiscitiore solupta dolupta tiatendae ipsunt faccusto volore mi, imol<\\/p>\",\"59\":[\"75\"],\"6\":[\"54\"]}}', '2016-09-13 16:20:04', '2016-09-13 16:20:04', 'ab514d8e-6bc9-49ee-9662-1deda44902b3'),
 ('72', '125', '5', '1', 'en_gb', '3', '', '{\"typeId\":\"5\",\"authorId\":\"1\",\"title\":\"Enim sociis quasi adipiscing ante euismod.\",\"slug\":\"enim-sociis-quasi-adipiscing-ante-euismod.\",\"postDate\":1473689760,\"expiryDate\":null,\"enabled\":1,\"parentId\":null,\"fields\":{\"1\":\"<p>Dolores blanditiis quod ipsam quod facilisis vel unde platea vero dolorem sociis lorem, enim nulla sociosqu placeat maxime feugiat hac! Taciti occaecati anim venenatis magnis scelerisque, in, ultricies lorem lacinia, mus sagittis aliquet erat illo, maecenas, quasi? Lorem nullam repudiandae, quia tincidunt fuga vero quas? Rerum impedit laoreet, fugiat sint.<\\/p>\\r\\n\\r\\n<p>Ad luctus adipiscing aliquid! Lacus, dolorem voluptas lacus, dolore vero reprehenderit, commodo dui ad, quod class facere fames parturient urna primis dignissim doloremque excepteur venenatis curabitur blandit, lorem, phasellus eu, proin cumque. In, maecenas blandit minus aliquam porro dapibus officiis wisi maxime eros malesuada minima. Tenetur nam laboris. Consequatur mi.<\\/p>\\r\\n\\r\\n\\r\\n\\r\\n\\r\\n\\r\\n\\r\\n\\r\\n\\r\\n\\r\\n\\r\\n\\r\\n<p>Quisque reprehenderit sit illo aspernatur aperiam beatae labore diamlorem? Interdum nisl anim mollis eius, maecenas eiusmod magna ducimus, dignissim etiam convallis quis impedit! Facilisi? Amet quasi imperdiet purus sit pellentesque voluptatum et? Totam non tincidunt? Vel rem nostrud nostrud est. Dictum sodales, iste explicabo anim id anim parturient. Magni fuga.<\\/p>\",\"5\":\"\",\"4\":\"\",\"58\":\"<p>Que vera quas sinvelluptat aut a doles ratium dusam nobiscitiore solupta dolupta tiatendae ipsunt faccusto volore mi, imol<\\/p>\",\"59\":\"\",\"6\":[\"54\"]}}', '2016-09-13 16:20:13', '2016-09-13 16:20:13', '901adb17-2e9d-4a41-a1d5-1c489e6a7796'),
 ('73', '126', '5', '1', 'en_gb', '1', '', '{\"typeId\":null,\"authorId\":\"1\",\"title\":\"Quis hendrerit interdum animi eu cursus.\",\"slug\":\"quis-hendrerit-interdum-animi-eu-cursus.\",\"postDate\":1473689760,\"expiryDate\":null,\"enabled\":1,\"parentId\":null,\"fields\":{\"1\":\"<p>Dolores blanditiis quod ipsam quod facilisis vel unde platea vero dolorem sociis lorem, enim nulla sociosqu placeat maxime feugiat hac! Taciti occaecati anim venenatis magnis scelerisque, in, ultricies lorem lacinia, mus sagittis aliquet erat illo, maecenas, quasi? Lorem nullam repudiandae, quia tincidunt fuga vero quas? Rerum impedit laoreet, fugiat sint.<\\/p>\\r\\n\\r\\n<p>Ad luctus adipiscing aliquid! Lacus, dolorem voluptas lacus, dolore vero reprehenderit, commodo dui ad, quod class facere fames parturient urna primis dignissim doloremque excepteur venenatis curabitur blandit, lorem, phasellus eu, proin cumque. In, maecenas blandit minus aliquam porro dapibus officiis wisi maxime eros malesuada minima. Tenetur nam laboris. Consequatur mi.<\\/p>\\r\\n\\r\\n\\r\\n\\r\\n\\r\\n\\r\\n\\r\\n\\r\\n\\r\\n\\r\\n\\r\\n\\r\\n\\r\\n\\r\\n<p>Quisque reprehenderit sit illo aspernatur aperiam beatae labore diamlorem? Interdum nisl anim mollis eius, maecenas eiusmod magna ducimus, dignissim etiam convallis quis impedit! Facilisi? Amet quasi imperdiet purus sit pellentesque voluptatum et? Totam non tincidunt? Vel rem nostrud nostrud est. Dictum sodales, iste explicabo anim id anim parturient. Magni fuga.<\\/p>\",\"5\":\"\",\"4\":\"\",\"58\":\"<p>Que vera quas sinvelluptat aut a doles ratium dusam nobiscitiore solupta dolupta tiatendae ipsunt faccusto volore mi, imol<\\/p>\",\"59\":\"\",\"6\":[\"54\"]}}', '2016-09-13 16:20:31', '2016-09-13 16:20:31', '6da3d2c1-294a-4e4c-8589-f1672ede988b'),
 ('74', '127', '5', '1', 'en_gb', '1', '', '{\"typeId\":null,\"authorId\":\"1\",\"title\":\"Diam anim et porta, laborum facilis.\",\"slug\":\"diam-anim-et-porta-laborum-facilis.\",\"postDate\":1473689760,\"expiryDate\":null,\"enabled\":1,\"parentId\":null,\"fields\":{\"1\":\"<p>Dolores blanditiis quod ipsam quod facilisis vel unde platea vero dolorem sociis lorem, enim nulla sociosqu placeat maxime feugiat hac! Taciti occaecati anim venenatis magnis scelerisque, in, ultricies lorem lacinia, mus sagittis aliquet erat illo, maecenas, quasi? Lorem nullam repudiandae, quia tincidunt fuga vero quas? Rerum impedit laoreet, fugiat sint.<\\/p>\\r\\n\\r\\n<p>Ad luctus adipiscing aliquid! Lacus, dolorem voluptas lacus, dolore vero reprehenderit, commodo dui ad, quod class facere fames parturient urna primis dignissim doloremque excepteur venenatis curabitur blandit, lorem, phasellus eu, proin cumque. In, maecenas blandit minus aliquam porro dapibus officiis wisi maxime eros malesuada minima. Tenetur nam laboris. Consequatur mi.<\\/p>\\r\\n\\r\\n\\r\\n\\r\\n\\r\\n\\r\\n\\r\\n\\r\\n\\r\\n\\r\\n\\r\\n\\r\\n\\r\\n\\r\\n\\r\\n\\r\\n<p>Quisque reprehenderit sit illo aspernatur aperiam beatae labore diamlorem? Interdum nisl anim mollis eius, maecenas eiusmod magna ducimus, dignissim etiam convallis quis impedit! Facilisi? Amet quasi imperdiet purus sit pellentesque voluptatum et? Totam non tincidunt? Vel rem nostrud nostrud est. Dictum sodales, iste explicabo anim id anim parturient. Magni fuga.<\\/p>\",\"5\":\"\",\"4\":\"\",\"58\":\"<p>Que vera quas sinvelluptat aut a doles ratium dusam nobiscitiore solupta dolupta tiatendae ipsunt faccusto volore mi, imol<\\/p>\",\"59\":\"\",\"6\":\"\"}}', '2016-09-13 16:20:47', '2016-09-13 16:20:47', '5dad1543-678f-4a39-a18c-ab074cb60394'),
 ('75', '128', '5', '1', 'en_gb', '1', '', '{\"typeId\":null,\"authorId\":\"1\",\"title\":\"Placerat, dignissim, sint sunt. Quisque elementum.\",\"slug\":\"placerat-dignissim-sint-sunt.-quisque-elementum.\",\"postDate\":1473689760,\"expiryDate\":null,\"enabled\":1,\"parentId\":null,\"fields\":{\"1\":\"<p>Dolores blanditiis quod ipsam quod facilisis vel unde platea vero dolorem sociis lorem, enim nulla sociosqu placeat maxime feugiat hac! Taciti occaecati anim venenatis magnis scelerisque, in, ultricies lorem lacinia, mus sagittis aliquet erat illo, maecenas, quasi? Lorem nullam repudiandae, quia tincidunt fuga vero quas? Rerum impedit laoreet, fugiat sint.<\\/p>\\r\\n\\r\\n<p>Ad luctus adipiscing aliquid! Lacus, dolorem voluptas lacus, dolore vero reprehenderit, commodo dui ad, quod class facere fames parturient urna primis dignissim doloremque excepteur venenatis curabitur blandit, lorem, phasellus eu, proin cumque. In, maecenas blandit minus aliquam porro dapibus officiis wisi maxime eros malesuada minima. Tenetur nam laboris. Consequatur mi.<\\/p>\\r\\n\\r\\n\\r\\n\\r\\n<p>Quisque reprehenderit sit illo aspernatur aperiam beatae labore diamlorem? Interdum nisl anim mollis eius, maecenas eiusmod magna ducimus, dignissim etiam convallis quis impedit! Facilisi? Amet quasi imperdiet purus sit pellentesque voluptatum et? Totam non tincidunt? Vel rem nostrud nostrud est. Dictum sodales, iste explicabo anim id anim parturient. Magni fuga.<\\/p>\",\"5\":\"\",\"4\":\"\",\"58\":\"<p>Que vera quas sinvelluptat aut a doles ratium dusam nobiscitiore solupta dolupta tiatendae ipsunt faccusto volore mi, imol<\\/p>\",\"59\":[\"74\"],\"6\":[\"54\"]}}', '2016-09-13 16:21:34', '2016-09-13 16:21:34', '85d54546-a59b-4224-8867-2a32d21eb5cc'),
 ('76', '129', '5', '1', 'en_gb', '1', '', '{\"typeId\":null,\"authorId\":\"1\",\"title\":\"Et litora dictumst urna platea optio.\",\"slug\":\"et-litora-dictumst-urna-platea-optio.\",\"postDate\":1473689760,\"expiryDate\":null,\"enabled\":1,\"parentId\":null,\"fields\":{\"1\":\"<p>Dolores blanditiis quod ipsam quod facilisis vel unde platea vero dolorem sociis lorem, enim nulla sociosqu placeat maxime feugiat hac! Taciti occaecati anim venenatis magnis scelerisque, in, ultricies lorem lacinia, mus sagittis aliquet erat illo, maecenas, quasi? Lorem nullam repudiandae, quia tincidunt fuga vero quas? Rerum impedit laoreet, fugiat sint.<\\/p>\\r\\n\\r\\n<p>Ad luctus adipiscing aliquid! Lacus, dolorem voluptas lacus, dolore vero reprehenderit, commodo dui ad, quod class facere fames parturient urna primis dignissim doloremque excepteur venenatis curabitur blandit, lorem, phasellus eu, proin cumque. In, maecenas blandit minus aliquam porro dapibus officiis wisi maxime eros malesuada minima. Tenetur nam laboris. Consequatur mi.<\\/p>\\r\\n\\r\\n\\r\\n\\r\\n\\r\\n\\r\\n<p>Quisque reprehenderit sit illo aspernatur aperiam beatae labore diamlorem? Interdum nisl anim mollis eius, maecenas eiusmod magna ducimus, dignissim etiam convallis quis impedit! Facilisi? Amet quasi imperdiet purus sit pellentesque voluptatum et? Totam non tincidunt? Vel rem nostrud nostrud est. Dictum sodales, iste explicabo anim id anim parturient. Magni fuga.<\\/p>\",\"5\":\"\",\"4\":\"\",\"58\":\"<p>Que vera quas sinvelluptat aut a doles ratium dusam nobiscitiore solupta dolupta tiatendae ipsunt faccusto volore mi, imol<\\/p>\",\"59\":[\"74\"],\"6\":[\"54\"]}}', '2016-09-13 16:21:43', '2016-09-13 16:21:43', '3d399eab-7047-485f-a31c-ea000b82c87f'),
 ('77', '130', '5', '1', 'en_gb', '1', '', '{\"typeId\":null,\"authorId\":\"1\",\"title\":\"Habitasse occaecati nobis voluptate, et dolor.\",\"slug\":\"habitasse-occaecati-nobis-voluptate-et-dolor.\",\"postDate\":1473689760,\"expiryDate\":null,\"enabled\":1,\"parentId\":null,\"fields\":{\"1\":\"<p>Dolores blanditiis quod ipsam quod facilisis vel unde platea vero dolorem sociis lorem, enim nulla sociosqu placeat maxime feugiat hac! Taciti occaecati anim venenatis magnis scelerisque, in, ultricies lorem lacinia, mus sagittis aliquet erat illo, maecenas, quasi? Lorem nullam repudiandae, quia tincidunt fuga vero quas? Rerum impedit laoreet, fugiat sint.<\\/p>\\r\\n\\r\\n<p>Ad luctus adipiscing aliquid! Lacus, dolorem voluptas lacus, dolore vero reprehenderit, commodo dui ad, quod class facere fames parturient urna primis dignissim doloremque excepteur venenatis curabitur blandit, lorem, phasellus eu, proin cumque. In, maecenas blandit minus aliquam porro dapibus officiis wisi maxime eros malesuada minima. Tenetur nam laboris. Consequatur mi.<\\/p>\\r\\n\\r\\n\\r\\n\\r\\n\\r\\n\\r\\n\\r\\n\\r\\n<p>Quisque reprehenderit sit illo aspernatur aperiam beatae labore diamlorem? Interdum nisl anim mollis eius, maecenas eiusmod magna ducimus, dignissim etiam convallis quis impedit! Facilisi? Amet quasi imperdiet purus sit pellentesque voluptatum et? Totam non tincidunt? Vel rem nostrud nostrud est. Dictum sodales, iste explicabo anim id anim parturient. Magni fuga.<\\/p>\",\"5\":\"\",\"4\":\"\",\"58\":\"\",\"59\":\"\",\"6\":[\"54\"]}}', '2016-09-13 16:21:58', '2016-09-13 16:21:58', 'a16b3def-95c9-467f-8447-4d69ce0c3380'),
 ('78', '131', '5', '1', 'en_gb', '1', '', '{\"typeId\":null,\"authorId\":\"1\",\"title\":\"Hic maxime possimus magnam faucibus blandit.\",\"slug\":\"hic-maxime-possimus-magnam-faucibus-blandit.\",\"postDate\":1473689760,\"expiryDate\":null,\"enabled\":1,\"parentId\":null,\"fields\":{\"1\":\"<p>Dolores blanditiis quod ipsam quod facilisis vel unde platea vero dolorem sociis lorem, enim nulla sociosqu placeat maxime feugiat hac! Taciti occaecati anim venenatis magnis scelerisque, in, ultricies lorem lacinia, mus sagittis aliquet erat illo, maecenas, quasi? Lorem nullam repudiandae, quia tincidunt fuga vero quas? Rerum impedit laoreet, fugiat sint.<\\/p>\\r\\n\\r\\n<p>Ad luctus adipiscing aliquid! Lacus, dolorem voluptas lacus, dolore vero reprehenderit, commodo dui ad, quod class facere fames parturient urna primis dignissim doloremque excepteur venenatis curabitur blandit, lorem, phasellus eu, proin cumque. In, maecenas blandit minus aliquam porro dapibus officiis wisi maxime eros malesuada minima. Tenetur nam laboris. Consequatur mi.<\\/p>\\r\\n\\r\\n\\r\\n\\r\\n\\r\\n\\r\\n\\r\\n\\r\\n\\r\\n\\r\\n<p>Quisque reprehenderit sit illo aspernatur aperiam beatae labore diamlorem? Interdum nisl anim mollis eius, maecenas eiusmod magna ducimus, dignissim etiam convallis quis impedit! Facilisi? Amet quasi imperdiet purus sit pellentesque voluptatum et? Totam non tincidunt? Vel rem nostrud nostrud est. Dictum sodales, iste explicabo anim id anim parturient. Magni fuga.<\\/p>\",\"5\":\"\",\"4\":\"\",\"58\":\"\",\"59\":\"\",\"6\":[\"54\"]}}', '2016-09-13 16:22:25', '2016-09-13 16:22:25', '46005c98-e80a-47a5-906a-8a476ffd6339'),
 ('79', '132', '5', '1', 'en_gb', '1', '', '{\"typeId\":null,\"authorId\":\"1\",\"title\":\"Tempus litora aliquid litora sit hymenaeos.\",\"slug\":\"tempus-litora-aliquid-litora-sit-hymenaeos.\",\"postDate\":1473689760,\"expiryDate\":null,\"enabled\":1,\"parentId\":null,\"fields\":{\"1\":\"<p>Dolores blanditiis quod ipsam quod facilisis vel unde platea vero dolorem sociis lorem, enim nulla sociosqu placeat maxime feugiat hac! Taciti occaecati anim venenatis magnis scelerisque, in, ultricies lorem lacinia, mus sagittis aliquet erat illo, maecenas, quasi? Lorem nullam repudiandae, quia tincidunt fuga vero quas? Rerum impedit laoreet, fugiat sint.<\\/p>\\r\\n\\r\\n<p>Ad luctus adipiscing aliquid! Lacus, dolorem voluptas lacus, dolore vero reprehenderit, commodo dui ad, quod class facere fames parturient urna primis dignissim doloremque excepteur venenatis curabitur blandit, lorem, phasellus eu, proin cumque. In, maecenas blandit minus aliquam porro dapibus officiis wisi maxime eros malesuada minima. Tenetur nam laboris. Consequatur mi.<\\/p>\\r\\n\\r\\n\\r\\n\\r\\n\\r\\n\\r\\n\\r\\n\\r\\n\\r\\n\\r\\n\\r\\n\\r\\n<p>Quisque reprehenderit sit illo aspernatur aperiam beatae labore diamlorem? Interdum nisl anim mollis eius, maecenas eiusmod magna ducimus, dignissim etiam convallis quis impedit! Facilisi? Amet quasi imperdiet purus sit pellentesque voluptatum et? Totam non tincidunt? Vel rem nostrud nostrud est. Dictum sodales, iste explicabo anim id anim parturient. Magni fuga.<\\/p>\",\"5\":\"\",\"4\":\"\",\"58\":\"\",\"59\":\"\",\"6\":[\"54\"]}}', '2016-09-13 16:22:34', '2016-09-13 16:22:34', 'a2786eec-a383-4d44-b0f5-4235768f1978'),
 ('80', '133', '5', '1', 'en_gb', '1', '', '{\"typeId\":null,\"authorId\":\"1\",\"title\":\"Quas! A cupiditate iure proident bibendum.\",\"slug\":\"quas-a-cupiditate-iure-proident-bibendum.\",\"postDate\":1473689760,\"expiryDate\":null,\"enabled\":1,\"parentId\":null,\"fields\":{\"1\":\"<p>Dolores blanditiis quod ipsam quod facilisis vel unde platea vero dolorem sociis lorem, enim nulla sociosqu placeat maxime feugiat hac! Taciti occaecati anim venenatis magnis scelerisque, in, ultricies lorem lacinia, mus sagittis aliquet erat illo, maecenas, quasi? Lorem nullam repudiandae, quia tincidunt fuga vero quas? Rerum impedit laoreet, fugiat sint.<\\/p>\\r\\n\\r\\n<p>Ad luctus adipiscing aliquid! Lacus, dolorem voluptas lacus, dolore vero reprehenderit, commodo dui ad, quod class facere fames parturient urna primis dignissim doloremque excepteur venenatis curabitur blandit, lorem, phasellus eu, proin cumque. In, maecenas blandit minus aliquam porro dapibus officiis wisi maxime eros malesuada minima. Tenetur nam laboris. Consequatur mi.<\\/p>\\r\\n\\r\\n\\r\\n\\r\\n\\r\\n\\r\\n\\r\\n\\r\\n\\r\\n\\r\\n\\r\\n\\r\\n\\r\\n\\r\\n<p>Quisque reprehenderit sit illo aspernatur aperiam beatae labore diamlorem? Interdum nisl anim mollis eius, maecenas eiusmod magna ducimus, dignissim etiam convallis quis impedit! Facilisi? Amet quasi imperdiet purus sit pellentesque voluptatum et? Totam non tincidunt? Vel rem nostrud nostrud est. Dictum sodales, iste explicabo anim id anim parturient. Magni fuga.<\\/p>\",\"5\":\"\",\"4\":\"\",\"58\":\"\",\"59\":\"\",\"6\":[\"54\"]}}', '2016-09-13 16:22:45', '2016-09-13 16:22:45', '8980bd6f-e7ed-43df-9771-b3262d03d2b7'),
 ('81', '134', '5', '1', 'en_gb', '1', '', '{\"typeId\":null,\"authorId\":\"1\",\"title\":\"Fugit volutpat hendrerit doloribus similique fuga.\",\"slug\":\"fugit-volutpat-hendrerit-doloribus-similique-fuga.\",\"postDate\":1473689760,\"expiryDate\":null,\"enabled\":1,\"parentId\":null,\"fields\":{\"1\":\"<p>Dolores blanditiis quod ipsam quod facilisis vel unde platea vero dolorem sociis lorem, enim nulla sociosqu placeat maxime feugiat hac! Taciti occaecati anim venenatis magnis scelerisque, in, ultricies lorem lacinia, mus sagittis aliquet erat illo, maecenas, quasi? Lorem nullam repudiandae, quia tincidunt fuga vero quas? Rerum impedit laoreet, fugiat sint.<\\/p>\\r\\n\\r\\n<p>Ad luctus adipiscing aliquid! Lacus, dolorem voluptas lacus, dolore vero reprehenderit, commodo dui ad, quod class facere fames parturient urna primis dignissim doloremque excepteur venenatis curabitur blandit, lorem, phasellus eu, proin cumque. In, maecenas blandit minus aliquam porro dapibus officiis wisi maxime eros malesuada minima. Tenetur nam laboris. Consequatur mi.<\\/p>\\r\\n\\r\\n\\r\\n\\r\\n\\r\\n\\r\\n\\r\\n\\r\\n\\r\\n\\r\\n\\r\\n\\r\\n\\r\\n\\r\\n\\r\\n\\r\\n<p>Quisque reprehenderit sit illo aspernatur aperiam beatae labore diamlorem? Interdum nisl anim mollis eius, maecenas eiusmod magna ducimus, dignissim etiam convallis quis impedit! Facilisi? Amet quasi imperdiet purus sit pellentesque voluptatum et? Totam non tincidunt? Vel rem nostrud nostrud est. Dictum sodales, iste explicabo anim id anim parturient. Magni fuga.<\\/p>\",\"5\":\"\",\"4\":\"\",\"58\":\"\",\"59\":\"\",\"6\":[\"54\"]}}', '2016-09-13 16:23:13', '2016-09-13 16:23:13', '8e2728ba-888e-489a-a72c-0be867ad96db'),
 ('82', '135', '5', '1', 'en_gb', '1', '', '{\"typeId\":null,\"authorId\":\"1\",\"title\":\"Laoreet minus atque, aliqua dapibus sagittis.\",\"slug\":\"laoreet-minus-atque-aliqua-dapibus-sagittis.\",\"postDate\":1473689760,\"expiryDate\":null,\"enabled\":1,\"parentId\":null,\"fields\":{\"1\":\"<p>Dolores blanditiis quod ipsam quod facilisis vel unde platea vero dolorem sociis lorem, enim nulla sociosqu placeat maxime feugiat hac! Taciti occaecati anim venenatis magnis scelerisque, in, ultricies lorem lacinia, mus sagittis aliquet erat illo, maecenas, quasi? Lorem nullam repudiandae, quia tincidunt fuga vero quas? Rerum impedit laoreet, fugiat sint.<\\/p>\\r\\n\\r\\n<p>Ad luctus adipiscing aliquid! Lacus, dolorem voluptas lacus, dolore vero reprehenderit, commodo dui ad, quod class facere fames parturient urna primis dignissim doloremque excepteur venenatis curabitur blandit, lorem, phasellus eu, proin cumque. In, maecenas blandit minus aliquam porro dapibus officiis wisi maxime eros malesuada minima. Tenetur nam laboris. Consequatur mi.<\\/p>\\r\\n\\r\\n\\r\\n\\r\\n\\r\\n\\r\\n\\r\\n\\r\\n\\r\\n\\r\\n\\r\\n\\r\\n\\r\\n\\r\\n\\r\\n\\r\\n\\r\\n\\r\\n<p>Quisque reprehenderit sit illo aspernatur aperiam beatae labore diamlorem? Interdum nisl anim mollis eius, maecenas eiusmod magna ducimus, dignissim etiam convallis quis impedit! Facilisi? Amet quasi imperdiet purus sit pellentesque voluptatum et? Totam non tincidunt? Vel rem nostrud nostrud est. Dictum sodales, iste explicabo anim id anim parturient. Magni fuga.<\\/p>\",\"5\":\"\",\"4\":\"\",\"58\":\"\",\"59\":\"\",\"6\":[\"54\"]}}', '2016-09-13 16:24:00', '2016-09-13 16:24:00', '7896c078-8057-4bde-863b-3a83ace678ee'),
 ('83', '136', '6', '1', 'en_gb', '1', '', '{\"typeId\":null,\"authorId\":\"1\",\"title\":\"Etiam occaecat! Dolor debitis bibendum numquam.\",\"slug\":\"cameras-on-croxley-1\",\"postDate\":1473690120,\"expiryDate\":null,\"enabled\":1,\"parentId\":null,\"fields\":{\"1\":\"<p>Mi repudiandae distinctio fusce nostrum irure molestiae? Mollitia illum fugit maiores scelerisque eveniet! Quasi netus mi dicta iste hac, ducimus parturient cursus quasi! Varius? Proin faucibus molestiae malesuada ultricies ea atque massa. Iste totam quos assumenda, ducimus montes ullamco lorem nisl repudiandae! Orci taciti diam ipsum eget alias, deleniti, commodi.<\\/p>\\r\\n\\r\\n<p>Facere interdum purus fugiat, pellentesque taciti litora dis, corrupti. Veniam ridiculus quisque ornare provident veritatis nec? Aliquid natus. Ducimus conubia et! Itaque sem malesuada sed tellus? Exercitationem dapibus ac tellus accusamus laboris quod, natus a! Pariatur. Qui iure voluptatibus habitasse, magnis cupiditate? Taciti, dolores culpa. Etiam ante doloremque rerum diam.<\\/p>\\r\\n\\r\\n\\r\\n\\r\\n\\r\\n\\r\\n<p>Montes officiis venenatis dolorem pellentesque rem ac faucibus ligula corrupti nesciunt augue! Magna molestiae, labore delectus minima omnis interdum debitis deserunt fusce, montes consequuntur curae purus tempore, sem pretium libero accusamus. Torquent, sollicitudin pulvinar beatae porttitor explicabo mollitia mus, minus montes est nostrud eius dictum. Porta magnis per aptent, elementum.<\\/p>\\r\\n\\r\\n\\r\\n\\r\\n\\r\\n\\r\\n<p>Provident, possimus vel, recusandae euismod numquam, pellentesque purus aliquet ut explicabo possimus, eaque cupiditate exercitation. Tempor, hendrerit totam tempore numquam, laoreet aut eos! Deleniti! Maiores quam, velit pede? Voluptate atque, pretium diamlorem! Viverra adipisci ullamco imperdiet, aute consectetuer mus vero error pede, lacinia aut! Adipisicing nulla? Laborum saepe itaque morbi.<\\/p>\\r\\n\\r\\n\\r\\n\\r\\n\\r\\n\\r\\n<p>Minima consequuntur cupidatat omnis integer nostrum neque eu? Hymenaeos accusamus cupiditate incididunt aliquip quaerat diamlorem mollitia autem cupidatat? Senectus autem mauris incididunt eu aperiam ut mollitia, laudantium neque, eius vel rerum duis explicabo mi laboriosam inceptos congue adipiscing viverra, soluta, facilisis rerum, magna consequat imperdiet nunc ornare tempor! Cumque libero.<\\/p>\",\"60\":{\"date\":\"14\\/09\\/2016\",\"time\":\"06:30\"},\"5\":\"\",\"4\":\"\",\"58\":\"<p>Ultrices nostrud facilisis, incidunt, proident corrupti urna, illo, tellus adipiscing proident minus feugiat atque exercitation magnam, hac unde pariatur accusamus. Soluta, dignissim architecto class, sociis consequatur taciti saepe? Dolor lacinia ridiculus aptent fringilla! Dignissim. Beatae commodo et sodales mollis, fringilla. Fugit purus beatae eiusmod elementum? Rutrum ex laudantium amet penatibus.<\\/p>\",\"59\":\"\",\"6\":[\"55\"]}}', '2016-09-13 16:31:02', '2016-09-13 16:31:02', '1275a039-d66e-488d-9b7c-7ebc8aca9e58'),
 ('84', '137', '6', '1', 'en_gb', '1', '', '{\"typeId\":null,\"authorId\":\"1\",\"title\":\"Veniam dolor ab.\",\"slug\":\"veniam-dolor-ab.\",\"postDate\":1473690120,\"expiryDate\":null,\"enabled\":1,\"parentId\":null,\"fields\":{\"1\":\"<p>Mi repudiandae distinctio fusce nostrum irure molestiae? Mollitia illum fugit maiores scelerisque eveniet! Quasi netus mi dicta iste hac, ducimus parturient cursus quasi! Varius? Proin faucibus molestiae malesuada ultricies ea atque massa. Iste totam quos assumenda, ducimus montes ullamco lorem nisl repudiandae! Orci taciti diam ipsum eget alias, deleniti, commodi.<\\/p>\\r\\n\\r\\n<p>Facere interdum purus fugiat, pellentesque taciti litora dis, corrupti. Veniam ridiculus quisque ornare provident veritatis nec? Aliquid natus. Ducimus conubia et! Itaque sem malesuada sed tellus? Exercitationem dapibus ac tellus accusamus laboris quod, natus a! Pariatur. Qui iure voluptatibus habitasse, magnis cupiditate? Taciti, dolores culpa. Etiam ante doloremque rerum diam.<\\/p>\\r\\n\\r\\n\\r\\n\\r\\n\\r\\n\\r\\n\\r\\n\\r\\n<p>Montes officiis venenatis dolorem pellentesque rem ac faucibus ligula corrupti nesciunt augue! Magna molestiae, labore delectus minima omnis interdum debitis deserunt fusce, montes consequuntur curae purus tempore, sem pretium libero accusamus. Torquent, sollicitudin pulvinar beatae porttitor explicabo mollitia mus, minus montes est nostrud eius dictum. Porta magnis per aptent, elementum.<\\/p>\\r\\n\\r\\n\\r\\n\\r\\n\\r\\n\\r\\n\\r\\n\\r\\n<p>Provident, possimus vel, recusandae euismod numquam, pellentesque purus aliquet ut explicabo possimus, eaque cupiditate exercitation. Tempor, hendrerit totam tempore numquam, laoreet aut eos! Deleniti! Maiores quam, velit pede? Voluptate atque, pretium diamlorem! Viverra adipisci ullamco imperdiet, aute consectetuer mus vero error pede, lacinia aut! Adipisicing nulla? Laborum saepe itaque morbi.<\\/p>\\r\\n\\r\\n\\r\\n\\r\\n\\r\\n\\r\\n\\r\\n\\r\\n<p>Minima consequuntur cupidatat omnis integer nostrum neque eu? Hymenaeos accusamus cupiditate incididunt aliquip quaerat diamlorem mollitia autem cupidatat? Senectus autem mauris incididunt eu aperiam ut mollitia, laudantium neque, eius vel rerum duis explicabo mi laboriosam inceptos congue adipiscing viverra, soluta, facilisis rerum, magna consequat imperdiet nunc ornare tempor! Cumque libero.<\\/p>\",\"60\":{\"date\":\"14\\/09\\/2016\",\"time\":\"06:30\"},\"5\":\"\",\"4\":\"\",\"58\":\"<p>Ultrices nostrud facilisis, incidunt, proident corrupti urna, illo, tellus adipiscing proident minus feugiat atque exercitation magnam, hac unde pariatur accusamus. Soluta, dignissim architecto class, sociis consequatur taciti saepe? Dolor lacinia ridiculus aptent fringilla! Dignissim. Beatae commodo et sodales mollis, fringilla. Fugit purus beatae eiusmod elementum? Rutrum ex laudantium amet penatibus.<\\/p>\",\"59\":\"\",\"6\":[\"55\"]}}', '2016-09-13 16:31:13', '2016-09-13 16:31:13', '7969c432-6eaf-4f1a-8df7-a568a1e6b52a'),
 ('85', '138', '6', '1', 'en_gb', '1', '', '{\"typeId\":null,\"authorId\":\"1\",\"title\":\"Risus aut veniam.\",\"slug\":\"risus-aut-veniam.\",\"postDate\":1473690120,\"expiryDate\":null,\"enabled\":1,\"parentId\":null,\"fields\":{\"1\":\"<p>Mi repudiandae distinctio fusce nostrum irure molestiae? Mollitia illum fugit maiores scelerisque eveniet! Quasi netus mi dicta iste hac, ducimus parturient cursus quasi! Varius? Proin faucibus molestiae malesuada ultricies ea atque massa. Iste totam quos assumenda, ducimus montes ullamco lorem nisl repudiandae! Orci taciti diam ipsum eget alias, deleniti, commodi.<\\/p>\\r\\n\\r\\n<p>Facere interdum purus fugiat, pellentesque taciti litora dis, corrupti. Veniam ridiculus quisque ornare provident veritatis nec? Aliquid natus. Ducimus conubia et! Itaque sem malesuada sed tellus? Exercitationem dapibus ac tellus accusamus laboris quod, natus a! Pariatur. Qui iure voluptatibus habitasse, magnis cupiditate? Taciti, dolores culpa. Etiam ante doloremque rerum diam.<\\/p>\\r\\n\\r\\n\\r\\n\\r\\n\\r\\n\\r\\n\\r\\n\\r\\n\\r\\n\\r\\n<p>Montes officiis venenatis dolorem pellentesque rem ac faucibus ligula corrupti nesciunt augue! Magna molestiae, labore delectus minima omnis interdum debitis deserunt fusce, montes consequuntur curae purus tempore, sem pretium libero accusamus. Torquent, sollicitudin pulvinar beatae porttitor explicabo mollitia mus, minus montes est nostrud eius dictum. Porta magnis per aptent, elementum.<\\/p>\\r\\n\\r\\n\\r\\n\\r\\n\\r\\n\\r\\n\\r\\n\\r\\n\\r\\n\\r\\n<p>Provident, possimus vel, recusandae euismod numquam, pellentesque purus aliquet ut explicabo possimus, eaque cupiditate exercitation. Tempor, hendrerit totam tempore numquam, laoreet aut eos! Deleniti! Maiores quam, velit pede? Voluptate atque, pretium diamlorem! Viverra adipisci ullamco imperdiet, aute consectetuer mus vero error pede, lacinia aut! Adipisicing nulla? Laborum saepe itaque morbi.<\\/p>\\r\\n\\r\\n\\r\\n\\r\\n\\r\\n\\r\\n\\r\\n\\r\\n\\r\\n\\r\\n<p>Minima consequuntur cupidatat omnis integer nostrum neque eu? Hymenaeos accusamus cupiditate incididunt aliquip quaerat diamlorem mollitia autem cupidatat? Senectus autem mauris incididunt eu aperiam ut mollitia, laudantium neque, eius vel rerum duis explicabo mi laboriosam inceptos congue adipiscing viverra, soluta, facilisis rerum, magna consequat imperdiet nunc ornare tempor! Cumque libero.<\\/p>\",\"60\":{\"date\":\"14\\/09\\/2016\",\"time\":\"06:30\"},\"5\":\"\",\"4\":\"\",\"58\":\"<p>Ultrices nostrud facilisis, incidunt, proident corrupti urna, illo, tellus adipiscing proident minus feugiat atque exercitation magnam, hac unde pariatur accusamus. Soluta, dignissim architecto class, sociis consequatur taciti saepe? Dolor lacinia ridiculus aptent fringilla! Dignissim. Beatae commodo et sodales mollis, fringilla. Fugit purus beatae eiusmod elementum? Rutrum ex laudantium amet penatibus.<\\/p>\",\"59\":\"\",\"6\":[\"55\"]}}', '2016-09-13 16:31:29', '2016-09-13 16:31:29', 'f424b53c-751d-4779-8888-9c4757250eab'),
 ('86', '139', '6', '1', 'en_gb', '1', '', '{\"typeId\":null,\"authorId\":\"1\",\"title\":\"Consectetur aliquid? Quisquam labore, culpa.\",\"slug\":\"consectetur-aliquid-quisquam-labore-culpa.\",\"postDate\":1473690120,\"expiryDate\":null,\"enabled\":1,\"parentId\":null,\"fields\":{\"1\":\"<p>Mi repudiandae distinctio fusce nostrum irure molestiae? Mollitia illum fugit maiores scelerisque eveniet! Quasi netus mi dicta iste hac, ducimus parturient cursus quasi! Varius? Proin faucibus molestiae malesuada ultricies ea atque massa. Iste totam quos assumenda, ducimus montes ullamco lorem nisl repudiandae! Orci taciti diam ipsum eget alias, deleniti, commodi.<\\/p>\\r\\n\\r\\n<p>Facere interdum purus fugiat, pellentesque taciti litora dis, corrupti. Veniam ridiculus quisque ornare provident veritatis nec? Aliquid natus. Ducimus conubia et! Itaque sem malesuada sed tellus? Exercitationem dapibus ac tellus accusamus laboris quod, natus a! Pariatur. Qui iure voluptatibus habitasse, magnis cupiditate? Taciti, dolores culpa. Etiam ante doloremque rerum diam.<\\/p>\\r\\n\\r\\n\\r\\n\\r\\n\\r\\n\\r\\n\\r\\n\\r\\n\\r\\n\\r\\n\\r\\n\\r\\n<p>Montes officiis venenatis dolorem pellentesque rem ac faucibus ligula corrupti nesciunt augue! Magna molestiae, labore delectus minima omnis interdum debitis deserunt fusce, montes consequuntur curae purus tempore, sem pretium libero accusamus. Torquent, sollicitudin pulvinar beatae porttitor explicabo mollitia mus, minus montes est nostrud eius dictum. Porta magnis per aptent, elementum.<\\/p>\\r\\n\\r\\n\\r\\n\\r\\n\\r\\n\\r\\n\\r\\n\\r\\n\\r\\n\\r\\n\\r\\n\\r\\n<p>Provident, possimus vel, recusandae euismod numquam, pellentesque purus aliquet ut explicabo possimus, eaque cupiditate exercitation. Tempor, hendrerit totam tempore numquam, laoreet aut eos! Deleniti! Maiores quam, velit pede? Voluptate atque, pretium diamlorem! Viverra adipisci ullamco imperdiet, aute consectetuer mus vero error pede, lacinia aut! Adipisicing nulla? Laborum saepe itaque morbi.<\\/p>\\r\\n\\r\\n\\r\\n\\r\\n\\r\\n\\r\\n\\r\\n\\r\\n\\r\\n\\r\\n\\r\\n\\r\\n<p>Minima consequuntur cupidatat omnis integer nostrum neque eu? Hymenaeos accusamus cupiditate incididunt aliquip quaerat diamlorem mollitia autem cupidatat? Senectus autem mauris incididunt eu aperiam ut mollitia, laudantium neque, eius vel rerum duis explicabo mi laboriosam inceptos congue adipiscing viverra, soluta, facilisis rerum, magna consequat imperdiet nunc ornare tempor! Cumque libero.<\\/p>\",\"60\":{\"date\":\"14\\/09\\/2016\",\"time\":\"06:30\"},\"5\":\"\",\"4\":\"\",\"58\":\"<p>Ultrices nostrud facilisis, incidunt, proident corrupti urna, illo, tellus adipiscing proident minus feugiat atque exercitation magnam, hac unde pariatur accusamus. Soluta, dignissim architecto class, sociis consequatur taciti saepe? Dolor lacinia ridiculus aptent fringilla! Dignissim. Beatae commodo et sodales mollis, fringilla. Fugit purus beatae eiusmod elementum? Rutrum ex laudantium amet penatibus.<\\/p>\",\"59\":\"\",\"6\":[\"55\"]}}', '2016-09-13 16:31:39', '2016-09-13 16:31:39', '8f2e2efc-93f4-46db-8e50-5d30de96dcfc'),
 ('87', '140', '6', '1', 'en_gb', '1', '', '{\"typeId\":null,\"authorId\":\"1\",\"title\":\"Faucibus porro dictumst, vero! Laborum.\",\"slug\":\"faucibus-porro-dictumst-vero-laborum.\",\"postDate\":1473690120,\"expiryDate\":null,\"enabled\":1,\"parentId\":null,\"fields\":{\"1\":\"<p>Mi repudiandae distinctio fusce nostrum irure molestiae? Mollitia illum fugit maiores scelerisque eveniet! Quasi netus mi dicta iste hac, ducimus parturient cursus quasi! Varius? Proin faucibus molestiae malesuada ultricies ea atque massa. Iste totam quos assumenda, ducimus montes ullamco lorem nisl repudiandae! Orci taciti diam ipsum eget alias, deleniti, commodi.<\\/p>\\r\\n\\r\\n<p>Facere interdum purus fugiat, pellentesque taciti litora dis, corrupti. Veniam ridiculus quisque ornare provident veritatis nec? Aliquid natus. Ducimus conubia et! Itaque sem malesuada sed tellus? Exercitationem dapibus ac tellus accusamus laboris quod, natus a! Pariatur. Qui iure voluptatibus habitasse, magnis cupiditate? Taciti, dolores culpa. Etiam ante doloremque rerum diam.<\\/p>\\r\\n\\r\\n\\r\\n\\r\\n\\r\\n\\r\\n\\r\\n\\r\\n\\r\\n\\r\\n\\r\\n\\r\\n\\r\\n\\r\\n<p>Montes officiis venenatis dolorem pellentesque rem ac faucibus ligula corrupti nesciunt augue! Magna molestiae, labore delectus minima omnis interdum debitis deserunt fusce, montes consequuntur curae purus tempore, sem pretium libero accusamus. Torquent, sollicitudin pulvinar beatae porttitor explicabo mollitia mus, minus montes est nostrud eius dictum. Porta magnis per aptent, elementum.<\\/p>\\r\\n\\r\\n\\r\\n\\r\\n\\r\\n\\r\\n\\r\\n\\r\\n\\r\\n\\r\\n\\r\\n\\r\\n\\r\\n\\r\\n<p>Provident, possimus vel, recusandae euismod numquam, pellentesque purus aliquet ut explicabo possimus, eaque cupiditate exercitation. Tempor, hendrerit totam tempore numquam, laoreet aut eos! Deleniti! Maiores quam, velit pede? Voluptate atque, pretium diamlorem! Viverra adipisci ullamco imperdiet, aute consectetuer mus vero error pede, lacinia aut! Adipisicing nulla? Laborum saepe itaque morbi.<\\/p>\\r\\n\\r\\n\\r\\n\\r\\n\\r\\n\\r\\n\\r\\n\\r\\n\\r\\n\\r\\n\\r\\n\\r\\n\\r\\n\\r\\n<p>Minima consequuntur cupidatat omnis integer nostrum neque eu? Hymenaeos accusamus cupiditate incididunt aliquip quaerat diamlorem mollitia autem cupidatat? Senectus autem mauris incididunt eu aperiam ut mollitia, laudantium neque, eius vel rerum duis explicabo mi laboriosam inceptos congue adipiscing viverra, soluta, facilisis rerum, magna consequat imperdiet nunc ornare tempor! Cumque libero.<\\/p>\",\"60\":{\"date\":\"14\\/09\\/2016\",\"time\":\"06:30\"},\"5\":\"\",\"4\":\"\",\"58\":\"<p>Ultrices nostrud facilisis, incidunt, proident corrupti urna, illo, tellus adipiscing proident minus feugiat atque exercitation magnam, hac unde pariatur accusamus. Soluta, dignissim architecto class, sociis consequatur taciti saepe? Dolor lacinia ridiculus aptent fringilla! Dignissim. Beatae commodo et sodales mollis, fringilla. Fugit purus beatae eiusmod elementum? Rutrum ex laudantium amet penatibus.<\\/p>\",\"59\":\"\",\"6\":[\"55\"]}}', '2016-09-13 16:31:51', '2016-09-13 16:31:51', 'd46f553d-8ec9-4298-969a-81a60a6d847e'),
 ('88', '141', '6', '1', 'en_gb', '1', '', '{\"typeId\":null,\"authorId\":\"1\",\"title\":\"Officia aliquet mattis leo aute.\",\"slug\":\"officia-aliquet-mattis-leo-aute.\",\"postDate\":1473690120,\"expiryDate\":null,\"enabled\":1,\"parentId\":null,\"fields\":{\"1\":\"<p>Mi repudiandae distinctio fusce nostrum irure molestiae? Mollitia illum fugit maiores scelerisque eveniet! Quasi netus mi dicta iste hac, ducimus parturient cursus quasi! Varius? Proin faucibus molestiae malesuada ultricies ea atque massa. Iste totam quos assumenda, ducimus montes ullamco lorem nisl repudiandae! Orci taciti diam ipsum eget alias, deleniti, commodi.<\\/p>\\r\\n\\r\\n<p>Facere interdum purus fugiat, pellentesque taciti litora dis, corrupti. Veniam ridiculus quisque ornare provident veritatis nec? Aliquid natus. Ducimus conubia et! Itaque sem malesuada sed tellus? Exercitationem dapibus ac tellus accusamus laboris quod, natus a! Pariatur. Qui iure voluptatibus habitasse, magnis cupiditate? Taciti, dolores culpa. Etiam ante doloremque rerum diam.<\\/p>\\r\\n\\r\\n\\r\\n\\r\\n\\r\\n\\r\\n\\r\\n\\r\\n\\r\\n\\r\\n\\r\\n\\r\\n\\r\\n\\r\\n\\r\\n\\r\\n<p>Montes officiis venenatis dolorem pellentesque rem ac faucibus ligula corrupti nesciunt augue! Magna molestiae, labore delectus minima omnis interdum debitis deserunt fusce, montes consequuntur curae purus tempore, sem pretium libero accusamus. Torquent, sollicitudin pulvinar beatae porttitor explicabo mollitia mus, minus montes est nostrud eius dictum. Porta magnis per aptent, elementum.<\\/p>\\r\\n\\r\\n\\r\\n\\r\\n\\r\\n\\r\\n\\r\\n\\r\\n\\r\\n\\r\\n\\r\\n\\r\\n\\r\\n\\r\\n\\r\\n\\r\\n<p>Provident, possimus vel, recusandae euismod numquam, pellentesque purus aliquet ut explicabo possimus, eaque cupiditate exercitation. Tempor, hendrerit totam tempore numquam, laoreet aut eos! Deleniti! Maiores quam, velit pede? Voluptate atque, pretium diamlorem! Viverra adipisci ullamco imperdiet, aute consectetuer mus vero error pede, lacinia aut! Adipisicing nulla? Laborum saepe itaque morbi.<\\/p>\\r\\n\\r\\n\\r\\n\\r\\n\\r\\n\\r\\n\\r\\n\\r\\n\\r\\n\\r\\n\\r\\n\\r\\n\\r\\n\\r\\n\\r\\n\\r\\n<p>Minima consequuntur cupidatat omnis integer nostrum neque eu? Hymenaeos accusamus cupiditate incididunt aliquip quaerat diamlorem mollitia autem cupidatat? Senectus autem mauris incididunt eu aperiam ut mollitia, laudantium neque, eius vel rerum duis explicabo mi laboriosam inceptos congue adipiscing viverra, soluta, facilisis rerum, magna consequat imperdiet nunc ornare tempor! Cumque libero.<\\/p>\",\"60\":{\"date\":\"14\\/09\\/2016\",\"time\":\"06:30\"},\"5\":\"\",\"4\":\"\",\"58\":\"<p>Ultrices nostrud facilisis, incidunt, proident corrupti urna, illo, tellus adipiscing proident minus feugiat atque exercitation magnam, hac unde pariatur accusamus. Soluta, dignissim architecto class, sociis consequatur taciti saepe? Dolor lacinia ridiculus aptent fringilla! Dignissim. Beatae commodo et sodales mollis, fringilla. Fugit purus beatae eiusmod elementum? Rutrum ex laudantium amet penatibus.<\\/p>\",\"59\":\"\",\"6\":[\"55\"]}}', '2016-09-13 16:32:01', '2016-09-13 16:32:01', 'adfaa95f-0027-4a25-bdc8-1164b26fbc69'),
 ('89', '142', '6', '1', 'en_gb', '1', '', '{\"typeId\":null,\"authorId\":\"1\",\"title\":\"Aspernatur iste sequi ipsum nostra.\",\"slug\":\"aspernatur-iste-sequi-ipsum-nostra.\",\"postDate\":1473690120,\"expiryDate\":null,\"enabled\":1,\"parentId\":null,\"fields\":{\"1\":\"<p>Mi repudiandae distinctio fusce nostrum irure molestiae? Mollitia illum fugit maiores scelerisque eveniet! Quasi netus mi dicta iste hac, ducimus parturient cursus quasi! Varius? Proin faucibus molestiae malesuada ultricies ea atque massa. Iste totam quos assumenda, ducimus montes ullamco lorem nisl repudiandae! Orci taciti diam ipsum eget alias, deleniti, commodi.<\\/p>\\r\\n\\r\\n<p>Facere interdum purus fugiat, pellentesque taciti litora dis, corrupti. Veniam ridiculus quisque ornare provident veritatis nec? Aliquid natus. Ducimus conubia et! Itaque sem malesuada sed tellus? Exercitationem dapibus ac tellus accusamus laboris quod, natus a! Pariatur. Qui iure voluptatibus habitasse, magnis cupiditate? Taciti, dolores culpa. Etiam ante doloremque rerum diam.<\\/p>\\r\\n\\r\\n\\r\\n\\r\\n\\r\\n\\r\\n\\r\\n\\r\\n\\r\\n\\r\\n\\r\\n\\r\\n\\r\\n\\r\\n\\r\\n\\r\\n\\r\\n\\r\\n<p>Montes officiis venenatis dolorem pellentesque rem ac faucibus ligula corrupti nesciunt augue! Magna molestiae, labore delectus minima omnis interdum debitis deserunt fusce, montes consequuntur curae purus tempore, sem pretium libero accusamus. Torquent, sollicitudin pulvinar beatae porttitor explicabo mollitia mus, minus montes est nostrud eius dictum. Porta magnis per aptent, elementum.<\\/p>\\r\\n\\r\\n\\r\\n\\r\\n\\r\\n\\r\\n\\r\\n\\r\\n\\r\\n\\r\\n\\r\\n\\r\\n\\r\\n\\r\\n\\r\\n\\r\\n\\r\\n\\r\\n<p>Provident, possimus vel, recusandae euismod numquam, pellentesque purus aliquet ut explicabo possimus, eaque cupiditate exercitation. Tempor, hendrerit totam tempore numquam, laoreet aut eos! Deleniti! Maiores quam, velit pede? Voluptate atque, pretium diamlorem! Viverra adipisci ullamco imperdiet, aute consectetuer mus vero error pede, lacinia aut! Adipisicing nulla? Laborum saepe itaque morbi.<\\/p>\\r\\n\\r\\n\\r\\n\\r\\n\\r\\n\\r\\n\\r\\n\\r\\n\\r\\n\\r\\n\\r\\n\\r\\n\\r\\n\\r\\n\\r\\n\\r\\n\\r\\n\\r\\n<p>Minima consequuntur cupidatat omnis integer nostrum neque eu? Hymenaeos accusamus cupiditate incididunt aliquip quaerat diamlorem mollitia autem cupidatat? Senectus autem mauris incididunt eu aperiam ut mollitia, laudantium neque, eius vel rerum duis explicabo mi laboriosam inceptos congue adipiscing viverra, soluta, facilisis rerum, magna consequat imperdiet nunc ornare tempor! Cumque libero.<\\/p>\",\"60\":{\"date\":\"14\\/09\\/2016\",\"time\":\"06:30\"},\"5\":\"\",\"4\":\"\",\"58\":\"<p>Ultrices nostrud facilisis, incidunt, proident corrupti urna, illo, tellus adipiscing proident minus feugiat atque exercitation magnam, hac unde pariatur accusamus. Soluta, dignissim architecto class, sociis consequatur taciti saepe? Dolor lacinia ridiculus aptent fringilla! Dignissim. Beatae commodo et sodales mollis, fringilla. Fugit purus beatae eiusmod elementum? Rutrum ex laudantium amet penatibus.<\\/p>\",\"59\":\"\",\"6\":\"\"}}', '2016-09-13 16:32:11', '2016-09-13 16:32:11', '130d30fa-2b85-453f-a3fe-96543922f6db'),
 ('90', '143', '9', '1', 'en_gb', '1', '', '{\"typeId\":null,\"authorId\":\"1\",\"title\":\"Bray Fox Smith\",\"slug\":\"bray-fox-smith\",\"postDate\":1473785311,\"expiryDate\":null,\"enabled\":1,\"parentId\":null,\"fields\":{\"20\":{\"new1\":{\"type\":\"contacts\",\"enabled\":\"1\",\"fields\":{\"company\":\"\",\"website\":{\"type\":\"custom\",\"custom\":\"http:\\/\\/www.brayfoxsmith.com\",\"customText\":\"www.brayfoxsmith.com\",\"target\":\"_blank\"},\"person\":{\"new1\":{\"type\":\"1\",\"fields\":{\"personName\":\"Paul Smith\",\"email\":\"paulqsmith@brayfoxsmith.com\",\"telephone\":\"020 7629 5572\",\"mobile\":\"\"}},\"new2\":{\"type\":\"1\",\"fields\":{\"personName\":\"Heather Smith\",\"email\":\"heathersmith@brayfoxsmith.com\",\"telephone\":\"020 3362 4350\",\"mobile\":\"\"}}},\"logo\":[\"66\"]}}}}}', '2016-09-13 16:48:31', '2016-09-13 16:48:31', '0f01f6f0-d394-453b-904b-5295f0195e4c'),
 ('91', '148', '9', '1', 'en_gb', '1', '', '{\"typeId\":null,\"authorId\":\"1\",\"title\":\"Stimpsons\",\"slug\":\"stimpsons\",\"postDate\":1473785514,\"expiryDate\":null,\"enabled\":1,\"parentId\":null,\"fields\":{\"20\":{\"new1\":{\"type\":\"contacts\",\"enabled\":\"1\",\"fields\":{\"company\":\"\",\"website\":{\"type\":\"custom\",\"custom\":\"http:\\/\\/stimpsons.co.uk\",\"customText\":\"stimpsons.co.uk\",\"target\":\"\"},\"person\":{\"new1\":{\"type\":\"1\",\"fields\":{\"personName\":\"Paul Felton\",\"email\":\"pmf@stimpsons.co.uk\",\"telephone\":\"01923 60402\",\"mobile\":\"\"}}},\"logo\":[\"147\"]}}}}}', '2016-09-13 16:51:54', '2016-09-13 16:51:54', '7122c80f-367d-4bae-b4d1-156c2e4e8de3'),
 ('92', '152', '9', '1', 'en_gb', '1', '', '{\"typeId\":null,\"authorId\":\"1\",\"title\":\"CBRE\",\"slug\":\"cbre\",\"postDate\":1473785280,\"expiryDate\":null,\"enabled\":1,\"parentId\":null,\"fields\":{\"20\":{\"144\":{\"type\":\"contacts\",\"enabled\":\"1\",\"fields\":{\"company\":\"\",\"website\":{\"type\":\"custom\",\"custom\":\"http:\\/\\/www.cbre.co.uk\",\"customText\":\"www.cbre.co.uk\\/\",\"target\":\"_blank\"},\"person\":{\"145\":{\"type\":\"1\",\"fields\":{\"personName\":\"Paul Smith\",\"email\":\"paulqsmith@brayfoxsmith.com\",\"telephone\":\"020 7629 5572\",\"mobile\":\"\"}},\"146\":{\"type\":\"1\",\"fields\":{\"personName\":\"Heather Smith\",\"email\":\"heathersmith@brayfoxsmith.com\",\"telephone\":\"020 3362 4350\",\"mobile\":\"\"}}},\"logo\":[\"151\"]}}}}}', '2016-09-13 16:53:13', '2016-09-13 16:53:13', 'bafad44e-01e6-462f-81e2-fe3e17913d04'),
 ('93', '156', '9', '1', 'en_gb', '1', '', '{\"typeId\":null,\"authorId\":\"1\",\"title\":\"Sarina Staff\",\"slug\":\"sarina-staff\",\"postDate\":1473785654,\"expiryDate\":null,\"enabled\":1,\"parentId\":null,\"fields\":{\"20\":{\"new1\":{\"type\":\"contacts\",\"enabled\":\"1\",\"fields\":{\"company\":\"\",\"website\":{\"type\":\"\",\"custom\":\"\",\"customText\":\"\",\"target\":\"\"},\"person\":{\"new1\":{\"type\":\"1\",\"fields\":{\"personName\":\"Sarina Staff\",\"email\":\"sstaff@croxleygreen.co.uk\",\"telephone\":\"01923 243022\",\"mobile\":\"07726 359957\"}}},\"logo\":\"\"}}}}}', '2016-09-13 16:54:15', '2016-09-13 16:54:15', '8b076958-d8b1-4c25-9c56-1ba4e5658267'),
 ('94', '159', '9', '1', 'en_gb', '1', '', '{\"typeId\":null,\"authorId\":\"1\",\"title\":\"Sarah Shippey\",\"slug\":\"sarah-shippey\",\"postDate\":1473785686,\"expiryDate\":null,\"enabled\":1,\"parentId\":null,\"fields\":{\"20\":{\"new1\":{\"type\":\"contacts\",\"enabled\":\"1\",\"fields\":{\"company\":\"\",\"website\":{\"type\":\"\",\"custom\":\"\",\"customText\":\"\",\"target\":\"\"},\"person\":{\"new1\":{\"type\":\"1\",\"fields\":{\"personName\":\"Sarah Shippey\",\"email\":\"sshippey@croxleygreen.co.uk\",\"telephone\":\" 01923 252961\",\"mobile\":\"\"}}},\"logo\":\"\"}}}}}', '2016-09-13 16:54:46', '2016-09-13 16:54:46', 'd6e74fd2-d7a8-480c-8eda-a28de1c19ba9'),
 ('95', '156', '9', '1', 'en_gb', '2', '', '{\"typeId\":\"14\",\"authorId\":\"1\",\"title\":\"Sarina Staff\",\"slug\":\"sarina-staff\",\"postDate\":1473785640,\"expiryDate\":null,\"enabled\":1,\"parentId\":null,\"fields\":{\"20\":{\"157\":{\"type\":\"contacts\",\"enabled\":\"1\",\"fields\":{\"company\":\"\",\"website\":{\"type\":\"\",\"custom\":\"\",\"customText\":\"\",\"target\":\"\"},\"person\":{\"158\":{\"type\":\"1\",\"fields\":{\"personName\":\"Sarina Staff\",\"email\":\"sstaff@croxleygreen.co.uk\",\"telephone\":\"01923 243022\",\"mobile\":\"07726 359957\",\"jobTitle\":\"Marketing & Customer Services Manager\"}}},\"logo\":\"\"}}}}}', '2016-09-13 16:55:33', '2016-09-13 16:55:33', '098a7d31-7c31-448a-a3e7-c6af8ed9aa43'),
 ('96', '159', '9', '1', 'en_gb', '2', '', '{\"typeId\":\"14\",\"authorId\":\"1\",\"title\":\"Sarah Shippey\",\"slug\":\"sarah-shippey\",\"postDate\":1473785640,\"expiryDate\":null,\"enabled\":1,\"parentId\":null,\"fields\":{\"20\":{\"160\":{\"type\":\"contacts\",\"enabled\":\"1\",\"fields\":{\"company\":\"\",\"website\":{\"type\":\"\",\"custom\":\"\",\"customText\":\"\",\"target\":\"\"},\"person\":{\"161\":{\"type\":\"1\",\"fields\":{\"personName\":\"Sarah Shippey\",\"email\":\"sshippey@croxleygreen.co.uk\",\"telephone\":\" 01923 252961\",\"mobile\":\"\",\"jobTitle\":\"Park Management Assistant\"}}},\"logo\":\"\"}}}}}', '2016-09-13 16:55:46', '2016-09-13 16:55:46', '9a6299be-5f6d-4951-8510-27d9d2eb1899'),
 ('97', '19', '4', '1', 'en_gb', '2', '', '{\"typeId\":\"13\",\"authorId\":\"1\",\"title\":\"Contact\",\"slug\":\"contact\",\"postDate\":1473241260,\"expiryDate\":null,\"enabled\":1,\"parentId\":\"\",\"fields\":{\"73\":{\"new1\":{\"type\":\"contact\",\"enabled\":\"1\",\"fields\":{\"heading\":\"Letting agents\",\"contact\":[\"143\",\"148\",\"152\"]}},\"new2\":{\"type\":\"contact\",\"enabled\":\"1\",\"fields\":{\"heading\":\"On-site marketing and Management centre\",\"contact\":[\"156\",\"159\"]}}},\"5\":\"\",\"4\":\"\"}}', '2016-09-13 16:56:27', '2016-09-13 16:56:27', '76dc691d-cc4d-4089-abe3-83147793ca7f'),
 ('98', '143', '9', '1', 'en_gb', '2', '', '{\"typeId\":\"14\",\"authorId\":\"1\",\"title\":\"Bray Fox Smith\",\"slug\":\"bray-fox-smith\",\"postDate\":1473785280,\"expiryDate\":null,\"enabled\":1,\"parentId\":null,\"fields\":{\"20\":{\"144\":{\"type\":\"contacts\",\"enabled\":\"1\",\"fields\":{\"company\":\"\",\"website\":{\"type\":\"custom\",\"custom\":\"http:\\/\\/www.brayfoxsmith.com\",\"customText\":\"www.brayfoxsmith.com\",\"target\":\"_blank\"},\"person\":{\"145\":{\"type\":\"1\",\"fields\":{\"personName\":\"Paul Smith\",\"email\":\"paulqsmith@brayfoxsmith.com\",\"telephone\":\"020 7629 5572\",\"mobile\":\"\",\"jobTitle\":\"\"}},\"146\":{\"type\":\"1\",\"fields\":{\"personName\":\"Heather Smith\",\"email\":\"heathersmith@brayfoxsmith.com\",\"telephone\":\"020 3362 4350\",\"mobile\":\"\",\"jobTitle\":\"\"}}},\"logo\":[\"66\"]}}}}}', '2016-09-13 22:55:00', '2016-09-13 22:55:00', 'd2a69e52-1e47-4f13-83df-a8724d6b64b4');



DROP TABLE IF EXISTS `craft_fieldgroups`;


--
-- Schema for table `craft_fieldgroups`
--
CREATE TABLE `craft_fieldgroups` (
  `id` int(11) NOT NULL AUTO_INCREMENT,
  `name` varchar(255) COLLATE utf8_unicode_ci NOT NULL,
  `dateCreated` datetime NOT NULL,
  `dateUpdated` datetime NOT NULL,
  `uid` char(36) COLLATE utf8_unicode_ci NOT NULL DEFAULT '0',
  PRIMARY KEY (`id`),
  UNIQUE KEY `craft_fieldgroups_name_unq_idx` (`name`)
) ENGINE=InnoDB AUTO_INCREMENT=9 DEFAULT CHARSET=utf8 COLLATE=utf8_unicode_ci;

--
-- Data for table `craft_fieldgroups`
--

INSERT INTO `craft_fieldgroups` (`id`, `name`, `dateCreated`, `dateUpdated`, `uid`) VALUES
 ('1', 'Default', '2016-09-06 16:45:31', '2016-09-06 16:45:31', 'a13a7746-ed2a-40b6-ab9a-73c3f2fc9d4a'),
 ('2', 'SEO', '2016-09-06 16:57:48', '2016-09-06 16:57:48', 'a93e98a7-140e-4c61-ab2e-ca22d1a3df4a'),
 ('3', 'Assets', '2016-09-07 08:49:03', '2016-09-07 08:49:03', 'fa57a57a-d31b-452a-af9a-26ef310fcc9b'),
 ('4', 'Buildings', '2016-09-09 09:40:38', '2016-09-09 09:40:38', '2cfa0a09-4ec1-4616-9e60-b2ce0af1033e'),
 ('5', 'News & Events', '2016-09-12 13:59:38', '2016-09-12 13:59:38', '8d0db2e4-a054-4b61-b01f-41367d67e02d'),
 ('6', 'Amenities', '2016-09-12 14:34:13', '2016-09-12 14:34:13', 'dd00ef1f-7daf-4613-8e57-28acbb47b226'),
 ('8', 'Contacts', '2016-09-13 17:03:27', '2016-09-13 17:03:27', '216e5ac6-f93d-45dd-b433-c3d115bf53c1');



DROP TABLE IF EXISTS `craft_fieldlayoutfields`;


--
-- Schema for table `craft_fieldlayoutfields`
--
CREATE TABLE `craft_fieldlayoutfields` (
  `id` int(11) NOT NULL AUTO_INCREMENT,
  `layoutId` int(11) NOT NULL,
  `tabId` int(11) NOT NULL,
  `fieldId` int(11) NOT NULL,
  `required` tinyint(1) unsigned NOT NULL DEFAULT '0',
  `sortOrder` smallint(6) unsigned DEFAULT NULL,
  `dateCreated` datetime NOT NULL,
  `dateUpdated` datetime NOT NULL,
  `uid` char(36) COLLATE utf8_unicode_ci NOT NULL DEFAULT '0',
  PRIMARY KEY (`id`),
  UNIQUE KEY `craft_fieldlayoutfields_layoutId_fieldId_unq_idx` (`layoutId`,`fieldId`),
  KEY `craft_fieldlayoutfields_sortOrder_idx` (`sortOrder`),
  KEY `craft_fieldlayoutfields_tabId_fk` (`tabId`),
  KEY `craft_fieldlayoutfields_fieldId_fk` (`fieldId`)
) ENGINE=InnoDB AUTO_INCREMENT=319 DEFAULT CHARSET=utf8 COLLATE=utf8_unicode_ci;

--
-- Data for table `craft_fieldlayoutfields`
--

INSERT INTO `craft_fieldlayoutfields` (`id`, `layoutId`, `tabId`, `fieldId`, `required`, `sortOrder`, `dateCreated`, `dateUpdated`, `uid`) VALUES
 ('4', '10', '3', '3', '0', '1', '2016-09-06 16:58:23', '2016-09-06 16:58:23', '503e30b5-949a-4478-b44f-712867aeec19'),
 ('5', '11', '4', '4', '0', '1', '2016-09-06 16:59:55', '2016-09-06 16:59:55', '34d74327-7bff-48cf-b784-c5191fd09234'),
 ('6', '11', '4', '5', '0', '2', '2016-09-06 16:59:55', '2016-09-06 16:59:55', '882c1125-35d6-474d-9dcb-c03a812198fa'),
 ('7', '12', '5', '6', '0', '1', '2016-09-06 17:01:25', '2016-09-06 17:01:25', 'ea26bbcc-e3ce-4b16-be9a-1a8d46601a05'),
 ('8', '13', '6', '6', '0', '1', '2016-09-07 08:48:51', '2016-09-07 08:48:51', '9bc73dc6-3650-41c1-a88d-0d25315997eb'),
 ('46', '29', '20', '7', '0', '1', '2016-09-07 09:19:39', '2016-09-07 09:19:39', 'a52f6e38-ab7d-4afc-bc80-9dd1de52b17e'),
 ('47', '30', '21', '28', '0', '1', '2016-09-07 09:31:19', '2016-09-07 09:31:19', '0ce84630-9b7a-4ad9-a052-bf6cda3b02cd'),
 ('48', '31', '22', '28', '0', '1', '2016-09-07 09:31:37', '2016-09-07 09:31:37', '2b660ec7-0548-49d6-9ca5-574c405de5e8'),
 ('56', '37', '26', '30', '1', '1', '2016-09-07 15:00:55', '2016-09-07 15:00:55', 'a5412e3c-53bf-4546-a298-6d2ef911bd5c'),
 ('57', '37', '26', '31', '0', '2', '2016-09-07 15:00:55', '2016-09-07 15:00:55', '9001cb18-1657-49ce-ac28-ded6e2bd2fa6'),
 ('58', '38', '27', '29', '0', '1', '2016-09-07 15:01:21', '2016-09-07 15:01:21', 'dd954eee-c468-4ee7-b1e9-844d8c6627d8'),
 ('59', '39', '28', '3', '0', '1', '2016-09-07 15:05:59', '2016-09-07 15:05:59', '323d89c4-83f9-409d-b5df-9be1a07c6352'),
 ('69', '48', '32', '15', '0', '1', '2016-09-07 16:19:57', '2016-09-07 16:19:57', '682ca496-b9d3-4adb-8ff8-258b77d6fd84'),
 ('72', '50', '34', '32', '0', '1', '2016-09-07 16:26:14', '2016-09-07 16:26:14', '117a92bd-91d4-4997-b1c8-7017e5f1b569'),
 ('110', '65', '47', '17', '0', '1', '2016-09-08 16:17:09', '2016-09-08 16:17:09', 'a6a40d19-82a3-4f19-a4ed-0e3fc9dcb0b0'),
 ('111', '65', '47', '38', '0', '2', '2016-09-08 16:17:09', '2016-09-08 16:17:09', 'e8daafda-2622-4dcb-9ff2-dd98a98ccbfb'),
 ('112', '66', '48', '35', '0', '1', '2016-09-08 16:17:10', '2016-09-08 16:17:10', '3753f912-d7f7-41e5-8391-585a30a83ef4'),
 ('113', '66', '48', '36', '0', '2', '2016-09-08 16:17:10', '2016-09-08 16:17:10', 'fc068478-2ed5-4206-808c-30fe583a5771'),
 ('114', '67', '49', '33', '0', '1', '2016-09-08 16:17:10', '2016-09-08 16:17:10', 'ec0c1a4b-56b7-4853-8618-0fbfb9dace64'),
 ('115', '67', '49', '34', '0', '2', '2016-09-08 16:17:10', '2016-09-08 16:17:10', '23f68f53-fa21-4b19-8dee-efd2c11b686e'),
 ('136', '75', '55', '6', '0', '1', '2016-09-09 09:57:54', '2016-09-09 09:57:54', 'bf89ec2d-90cd-4674-92bc-65b44124671a'),
 ('137', '75', '55', '48', '0', '2', '2016-09-09 09:57:54', '2016-09-09 09:57:54', 'e0ed7435-c0ea-44a0-a9de-a7cf573425cb'),
 ('138', '75', '55', '45', '0', '3', '2016-09-09 09:57:54', '2016-09-09 09:57:54', '2fe55967-2c8d-4145-92a4-0d98ecb5b3ae'),
 ('139', '75', '55', '46', '0', '4', '2016-09-09 09:57:54', '2016-09-09 09:57:54', 'cd108ec8-71f2-4650-9e64-f58174c3c6e2'),
 ('140', '75', '55', '47', '0', '5', '2016-09-09 09:57:54', '2016-09-09 09:57:54', 'd4f12708-2243-473e-8e41-a3589c2784a5'),
 ('141', '75', '56', '1', '0', '1', '2016-09-09 09:57:54', '2016-09-09 09:57:54', '91ed5b4b-6b33-47ec-a026-45b9206fd0dc'),
 ('142', '75', '56', '7', '0', '2', '2016-09-09 09:57:54', '2016-09-09 09:57:54', 'cbc84fb6-178b-48c9-a863-84d7e9b39607'),
 ('143', '75', '56', '39', '0', '3', '2016-09-09 09:57:54', '2016-09-09 09:57:54', '5c723c29-94b0-4cd5-992f-a4353fe7940e'),
 ('144', '75', '56', '16', '0', '4', '2016-09-09 09:57:54', '2016-09-09 09:57:54', '74fa852f-e17f-448b-a6e2-32197cefdf87'),
 ('145', '75', '57', '5', '0', '1', '2016-09-09 09:57:54', '2016-09-09 09:57:54', '845357e3-b5f3-42d8-8f88-ecc5edfa9a01'),
 ('146', '75', '57', '4', '0', '2', '2016-09-09 09:57:54', '2016-09-09 09:57:54', '4ff94ff7-ee49-4c9e-8304-0580254a930d'),
 ('169', '83', '63', '40', '1', '1', '2016-09-09 13:54:14', '2016-09-09 13:54:14', 'aa573053-ff60-42fd-8faf-6a5f0b4b2fae'),
 ('170', '83', '63', '41', '1', '2', '2016-09-09 13:54:14', '2016-09-09 13:54:14', '0e4abbfc-20a5-4f27-bc72-70b26ab50a92'),
 ('171', '83', '63', '42', '1', '3', '2016-09-09 13:54:14', '2016-09-09 13:54:14', '33e1c85a-b75a-4d35-bf9f-ba6959df9461'),
 ('172', '83', '63', '43', '1', '4', '2016-09-09 13:54:14', '2016-09-09 13:54:14', 'f95c8a6c-aaf8-4d8d-89d6-469f913ff173'),
 ('173', '83', '63', '44', '1', '5', '2016-09-09 13:54:14', '2016-09-09 13:54:14', '6974b87e-3d6a-46f1-9da8-f51bca963fdc'),
 ('174', '84', '64', '6', '0', '1', '2016-09-09 15:28:30', '2016-09-09 15:28:30', '961c8cdf-404e-4cd1-995c-a7efa576a9a2'),
 ('178', '86', '66', '50', '0', '1', '2016-09-09 15:37:56', '2016-09-09 15:37:56', '7c549d80-e834-47d5-b84e-fe0a07f3ddac'),
 ('179', '86', '66', '8', '0', '2', '2016-09-09 15:37:56', '2016-09-09 15:37:56', 'b79926d5-f335-49d7-9f5c-f7722b7a8393'),
 ('180', '86', '66', '16', '0', '3', '2016-09-09 15:37:56', '2016-09-09 15:37:56', '593ee709-8720-409c-93eb-11fb9e6e628f'),
 ('181', '86', '66', '39', '0', '4', '2016-09-09 15:37:56', '2016-09-09 15:37:56', 'f5f27f95-a8af-4cde-8699-32d5916d2cb7'),
 ('182', '86', '66', '20', '0', '5', '2016-09-09 15:37:56', '2016-09-09 15:37:56', '8df9a283-dbbd-4c53-bf1c-f8dcb93454fd'),
 ('183', '86', '67', '48', '0', '1', '2016-09-09 15:37:56', '2016-09-09 15:37:56', '0a0b80cd-915d-4a38-bf62-42936c2bf928'),
 ('184', '86', '67', '46', '0', '2', '2016-09-09 15:37:56', '2016-09-09 15:37:56', '6dd89256-a123-4493-ab2d-c3c97ddcb149'),
 ('185', '86', '67', '47', '0', '3', '2016-09-09 15:37:56', '2016-09-09 15:37:56', 'fa978d5f-fa44-4f80-9884-351e1f9d9b68'),
 ('186', '86', '67', '45', '0', '4', '2016-09-09 15:37:56', '2016-09-09 15:37:56', '642f9995-085e-439f-874b-5cef244849a4'),
 ('200', '90', '72', '58', '0', '1', '2016-09-12 14:02:20', '2016-09-12 14:02:20', 'ed6d7536-abb3-4eb5-a643-a33127aaae5a'),
 ('201', '90', '72', '59', '0', '2', '2016-09-12 14:02:20', '2016-09-12 14:02:20', '03c7015a-c158-44ee-9d18-e3bc5c671f1e'),
 ('202', '90', '72', '1', '0', '3', '2016-09-12 14:02:20', '2016-09-12 14:02:20', '7a9200ac-ae2b-4b11-b753-b1ecf37d9455'),
 ('203', '90', '72', '6', '0', '4', '2016-09-12 14:02:20', '2016-09-12 14:02:20', '57c51a8a-f96f-4e7d-a7f2-42b1fb3e59e3'),
 ('204', '90', '73', '5', '0', '1', '2016-09-12 14:02:20', '2016-09-12 14:02:20', '53d4c8fd-91cf-48f8-a303-2a5e54da209f'),
 ('205', '90', '73', '4', '0', '2', '2016-09-12 14:02:20', '2016-09-12 14:02:20', '1c98f535-094b-4175-b47b-f6c249476217'),
 ('206', '91', '74', '60', '0', '1', '2016-09-12 14:18:35', '2016-09-12 14:18:35', '18b20b7c-e6ed-4c4a-b697-d1dc15357017'),
 ('207', '91', '74', '58', '0', '2', '2016-09-12 14:18:35', '2016-09-12 14:18:35', '846322c5-5003-4bf3-8469-6d9a7485b2ab'),
 ('208', '91', '74', '59', '0', '3', '2016-09-12 14:18:35', '2016-09-12 14:18:35', '92cf78a9-01c7-4dd0-b211-f8aa075228df'),
 ('209', '91', '74', '1', '0', '4', '2016-09-12 14:18:35', '2016-09-12 14:18:35', '90b91567-9e71-41e9-a335-46914a79dab1'),
 ('210', '91', '74', '6', '0', '5', '2016-09-12 14:18:35', '2016-09-12 14:18:35', 'f28ebc52-c11c-4516-80d5-262ff49903c3'),
 ('211', '91', '75', '5', '0', '1', '2016-09-12 14:18:35', '2016-09-12 14:18:35', '531016ee-aedd-4324-9059-2165370129dc'),
 ('212', '91', '75', '4', '0', '2', '2016-09-12 14:18:35', '2016-09-12 14:18:35', 'da38edee-dfc2-489c-af7e-026ddc9f9302'),
 ('216', '94', '77', '50', '0', '1', '2016-09-12 14:39:07', '2016-09-12 14:39:07', '9a65c136-8032-462e-8e88-a86fb588fdab'),
 ('217', '94', '77', '8', '0', '2', '2016-09-12 14:39:07', '2016-09-12 14:39:07', '596e13bb-7612-4f1e-8c4b-0e8d1f1a996c'),
 ('218', '94', '77', '62', '0', '3', '2016-09-12 14:39:07', '2016-09-12 14:39:07', 'e0ff0aaa-83fd-4cbc-b4d4-8dccf40f855f'),
 ('219', '94', '77', '63', '0', '4', '2016-09-12 14:39:07', '2016-09-12 14:39:07', 'd59e08d8-502a-420b-9bd7-fb8ee90184b7'),
 ('220', '94', '78', '5', '0', '1', '2016-09-12 14:39:07', '2016-09-12 14:39:07', '84183f98-5656-48ac-94a3-72a2401f7076'),
 ('221', '94', '78', '4', '0', '2', '2016-09-12 14:39:07', '2016-09-12 14:39:07', '7dff987c-e98f-4f02-8902-e8e8a30c104c'),
 ('226', '97', '81', '50', '0', '1', '2016-09-12 15:48:47', '2016-09-12 15:48:47', '8ac6a964-f721-405b-a45d-a6af3bbd9b29'),
 ('227', '97', '81', '8', '0', '2', '2016-09-12 15:48:47', '2016-09-12 15:48:47', '9427fe62-f14c-4f69-a661-92314cb98426'),
 ('228', '97', '81', '62', '0', '3', '2016-09-12 15:48:47', '2016-09-12 15:48:47', 'a5b9a9f7-f1b3-4c65-b055-7fec971d3902'),
 ('229', '97', '82', '5', '0', '1', '2016-09-12 15:48:47', '2016-09-12 15:48:47', 'f861711c-4754-4c1d-b0ac-38239873e318'),
 ('230', '97', '82', '4', '0', '2', '2016-09-12 15:48:47', '2016-09-12 15:48:47', 'f17ad0bb-4428-4936-b1e4-4a4e73b365f0'),
 ('231', '99', '83', '61', '1', '1', '2016-09-12 16:04:15', '2016-09-12 16:04:15', '33501197-003c-43d2-8fe8-ee05b8c0143d'),
 ('232', '99', '83', '64', '0', '2', '2016-09-12 16:04:15', '2016-09-12 16:04:15', '296c5356-697c-4fc3-82e7-1b58df91d021'),
 ('233', '99', '83', '6', '1', '3', '2016-09-12 16:04:15', '2016-09-12 16:04:15', 'e798c474-9ee6-4ddd-a2c9-a8720675e5fd'),
 ('234', '99', '83', '1', '1', '4', '2016-09-12 16:04:15', '2016-09-12 16:04:15', 'd2eb23de-6434-4527-8827-476156d6311f'),
 ('235', '100', '84', '50', '0', '1', '2016-09-12 16:31:56', '2016-09-12 16:31:56', '3dd14d32-cfe7-468a-98cd-32f0c0422dda'),
 ('236', '100', '84', '8', '0', '2', '2016-09-12 16:31:56', '2016-09-12 16:31:56', 'f080d276-c7bb-47ff-8f18-ba885a8887cc'),
 ('237', '100', '85', '5', '0', '1', '2016-09-12 16:31:56', '2016-09-12 16:31:56', 'caecd889-ad36-450a-9687-cf3500a89bb6'),
 ('238', '100', '85', '4', '0', '2', '2016-09-12 16:31:56', '2016-09-12 16:31:56', 'efa61aec-9123-4787-8c7f-c431629468a9'),
 ('239', '101', '86', '51', '0', '1', '2016-09-12 16:32:12', '2016-09-12 16:32:12', '68a8d678-a7f1-4e4a-9544-254064846fb5'),
 ('240', '101', '86', '52', '0', '2', '2016-09-12 16:32:12', '2016-09-12 16:32:12', '1aae31a0-ade2-4ac6-b1f9-d977ba11d020'),
 ('241', '101', '86', '53', '0', '3', '2016-09-12 16:32:12', '2016-09-12 16:32:12', 'f6505029-a5eb-48ab-b1c1-755803ba627a'),
 ('242', '102', '87', '54', '0', '1', '2016-09-12 16:32:13', '2016-09-12 16:32:13', 'f61fb387-1c27-4f00-adb3-8adf399b720e'),
 ('243', '102', '87', '55', '0', '2', '2016-09-12 16:32:13', '2016-09-12 16:32:13', 'b5548057-b2e3-4ae9-8698-16db6228491e'),
 ('244', '102', '87', '56', '0', '3', '2016-09-12 16:32:13', '2016-09-12 16:32:13', 'd1fbe3cd-35b5-451d-a8c2-42580e8bedf0'),
 ('245', '102', '87', '57', '0', '4', '2016-09-12 16:32:13', '2016-09-12 16:32:13', '115b4c1d-3eae-4389-aa43-7a5733be74bf'),
 ('261', '107', '92', '9', '0', '1', '2016-09-13 13:46:46', '2016-09-13 13:46:46', 'c75fc034-1d6f-4fd2-a237-ed1f66cfbfad'),
 ('262', '107', '92', '11', '0', '2', '2016-09-13 13:46:46', '2016-09-13 13:46:46', '0cdb2796-0430-4685-be63-64cdfed300ce'),
 ('263', '107', '92', '12', '0', '3', '2016-09-13 13:46:46', '2016-09-13 13:46:46', 'ec4fafc1-5571-42ca-a429-94642c217034'),
 ('267', '109', '94', '67', '0', '1', '2016-09-13 14:42:26', '2016-09-13 14:42:26', '9bd658e9-7fed-4ea1-b987-9828af000674'),
 ('268', '109', '94', '68', '0', '2', '2016-09-13 14:42:26', '2016-09-13 14:42:26', '1cb93cde-29b1-4fc2-8d43-92da8cc90eb2'),
 ('269', '109', '94', '69', '0', '3', '2016-09-13 14:42:26', '2016-09-13 14:42:26', '3ae82138-c40a-4a3a-8a9f-d6d0603444c9'),
 ('270', '110', '95', '8', '0', '1', '2016-09-13 15:43:49', '2016-09-13 15:43:49', '391acd2b-a3fd-4326-9cc1-0ff0a3586c0a'),
 ('271', '110', '96', '5', '0', '1', '2016-09-13 15:43:49', '2016-09-13 15:43:49', '49398ba5-c8a0-427d-8c00-f2719ee59f80'),
 ('272', '110', '96', '4', '0', '2', '2016-09-13 15:43:49', '2016-09-13 15:43:49', 'dbf6ca5a-ad39-49a6-ad6a-225ced20c57d'),
 ('273', '111', '97', '71', '0', '1', '2016-09-13 16:13:08', '2016-09-13 16:13:08', '05f7846d-3a71-4bf0-bca5-97dd1c3e2bb2'),
 ('274', '111', '97', '72', '0', '2', '2016-09-13 16:13:08', '2016-09-13 16:13:08', '32d312b4-c2e5-4570-a44b-9d804bfdfa73'),
 ('280', '115', '101', '73', '0', '1', '2016-09-13 16:46:06', '2016-09-13 16:46:06', 'f4b4080f-0c30-4d8a-9dfd-86815249a79a'),
 ('281', '115', '102', '5', '0', '1', '2016-09-13 16:46:06', '2016-09-13 16:46:06', '31762d27-4779-4ea1-9a15-f7609faed009'),
 ('282', '115', '102', '4', '0', '2', '2016-09-13 16:46:06', '2016-09-13 16:46:06', '05e69de3-ceea-4a10-8a1c-ac6084790982'),
 ('283', '116', '103', '20', '0', '1', '2016-09-13 16:46:47', '2016-09-13 16:46:47', '252331df-263a-4441-9ff7-4609a01f8156');
INSERT INTO `craft_fieldlayoutfields` (`id`, `layoutId`, `tabId`, `fieldId`, `required`, `sortOrder`, `dateCreated`, `dateUpdated`, `uid`) VALUES
 ('308', '124', '111', '74', '0', '1', '2016-09-13 22:40:36', '2016-09-13 22:40:36', '9c36d36c-2b5b-4dd6-a23f-70915a02300f'),
 ('309', '124', '111', '75', '0', '2', '2016-09-13 22:40:36', '2016-09-13 22:40:36', '3db5c7d7-d33a-4e27-83d8-64bba206892c'),
 ('310', '125', '112', '24', '0', '1', '2016-09-13 22:55:48', '2016-09-13 22:55:48', '8afdc882-b2e8-4101-8d25-720c138780c8'),
 ('311', '125', '112', '25', '0', '2', '2016-09-13 22:55:48', '2016-09-13 22:55:48', '4a7e5890-79ab-48d3-bead-d7551406c564'),
 ('312', '125', '112', '26', '0', '3', '2016-09-13 22:55:48', '2016-09-13 22:55:48', '38f015e1-0565-4a67-a975-7fbe6a52df82'),
 ('313', '125', '112', '27', '0', '4', '2016-09-13 22:55:48', '2016-09-13 22:55:48', '057ab106-4d3b-4832-9084-2a448a1b98f6'),
 ('314', '125', '112', '76', '0', '5', '2016-09-13 22:55:48', '2016-09-13 22:55:48', '4d86f5ec-1a06-4f61-9ec3-e14d949255d3'),
 ('315', '126', '113', '22', '0', '1', '2016-09-13 22:55:48', '2016-09-13 22:55:48', 'de554198-667c-4ec5-8751-fcb5ea3535e2'),
 ('316', '126', '113', '23', '0', '2', '2016-09-13 22:55:48', '2016-09-13 22:55:48', 'fcabdc85-bc1c-49ee-8db7-898c61982404'),
 ('317', '126', '113', '37', '0', '3', '2016-09-13 22:55:48', '2016-09-13 22:55:48', 'ac9a6ab2-5a07-4233-9691-9aa60115ad55'),
 ('318', '127', '114', '73', '0', '1', '2016-09-13 22:57:36', '2016-09-13 22:57:36', '7228a3ce-56ef-4887-b257-4326567c0320');



DROP TABLE IF EXISTS `craft_fieldlayouts`;


--
-- Schema for table `craft_fieldlayouts`
--
CREATE TABLE `craft_fieldlayouts` (
  `id` int(11) NOT NULL AUTO_INCREMENT,
  `type` varchar(150) COLLATE utf8_unicode_ci NOT NULL,
  `dateCreated` datetime NOT NULL,
  `dateUpdated` datetime NOT NULL,
  `uid` char(36) COLLATE utf8_unicode_ci NOT NULL DEFAULT '0',
  PRIMARY KEY (`id`),
  KEY `craft_fieldlayouts_type_idx` (`type`)
) ENGINE=InnoDB AUTO_INCREMENT=128 DEFAULT CHARSET=utf8 COLLATE=utf8_unicode_ci;

--
-- Data for table `craft_fieldlayouts`
--

INSERT INTO `craft_fieldlayouts` (`id`, `type`, `dateCreated`, `dateUpdated`, `uid`) VALUES
 ('1', 'Tag', '2016-09-06 16:45:30', '2016-09-06 16:45:30', '5282e0da-5a69-48de-84cb-93c41f543714'),
 ('10', 'GlobalSet', '2016-09-06 16:58:23', '2016-09-06 16:58:23', '091b44de-9802-4ed6-a302-9f57baa658f0'),
 ('11', 'GlobalSet', '2016-09-06 16:59:55', '2016-09-06 16:59:55', '95926486-d247-4b19-8790-1b95e7425772'),
 ('12', 'GlobalSet', '2016-09-06 17:01:25', '2016-09-06 17:01:25', 'eede11db-c6bb-439a-9cac-1239497f1d08'),
 ('13', 'GlobalSet', '2016-09-07 08:48:51', '2016-09-07 08:48:51', 'c0af35bc-d1af-4f3a-86a9-cd1e869e111d'),
 ('14', 'Entry', '2016-09-07 08:53:30', '2016-09-07 08:53:30', '51e514d9-523f-4c4e-ac3c-caddb13a3501'),
 ('29', 'GlobalSet', '2016-09-07 09:19:39', '2016-09-07 09:19:39', 'd21ec16d-949e-4348-b9c0-39389e619ef0'),
 ('30', 'GlobalSet', '2016-09-07 09:31:19', '2016-09-07 09:31:19', '25bf7307-f2d1-45f3-900e-a22a6e84811a'),
 ('31', 'GlobalSet', '2016-09-07 09:31:37', '2016-09-07 09:31:37', '5db11a08-6180-4327-8337-a6c7f4cc0c83'),
 ('37', 'MatrixBlock', '2016-09-07 15:00:55', '2016-09-07 15:00:55', '76059f28-2b3b-44e2-bfe4-82870b2176a1'),
 ('38', 'GlobalSet', '2016-09-07 15:01:21', '2016-09-07 15:01:21', '96dd8f98-b6c9-4e5b-9511-6a6f1926cea3'),
 ('39', 'GlobalSet', '2016-09-07 15:05:59', '2016-09-07 15:05:59', 'af8439d3-2544-4989-8d67-95178032f920'),
 ('43', 'Asset', '2016-09-07 16:16:55', '2016-09-07 16:16:55', '7126e001-de83-498b-b9d8-2fad3f24444a'),
 ('45', 'Asset', '2016-09-07 16:19:03', '2016-09-07 16:19:03', 'b93bab9a-27bc-4903-8806-13209bc1b169'),
 ('47', 'Asset', '2016-09-07 16:19:48', '2016-09-07 16:19:48', '12e3fa82-7918-4d90-99bd-29a23768b1e1'),
 ('48', 'Asset', '2016-09-07 16:19:57', '2016-09-07 16:19:57', 'c13051c0-5313-4cbf-8a2a-4f97e271ca9e'),
 ('50', 'Asset', '2016-09-07 16:26:14', '2016-09-07 16:26:14', 'd53ab303-96df-4247-ba22-4fe982255cd0'),
 ('56', 'Asset', '2016-09-08 15:33:45', '2016-09-08 15:33:45', 'd8e1fa1d-ebe4-43e7-b3ac-9206809afc65'),
 ('63', 'Asset', '2016-09-08 16:16:29', '2016-09-08 16:16:29', 'c60fe94c-86a4-44f3-9871-a2e5573af1bc'),
 ('65', 'MatrixBlock', '2016-09-08 16:17:09', '2016-09-08 16:17:09', '4d3649aa-f06a-48f8-b5ec-eeb2969ac007'),
 ('66', 'SuperTable_Block', '2016-09-08 16:17:10', '2016-09-08 16:17:10', 'b17e2fd4-7467-455d-b9bc-c6573d38fc5c'),
 ('67', 'MatrixBlock', '2016-09-08 16:17:10', '2016-09-08 16:17:10', 'c27eca5d-5d2b-4faa-bccc-c497de785956'),
 ('70', 'Category', '2016-09-09 09:39:14', '2016-09-09 09:39:14', '98d4448d-1d81-4993-8356-56a0b76750cb'),
 ('74', 'Entry', '2016-09-09 09:57:36', '2016-09-09 09:57:36', '4f867b64-a3fc-47af-974f-c2e0a66161dd'),
 ('75', 'Entry', '2016-09-09 09:57:54', '2016-09-09 09:57:54', 'ce266645-7f11-4391-9872-c7bd363ef54e'),
 ('77', 'Asset', '2016-09-09 10:02:48', '2016-09-09 10:02:48', 'aeaec076-4551-4935-8ec7-8ead7c469e77'),
 ('83', 'SuperTable_Block', '2016-09-09 13:54:14', '2016-09-09 13:54:14', '87adba3c-ad75-4c1f-aecb-f3ac0edd2633'),
 ('84', 'Asset', '2016-09-09 15:28:30', '2016-09-09 15:28:30', '32aacfb4-6efa-4507-bfd6-76cf14d480b7'),
 ('86', 'Entry', '2016-09-09 15:37:56', '2016-09-09 15:37:56', '9c9918fd-1a8a-450c-b75e-b70aa9ee2b3b'),
 ('90', 'Entry', '2016-09-12 14:02:20', '2016-09-12 14:02:20', '4c229c16-f83d-432d-9c12-686e16d41179'),
 ('91', 'Entry', '2016-09-12 14:18:35', '2016-09-12 14:18:35', '23a560ad-e9a0-4641-8761-21d9815a5141'),
 ('94', 'Entry', '2016-09-12 14:39:07', '2016-09-12 14:39:07', '4b7384e4-d371-465b-9ce6-db941806ddd1'),
 ('97', 'Entry', '2016-09-12 15:48:47', '2016-09-12 15:48:47', '028990b7-0817-470c-86ba-c13d80567614'),
 ('98', 'Asset', '2016-09-12 15:55:03', '2016-09-12 15:55:03', 'cfada06e-af36-4bb5-80ae-6a458605865b'),
 ('99', 'Entry', '2016-09-12 16:04:15', '2016-09-12 16:04:15', 'a84617e3-6d14-4e1a-b060-c5c909eb3b75'),
 ('100', 'Entry', '2016-09-12 16:31:56', '2016-09-12 16:31:56', '1f78b732-389e-40e3-a991-49727f9a3b85'),
 ('101', 'MatrixBlock', '2016-09-12 16:32:12', '2016-09-12 16:32:12', '71eac3d7-7c34-4155-98c0-e11d441ab3ed'),
 ('102', 'MatrixBlock', '2016-09-12 16:32:12', '2016-09-12 16:32:12', '3662e833-6fe3-40ba-a35d-d61587dca627'),
 ('107', 'MatrixBlock', '2016-09-13 13:46:46', '2016-09-13 13:46:46', '257a3963-0d08-4245-b5ad-08673aa6598f'),
 ('109', 'SuperTable_Block', '2016-09-13 14:42:26', '2016-09-13 14:42:26', '24c442a4-5144-401d-95e7-185842ef7639'),
 ('110', 'Entry', '2016-09-13 15:43:49', '2016-09-13 15:43:49', '087828d5-cf57-4508-ac29-60b8621f40c5'),
 ('111', 'SuperTable_Block', '2016-09-13 16:13:08', '2016-09-13 16:13:08', 'a3846b92-5625-4d64-963c-8735ea1b9dbb'),
 ('115', 'Entry', '2016-09-13 16:46:06', '2016-09-13 16:46:06', '233afffb-8cdf-4841-88cb-0e971bafe5ae'),
 ('116', 'Entry', '2016-09-13 16:46:47', '2016-09-13 16:46:47', '41ff573e-805b-4220-95c9-3a998b5d79d8'),
 ('124', 'MatrixBlock', '2016-09-13 22:40:36', '2016-09-13 22:40:36', '1a18ba1e-549a-410e-ae52-21f9831b28dc'),
 ('125', 'SuperTable_Block', '2016-09-13 22:55:48', '2016-09-13 22:55:48', '5147a727-33c4-470c-bcc1-ae29327d7c70'),
 ('126', 'MatrixBlock', '2016-09-13 22:55:48', '2016-09-13 22:55:48', 'af1cae30-4d94-4523-b3de-fc3a0046065c'),
 ('127', 'GlobalSet', '2016-09-13 22:57:36', '2016-09-13 22:57:36', 'a3e8a08c-b4b4-41fb-934f-a0abae00aea8');



DROP TABLE IF EXISTS `craft_fieldlayouttabs`;


--
-- Schema for table `craft_fieldlayouttabs`
--
CREATE TABLE `craft_fieldlayouttabs` (
  `id` int(11) NOT NULL AUTO_INCREMENT,
  `layoutId` int(11) NOT NULL,
  `name` varchar(255) COLLATE utf8_unicode_ci NOT NULL,
  `sortOrder` smallint(6) unsigned DEFAULT NULL,
  `dateCreated` datetime NOT NULL,
  `dateUpdated` datetime NOT NULL,
  `uid` char(36) COLLATE utf8_unicode_ci NOT NULL DEFAULT '0',
  PRIMARY KEY (`id`),
  KEY `craft_fieldlayouttabs_sortOrder_idx` (`sortOrder`),
  KEY `craft_fieldlayouttabs_layoutId_fk` (`layoutId`)
) ENGINE=InnoDB AUTO_INCREMENT=115 DEFAULT CHARSET=utf8 COLLATE=utf8_unicode_ci;

--
-- Data for table `craft_fieldlayouttabs`
--

INSERT INTO `craft_fieldlayouttabs` (`id`, `layoutId`, `name`, `sortOrder`, `dateCreated`, `dateUpdated`, `uid`) VALUES
 ('3', '10', 'Content', '1', '2016-09-06 16:58:23', '2016-09-06 16:58:23', '523fbec8-13af-42a7-9cf3-722663202f57'),
 ('4', '11', 'Content', '1', '2016-09-06 16:59:55', '2016-09-06 16:59:55', '1d832aea-0078-490d-ac13-c97b45b54ea0'),
 ('5', '12', 'Content', '1', '2016-09-06 17:01:25', '2016-09-06 17:01:25', '819ea3a8-6a4d-4e1a-8758-bfc171545784'),
 ('6', '13', 'Content', '1', '2016-09-07 08:48:51', '2016-09-07 08:48:51', 'daf2f966-aa61-4e8a-b9af-94b8f970f4da'),
 ('20', '29', 'Content', '1', '2016-09-07 09:19:39', '2016-09-07 09:19:39', '3ab780f9-99cf-42e9-a523-457c3999ce7e'),
 ('21', '30', 'Content', '1', '2016-09-07 09:31:19', '2016-09-07 09:31:19', '4cca13d4-1785-42ef-ba72-c1189d6108d8'),
 ('22', '31', 'Content', '1', '2016-09-07 09:31:37', '2016-09-07 09:31:37', 'a1ab4909-0fd8-4620-a27f-297a128abde2'),
 ('26', '37', 'Content', '1', '2016-09-07 15:00:55', '2016-09-07 15:00:55', 'bed8eda8-69f3-4369-8166-baec7548efa0'),
 ('27', '38', 'Content', '1', '2016-09-07 15:01:21', '2016-09-07 15:01:21', 'a1bfe568-dd95-444c-8c47-19c72442b5ef'),
 ('28', '39', 'Content', '1', '2016-09-07 15:05:59', '2016-09-07 15:05:59', '69e3092d-a3b2-4199-bce1-40b31bebee24'),
 ('32', '48', 'Content', '1', '2016-09-07 16:19:57', '2016-09-07 16:19:57', 'cc4d9a7c-ce10-4355-9d4e-40dce57be4fd'),
 ('34', '50', 'Content', '1', '2016-09-07 16:26:14', '2016-09-07 16:26:14', 'e1a3fedc-587b-4ffa-90e6-8d43a5a3e932'),
 ('47', '65', 'Content', '1', '2016-09-08 16:17:09', '2016-09-08 16:17:09', '810cdd02-d765-4860-973c-b6298e70edf4'),
 ('48', '66', 'Content', '1', '2016-09-08 16:17:10', '2016-09-08 16:17:10', '84d2c1a5-a197-4e5d-af1a-274cb9b7eb9c'),
 ('49', '67', 'Content', '1', '2016-09-08 16:17:10', '2016-09-08 16:17:10', '25e5f399-183f-43b4-8926-8823f1220a91'),
 ('55', '75', 'Preview', '1', '2016-09-09 09:57:54', '2016-09-09 09:57:54', '31f25e3f-464e-461e-9560-fa46ffcc1213'),
 ('56', '75', 'Page', '2', '2016-09-09 09:57:54', '2016-09-09 09:57:54', '1b1e20f2-c7e0-404f-b344-2b0b3ff1abf2'),
 ('57', '75', 'SEO', '3', '2016-09-09 09:57:54', '2016-09-09 09:57:54', '27ef3f49-0e99-42d2-b5d1-bfd4aba0845f'),
 ('63', '83', 'Content', '1', '2016-09-09 13:54:14', '2016-09-09 13:54:14', 'e81eac3a-7a0c-4439-8e60-c388bd31d564'),
 ('64', '84', 'Content', '1', '2016-09-09 15:28:30', '2016-09-09 15:28:30', 'df170a05-cb75-41f9-acc7-347e7607022c'),
 ('66', '86', 'Tab 1', '1', '2016-09-09 15:37:56', '2016-09-09 15:37:56', '09128358-4c29-461b-b581-b93ad587a55c'),
 ('67', '86', 'Buildings', '2', '2016-09-09 15:37:56', '2016-09-09 15:37:56', 'd4db4a1b-bd96-4b6b-beb9-103312ecf6d6'),
 ('72', '90', 'Tab 1', '1', '2016-09-12 14:02:20', '2016-09-12 14:02:20', '3eeae42b-b124-4aef-a1cd-3f7024cc3bf0'),
 ('73', '90', 'SEO', '2', '2016-09-12 14:02:20', '2016-09-12 14:02:20', '16cfff16-74e1-481a-85a6-8c3973f96668'),
 ('74', '91', 'Tab 1', '1', '2016-09-12 14:18:35', '2016-09-12 14:18:35', 'e9692a44-6730-4982-b721-0c9a16532e83'),
 ('75', '91', 'SEO', '2', '2016-09-12 14:18:35', '2016-09-12 14:18:35', '0f5b8a76-c69e-4e31-9922-cf86330ff898'),
 ('77', '94', 'Content', '1', '2016-09-12 14:39:07', '2016-09-12 14:39:07', 'aac40b8a-f889-4ad9-b16b-bece6ff67b4a'),
 ('78', '94', 'SEO', '2', '2016-09-12 14:39:07', '2016-09-12 14:39:07', 'eaf4d0c0-5516-4830-ab49-d1dc7841859d'),
 ('81', '97', 'Content', '1', '2016-09-12 15:48:47', '2016-09-12 15:48:47', '21046cf7-3cf0-43fa-9c06-eb05d8ea699c'),
 ('82', '97', 'SEO', '2', '2016-09-12 15:48:47', '2016-09-12 15:48:47', '57e8def0-c449-46df-b364-0b7ca84404ed'),
 ('83', '99', 'Tab 1', '1', '2016-09-12 16:04:15', '2016-09-12 16:04:15', 'b76b99a0-3e3e-41bd-bb4d-6c4d259dc78b'),
 ('84', '100', 'Content', '1', '2016-09-12 16:31:56', '2016-09-12 16:31:56', '20df1611-858a-404a-9eda-256ab05f3e56'),
 ('85', '100', 'SEO', '2', '2016-09-12 16:31:56', '2016-09-12 16:31:56', '21eacfd5-7b78-4913-a26c-c512cdb85a56'),
 ('86', '101', 'Content', '1', '2016-09-12 16:32:12', '2016-09-12 16:32:12', '3c7056d0-d0d9-497e-9e69-6ad4192bd8bd'),
 ('87', '102', 'Content', '1', '2016-09-12 16:32:13', '2016-09-12 16:32:13', 'fc11442e-e6fa-4ff7-b7a7-b67f36720c3f'),
 ('92', '107', 'Content', '1', '2016-09-13 13:46:46', '2016-09-13 13:46:46', 'bfe2aae1-7739-4fc9-8eda-dfed8a540fb5'),
 ('94', '109', 'Content', '1', '2016-09-13 14:42:26', '2016-09-13 14:42:26', 'a7be3943-26ec-426d-99a8-6dbb894b9722'),
 ('95', '110', 'Content', '1', '2016-09-13 15:43:49', '2016-09-13 15:43:49', '9266602b-5e68-4718-be0f-6896f730be24'),
 ('96', '110', 'SEO', '2', '2016-09-13 15:43:49', '2016-09-13 15:43:49', '7dfe302b-f746-4f0a-b971-af7cb5fb3b2d'),
 ('97', '111', 'Content', '1', '2016-09-13 16:13:08', '2016-09-13 16:13:08', 'dbe547c7-a533-4775-9c27-a34c2c0e6e83'),
 ('101', '115', 'Tab 1', '1', '2016-09-13 16:46:06', '2016-09-13 16:46:06', '9ad4f841-ca26-4774-b53a-6aa299097ac3'),
 ('102', '115', 'SEO', '2', '2016-09-13 16:46:06', '2016-09-13 16:46:06', 'c8f04da4-e02c-42d3-ad5d-f27936f3cd37'),
 ('103', '116', 'Tab 1', '1', '2016-09-13 16:46:47', '2016-09-13 16:46:47', 'cb493bd2-5e82-4b55-a213-0c963b67323e'),
 ('111', '124', 'Content', '1', '2016-09-13 22:40:36', '2016-09-13 22:40:36', '03b2de01-d2de-417c-a135-0e1c9fc3716b'),
 ('112', '125', 'Content', '1', '2016-09-13 22:55:48', '2016-09-13 22:55:48', '3abf132c-c4ac-47ea-a11d-9540d9617e9e'),
 ('113', '126', 'Content', '1', '2016-09-13 22:55:48', '2016-09-13 22:55:48', '18ec68dc-74eb-4b00-985f-b36c391192eb'),
 ('114', '127', 'Content', '1', '2016-09-13 22:57:36', '2016-09-13 22:57:36', 'f67f10d2-5eb8-47ca-9286-a1a7c0d4c9e9');



DROP TABLE IF EXISTS `craft_fields`;


--
-- Schema for table `craft_fields`
--
CREATE TABLE `craft_fields` (
  `id` int(11) NOT NULL AUTO_INCREMENT,
  `groupId` int(11) DEFAULT NULL,
  `name` varchar(255) COLLATE utf8_unicode_ci NOT NULL,
  `handle` varchar(58) COLLATE utf8_unicode_ci NOT NULL,
  `context` varchar(255) COLLATE utf8_unicode_ci NOT NULL DEFAULT 'global',
  `instructions` text COLLATE utf8_unicode_ci,
  `translatable` tinyint(1) unsigned NOT NULL DEFAULT '0',
  `type` varchar(150) COLLATE utf8_unicode_ci NOT NULL,
  `settings` text COLLATE utf8_unicode_ci,
  `dateCreated` datetime NOT NULL,
  `dateUpdated` datetime NOT NULL,
  `uid` char(36) COLLATE utf8_unicode_ci NOT NULL DEFAULT '0',
  PRIMARY KEY (`id`),
  UNIQUE KEY `craft_fields_handle_context_unq_idx` (`handle`,`context`),
  KEY `craft_fields_context_idx` (`context`),
  KEY `craft_fields_groupId_fk` (`groupId`)
) ENGINE=InnoDB AUTO_INCREMENT=77 DEFAULT CHARSET=utf8 COLLATE=utf8_unicode_ci;

--
-- Data for table `craft_fields`
--

INSERT INTO `craft_fields` (`id`, `groupId`, `name`, `handle`, `context`, `instructions`, `translatable`, `type`, `settings`, `dateCreated`, `dateUpdated`, `uid`) VALUES
 ('1', '1', 'Body', 'body', 'global', '', '0', 'RichText', '{\"configFile\":\"Standard.json\",\"availableAssetSources\":\"*\",\"availableTransforms\":\"*\",\"cleanupHtml\":\"\",\"purifyHtml\":\"1\",\"columnType\":\"text\"}', '2016-09-06 16:45:31', '2016-09-13 16:09:34', '089d7abd-4a94-4bf4-9a89-09b237953228'),
 ('2', '1', 'Tags', 'tags', 'global', NULL, '0', 'Tags', '{\"source\":\"taggroup:1\"}', '2016-09-06 16:45:31', '2016-09-06 16:45:31', '0628a80b-9210-488b-82cb-51e2834d65c1'),
 ('3', '1', 'Text', 'text', 'global', '', '0', 'PlainText', '{\"placeholder\":\"\",\"maxLength\":\"\",\"multiline\":\"\",\"initialRows\":\"4\"}', '2016-09-06 16:58:11', '2016-09-06 16:58:11', '5cf3f766-f564-42d1-8f89-ecb7a9c67860'),
 ('4', '2', 'Meta title', 'metaTitle', 'global', '', '0', 'PlainText', '{\"placeholder\":\"\",\"maxLength\":\"\",\"multiline\":\"\",\"initialRows\":\"4\"}', '2016-09-06 16:59:07', '2016-09-07 13:27:30', '255fd7ea-1616-49fa-8c5c-9b73f2685066'),
 ('5', '2', 'Meta description', 'metaDescription', 'global', '', '0', 'PlainText', '{\"placeholder\":\"\",\"maxLength\":\"\",\"multiline\":\"\",\"initialRows\":\"4\"}', '2016-09-06 16:59:21', '2016-09-07 13:27:44', 'a42df4bc-b336-4fa3-bb4e-8329a17c4888'),
 ('6', '3', 'Single Image', 'singleImage', 'global', '', '0', 'Assets', '{\"useSingleFolder\":\"\",\"sources\":\"*\",\"defaultUploadLocationSource\":\"3\",\"defaultUploadLocationSubpath\":\"\",\"singleUploadLocationSource\":\"1\",\"singleUploadLocationSubpath\":\"\",\"restrictFiles\":\"1\",\"allowedKinds\":[\"image\"],\"limit\":\"1\",\"viewMode\":\"list\",\"selectionLabel\":\"\"}', '2016-09-06 17:01:17', '2016-09-07 08:49:25', '8dc98579-c8b0-434e-bc61-f00e6f897afd'),
 ('7', '3', 'Multiple Images', 'multipleImages', 'global', '', '0', 'Assets', '{\"useSingleFolder\":\"\",\"sources\":\"*\",\"defaultUploadLocationSource\":\"3\",\"defaultUploadLocationSubpath\":\"\",\"singleUploadLocationSource\":\"1\",\"singleUploadLocationSubpath\":\"\",\"restrictFiles\":\"1\",\"allowedKinds\":[\"image\"],\"limit\":\"\",\"viewMode\":\"list\",\"selectionLabel\":\"\"}', '2016-09-07 08:47:11', '2016-09-07 08:49:12', '01ac1843-f484-4890-ad2c-63c90d8192ab'),
 ('8', '1', 'Intro Block', 'introBlock', 'global', '', '0', 'Matrix', '{\"maxBlocks\":\"1\"}', '2016-09-07 09:02:09', '2016-09-13 13:46:45', 'c794330c-caae-4a66-8847-ec4121d8181a'),
 ('9', NULL, 'Style', 'style', 'matrixBlockType:1', '', '0', 'Dropdown', '{\"options\":[{\"label\":\"Standard\",\"value\":\"std\",\"default\":\"1\"},{\"label\":\"Alternative\",\"value\":\"sub\",\"default\":\"\"},{\"label\":\"Small\",\"value\":\"small\",\"default\":\"\"}]}', '2016-09-07 09:02:10', '2016-09-13 13:46:45', 'a99f3b5f-c782-4783-a54f-a4c1b9f0f6f7'),
 ('11', NULL, 'Body', 'body', 'matrixBlockType:1', '', '0', 'RichText', '{\"configFile\":\"Standard.json\",\"availableAssetSources\":\"*\",\"availableTransforms\":\"*\",\"cleanupHtml\":\"\",\"purifyHtml\":\"1\",\"columnType\":\"text\"}', '2016-09-07 09:02:10', '2016-09-13 13:46:46', '0a297151-dc5c-4c9c-95ca-2b320ad9735f'),
 ('12', NULL, 'Button', 'button', 'matrixBlockType:1', '', '0', 'FruitLinkIt', '{\"types\":[\"custom\",\"entry\",\"asset\"],\"defaultText\":\"\",\"allowCustomText\":\"1\",\"allowTarget\":\"1\",\"entrySources\":\"*\",\"entrySelectionLabel\":\"Select an entry\",\"assetSources\":[\"folder:5\"],\"assetSelectionLabel\":\"Select an asset\",\"categorySources\":\"*\",\"categorySelectionLabel\":\"Select a category\"}', '2016-09-07 09:02:10', '2016-09-13 13:46:46', '6fa57c4e-1b00-4cbe-9529-3e5a4a60d13b'),
 ('15', '3', 'Download', 'download', 'global', '', '0', 'Assets', '{\"useSingleFolder\":\"1\",\"sources\":\"*\",\"defaultUploadLocationSource\":\"1\",\"defaultUploadLocationSubpath\":\"\",\"singleUploadLocationSource\":\"5\",\"singleUploadLocationSubpath\":\"\",\"restrictFiles\":\"\",\"limit\":\"\",\"viewMode\":\"list\",\"selectionLabel\":\"\"}', '2016-09-07 09:03:44', '2016-09-07 09:03:44', '6964ede9-ccc8-4757-a6c3-2158dea678c9'),
 ('16', '1', 'Text repeater', 'textRepeater', 'global', '', '0', 'Matrix', '{\"maxBlocks\":null}', '2016-09-07 09:06:16', '2016-09-08 16:17:09', '507154eb-6ddb-429a-beda-19a54fcdf75a'),
 ('17', NULL, 'Body', 'body', 'matrixBlockType:2', '', '0', 'RichText', '{\"configFile\":\"\",\"availableAssetSources\":\"*\",\"availableTransforms\":\"*\",\"cleanupHtml\":\"1\",\"purifyHtml\":\"1\",\"columnType\":\"text\"}', '2016-09-07 09:06:17', '2016-09-08 16:17:09', '0423bc96-8e38-4ebf-9cd0-28b81944dab1'),
 ('20', '8', 'Contacts', 'contacts', 'global', '', '0', 'Matrix', '{\"maxBlocks\":null}', '2016-09-07 09:16:10', '2016-09-13 22:55:47', '243d8b3b-3e6a-4b18-9f0b-6fed1ccfe753'),
 ('22', NULL, 'Website', 'website', 'matrixBlockType:3', '', '0', 'FruitLinkIt', '{\"types\":[\"custom\"],\"defaultText\":\"\",\"allowCustomText\":\"1\",\"allowTarget\":\"1\",\"entrySources\":\"*\",\"entrySelectionLabel\":\"Select an entry\",\"assetSources\":\"*\",\"assetSelectionLabel\":\"Select an asset\",\"categorySources\":\"*\",\"categorySelectionLabel\":\"Select a category\"}', '2016-09-07 09:16:11', '2016-09-13 22:55:47', '5f3d216a-9fd8-43e3-9501-5315b490b588'),
 ('23', NULL, 'Person', 'person', 'matrixBlockType:3', '', '0', 'SuperTable', '{\"columns\":{\"24\":{\"width\":\"\"},\"25\":{\"width\":\"\"},\"26\":{\"width\":\"\"},\"27\":{\"width\":\"\"},\"76\":{\"width\":\"\"}},\"fieldLayout\":\"row\",\"staticField\":null,\"selectionLabel\":\"Add another person\",\"maxRows\":null}', '2016-09-07 09:16:11', '2016-09-13 22:55:47', '2b88d7db-c51b-42ab-9091-09fe58b76a90'),
 ('24', NULL, 'Name', 'personName', 'superTableBlockType:1', '', '0', 'PlainText', '{\"placeholder\":\"\",\"maxLength\":\"\",\"multiline\":\"\",\"initialRows\":\"4\"}', '2016-09-07 09:16:12', '2016-09-13 22:55:47', 'ab60d207-78a5-4fd1-b311-4aa2c0a8c4ec'),
 ('25', NULL, 'Email', 'email', 'superTableBlockType:1', '', '0', 'PlainText', '{\"placeholder\":\"\",\"maxLength\":\"\",\"multiline\":\"\",\"initialRows\":\"4\"}', '2016-09-07 09:16:12', '2016-09-13 22:55:48', '635af226-849a-40d6-ba85-de3cdd4e84f0'),
 ('26', NULL, 'Telephone', 'telephone', 'superTableBlockType:1', '', '0', 'PlainText', '{\"placeholder\":\"\",\"maxLength\":\"\",\"multiline\":\"\",\"initialRows\":\"4\"}', '2016-09-07 09:16:12', '2016-09-13 22:55:48', 'ee2b668f-ffdc-4bdd-96c3-83a12cabe595'),
 ('27', NULL, 'Mobile', 'mobile', 'superTableBlockType:1', '', '0', 'PlainText', '{\"placeholder\":\"\",\"maxLength\":\"\",\"multiline\":\"\",\"initialRows\":\"4\"}', '2016-09-07 09:18:00', '2016-09-13 22:55:48', '5e96a8ef-3672-469a-a3d5-88e344a4e369'),
 ('28', '1', 'Text Block', 'textBlock', 'global', '', '0', 'PlainText', '{\"placeholder\":\"\",\"maxLength\":\"\",\"multiline\":\"1\",\"initialRows\":\"4\"}', '2016-09-07 09:31:06', '2016-09-07 09:31:06', 'da60a1b2-4b09-4b43-9a76-c83c7760c0e4'),
 ('29', '1', 'Social', 'social', 'global', '', '0', 'Matrix', '{\"maxBlocks\":null}', '2016-09-07 15:00:54', '2016-09-07 15:00:54', '35e5c427-269a-44c2-be98-64b24c14086f'),
 ('30', NULL, 'Social URL', 'socialUrl', 'matrixBlockType:4', '', '0', 'PlainText', '{\"placeholder\":\"http:\\/\\/\",\"maxLength\":\"\",\"multiline\":\"\",\"initialRows\":\"4\"}', '2016-09-07 15:00:55', '2016-09-07 15:00:55', '9056773f-98a7-4e4a-845a-4621ee9e30b5'),
 ('31', NULL, 'Icon', 'icon', 'matrixBlockType:4', '', '0', 'Dropdown', '{\"options\":[{\"label\":\"Facebook\",\"value\":\"facebook\",\"default\":\"\"},{\"label\":\"Twitter\",\"value\":\"twitter\",\"default\":\"\"},{\"label\":\"Youtube\",\"value\":\"youtube\",\"default\":\"\"},{\"label\":\"Googleplus\",\"value\":\"googleplus\",\"default\":\"\"},{\"label\":\"Pinterest\",\"value\":\"pinterest\",\"default\":\"\"},{\"label\":\"Instagram\",\"value\":\"instagram\",\"default\":\"\"}]}', '2016-09-07 15:00:55', '2016-09-07 15:00:55', 'afde719b-0b36-4e54-a119-2ce7054fec08'),
 ('32', '3', 'Description', 'description', 'global', '', '0', 'PlainText', '{\"placeholder\":\"\",\"maxLength\":\"\",\"multiline\":\"\",\"initialRows\":\"4\"}', '2016-09-07 16:26:09', '2016-09-08 16:17:23', '54e5a8f2-8fbe-4d7e-97f5-5d6518cc03a7'),
 ('33', NULL, 'Body', 'body', 'matrixBlockType:5', '', '0', 'RichText', '{\"configFile\":\"\",\"availableAssetSources\":\"*\",\"availableTransforms\":\"*\",\"cleanupHtml\":\"1\",\"purifyHtml\":\"1\",\"columnType\":\"text\"}', '2016-09-08 15:30:31', '2016-09-08 16:17:09', 'a7adcf57-c95b-429d-8037-98ce1a7ff9bf'),
 ('34', NULL, 'List', 'list', 'matrixBlockType:5', '', '0', 'SuperTable', '{\"columns\":{\"35\":{\"width\":\"\"},\"36\":{\"width\":\"\"}},\"fieldLayout\":\"table\",\"staticField\":null,\"selectionLabel\":\"Add a row\",\"maxRows\":null}', '2016-09-08 15:30:31', '2016-09-08 16:17:09', '84542af5-83dd-4b8d-8366-eb5c10d371b1'),
 ('35', NULL, 'Location', 'location', 'superTableBlockType:2', '', '0', 'PlainText', '{\"placeholder\":\"\",\"maxLength\":\"\",\"multiline\":\"\",\"initialRows\":\"4\"}', '2016-09-08 15:30:32', '2016-09-08 16:17:10', '9b42958e-8b97-42de-a0aa-b69c577e49fc'),
 ('36', NULL, 'Distance', 'distance', 'superTableBlockType:2', '', '0', 'PlainText', '{\"placeholder\":\"\",\"maxLength\":\"\",\"multiline\":\"\",\"initialRows\":\"4\"}', '2016-09-08 15:30:32', '2016-09-08 16:17:10', '478d7ad9-c191-404f-a726-d3c6fcfda5df'),
 ('37', NULL, 'Logo', 'logo', 'matrixBlockType:3', '', '0', 'Assets', '{\"useSingleFolder\":\"\",\"sources\":[\"folder:7\"],\"defaultUploadLocationSource\":\"7\",\"defaultUploadLocationSubpath\":\"\",\"singleUploadLocationSource\":\"1\",\"singleUploadLocationSubpath\":\"\",\"restrictFiles\":\"1\",\"allowedKinds\":[\"image\"],\"limit\":\"1\",\"viewMode\":\"list\",\"selectionLabel\":\"\"}', '2016-09-08 15:31:36', '2016-09-13 22:55:48', 'c4fb763b-e42b-44d2-ba20-8842956d24cb'),
 ('38', NULL, 'Button', 'button', 'matrixBlockType:2', '', '0', 'FruitLinkIt', '{\"types\":[\"custom\",\"entry\"],\"defaultText\":\"\",\"allowCustomText\":\"1\",\"allowTarget\":\"1\",\"entrySources\":\"*\",\"entrySelectionLabel\":\"Select an entry\",\"assetSources\":\"*\",\"assetSelectionLabel\":\"Select an asset\"}', '2016-09-08 15:48:11', '2016-09-08 16:17:09', '9666933a-8e54-498c-a0f6-d06d1198f9f6'),
 ('39', '1', 'Floor plans', 'floorPlans', 'global', 'All values should be entered without comma\'s', '0', 'SuperTable', '{\"columns\":{\"40\":{\"width\":\"\"},\"41\":{\"width\":\"\"},\"42\":{\"width\":\"\"},\"43\":{\"width\":\"\"},\"44\":{\"width\":\"\"}},\"fieldLayout\":\"table\",\"staticField\":null,\"selectionLabel\":\"Add a floor\",\"maxRows\":null}', '2016-09-08 16:14:21', '2016-09-09 13:54:14', '779f0b25-ac2e-4221-86c3-b6e8613fc7a8'),
 ('40', NULL, 'Area', 'area', 'superTableBlockType:3', '', '0', 'PlainText', '{\"placeholder\":\"\",\"maxLength\":\"\",\"multiline\":\"\",\"initialRows\":\"4\"}', '2016-09-08 16:14:22', '2016-09-09 13:54:14', '0910b607-21b9-43c6-a9a7-1fb648efcda5'),
 ('41', NULL, 'Availability', 'availability', 'superTableBlockType:3', '', '0', 'PlainText', '{\"placeholder\":\"\",\"maxLength\":\"\",\"multiline\":\"\",\"initialRows\":\"4\"}', '2016-09-08 16:14:22', '2016-09-09 13:54:14', '2576bfd1-a765-4f5f-b1d6-540d57631a3f'),
 ('42', NULL, 'sq ft', 'sqFt', 'superTableBlockType:3', 'Enter number without comma\'s', '0', 'PlainText', '{\"placeholder\":\"\",\"maxLength\":\"\",\"multiline\":\"\",\"initialRows\":\"4\"}', '2016-09-08 16:14:22', '2016-09-09 13:54:14', 'c6448c16-8be6-463b-b9db-5363d5d8da20'),
 ('43', NULL, 'sq m', 'sqM', 'superTableBlockType:3', 'Enter number without comma\'s', '0', 'PlainText', '{\"placeholder\":\"\",\"maxLength\":\"\",\"multiline\":\"\",\"initialRows\":\"4\"}', '2016-09-08 16:14:22', '2016-09-09 13:54:14', '571e5ef4-b506-4f7f-bb1a-bd39430d3606'),
 ('44', NULL, 'Image', 'image', 'superTableBlockType:3', '', '0', 'Assets', '{\"useSingleFolder\":\"\",\"sources\":[\"folder:8\"],\"defaultUploadLocationSource\":\"8\",\"defaultUploadLocationSubpath\":\"\",\"singleUploadLocationSource\":\"1\",\"singleUploadLocationSubpath\":\"\",\"restrictFiles\":\"1\",\"allowedKinds\":[\"image\"],\"limit\":\"1\",\"viewMode\":\"list\",\"selectionLabel\":\"\"}', '2016-09-08 16:14:22', '2016-09-09 13:54:14', 'ed0c093a-73dc-4fe9-8fc9-f1f31849fabb'),
 ('45', '4', 'Status', 'buildingStatus', 'global', 'Set to available by default', '0', 'Lightswitch', '{\"default\":\"1\"}', '2016-09-09 09:41:33', '2016-09-09 09:58:44', '2d005185-de84-464a-a1a4-8b4810067e0c'),
 ('46', '4', 'Meta', 'buildingMeta', 'global', '', '0', 'PlainText', '{\"placeholder\":\"\",\"maxLength\":\"\",\"multiline\":\"\",\"initialRows\":\"4\"}', '2016-09-09 09:42:45', '2016-09-09 09:42:45', 'fa7d874d-75ba-467e-a860-688dfcac05ee'),
 ('47', '4', 'Preview', 'preview', 'global', '', '0', 'RichText', '{\"configFile\":\"\",\"availableAssetSources\":\"*\",\"availableTransforms\":\"*\",\"cleanupHtml\":\"1\",\"purifyHtml\":\"1\",\"columnType\":\"text\"}', '2016-09-09 09:43:19', '2016-09-09 09:43:19', 'd3065e14-030f-4923-8bac-442614e332ba'),
 ('48', '4', 'Category', 'category', 'global', '', '0', 'Categories', '{\"source\":\"group:1\",\"limit\":\"1\",\"selectionLabel\":\"\"}', '2016-09-09 09:57:15', '2016-09-09 09:57:15', 'b2ec9d7d-c83b-4854-a0ea-8eddee2682c0'),
 ('49', '3', 'Portrait Image', 'portraitImage', 'global', '', '0', 'Assets', '{\"useSingleFolder\":\"1\",\"sources\":[\"folder:2\"],\"defaultUploadLocationSource\":\"1\",\"defaultUploadLocationSubpath\":\"\",\"singleUploadLocationSource\":\"2\",\"singleUploadLocationSubpath\":\"\",\"restrictFiles\":\"\",\"limit\":\"1\",\"viewMode\":\"list\",\"selectionLabel\":\"\"}', '2016-09-09 15:35:56', '2016-09-09 15:35:56', 'e6a5c100-9c66-4e1a-ab82-bf651e3092b7'),
 ('50', '1', 'Hero', 'hero', 'global', '', '0', 'Matrix', '{\"maxBlocks\":\"1\"}', '2016-09-09 15:37:40', '2016-09-12 16:32:12', '016c755f-6f14-4126-854d-6a4d943c285e'),
 ('51', NULL, 'Heading', 'heading', 'matrixBlockType:6', '', '0', 'PlainText', '{\"placeholder\":\"\",\"maxLength\":\"\",\"multiline\":\"\",\"initialRows\":\"4\"}', '2016-09-09 15:37:40', '2016-09-12 16:32:12', '1c14feb6-4fc9-45b0-9225-6f411b43d9fe'),
 ('52', NULL, 'Button', 'button', 'matrixBlockType:6', '', '0', 'FruitLinkIt', '{\"types\":[\"custom\",\"entry\"],\"defaultText\":\"\",\"allowCustomText\":\"1\",\"allowTarget\":\"1\",\"entrySources\":\"*\",\"entrySelectionLabel\":\"Select an entry\",\"assetSources\":\"*\",\"assetSelectionLabel\":\"Select an asset\",\"categorySources\":\"*\",\"categorySelectionLabel\":\"Select a category\"}', '2016-09-09 15:37:40', '2016-09-12 16:32:12', '9c3830f2-da8a-4d3b-a4fe-0735fdbd1ada'),
 ('53', NULL, 'Image(s)', 'image', 'matrixBlockType:6', '', '0', 'Assets', '{\"useSingleFolder\":\"1\",\"sources\":[\"folder:2\"],\"defaultUploadLocationSource\":\"2\",\"defaultUploadLocationSubpath\":\"\",\"singleUploadLocationSource\":\"2\",\"singleUploadLocationSubpath\":\"\",\"restrictFiles\":\"1\",\"allowedKinds\":[\"image\"],\"limit\":\"\",\"viewMode\":\"list\",\"selectionLabel\":\"\"}', '2016-09-09 15:37:40', '2016-09-12 16:32:12', 'e0da9d9f-56f8-48e3-9384-83ea65bfedf7'),
 ('54', NULL, 'Heading', 'heading', 'matrixBlockType:7', '', '0', 'PlainText', '{\"placeholder\":\"\",\"maxLength\":\"\",\"multiline\":\"\",\"initialRows\":\"4\"}', '2016-09-12 09:13:17', '2016-09-12 16:32:12', '5ee8dd8b-dc25-436d-94c8-45f12ba05f88'),
 ('55', NULL, 'Video Intro', 'videoIntro', 'matrixBlockType:7', '', '0', 'Assets', '{\"useSingleFolder\":\"1\",\"sources\":\"*\",\"defaultUploadLocationSource\":\"1\",\"defaultUploadLocationSubpath\":\"\",\"singleUploadLocationSource\":\"4\",\"singleUploadLocationSubpath\":\"\",\"restrictFiles\":\"1\",\"allowedKinds\":[\"video\"],\"limit\":\"1\",\"viewMode\":\"list\",\"selectionLabel\":\"\"}', '2016-09-12 09:13:17', '2016-09-12 16:32:12', '890a2f4e-48ca-48b8-93cb-cf841edb9e99'),
 ('56', NULL, 'Full Video', 'fullVideo', 'matrixBlockType:7', '', '0', 'Assets', '{\"useSingleFolder\":\"1\",\"sources\":[\"folder:4\"],\"defaultUploadLocationSource\":\"1\",\"defaultUploadLocationSubpath\":\"\",\"singleUploadLocationSource\":\"4\",\"singleUploadLocationSubpath\":\"\",\"restrictFiles\":\"\",\"limit\":\"1\",\"viewMode\":\"list\",\"selectionLabel\":\"\"}', '2016-09-12 09:13:17', '2016-09-12 16:32:12', '43a6eaa2-9788-458f-9b37-112ba8fa1d6a'),
 ('57', NULL, 'Button', 'button', 'matrixBlockType:7', '', '0', 'FruitLinkIt', '{\"types\":[\"custom\",\"entry\",\"asset\"],\"defaultText\":\"\",\"allowCustomText\":\"1\",\"allowTarget\":\"1\",\"entrySources\":\"*\",\"entrySelectionLabel\":\"Select an entry\",\"assetSources\":\"*\",\"assetSelectionLabel\":\"Select an asset\",\"categorySources\":\"*\",\"categorySelectionLabel\":\"Select a category\"}', '2016-09-12 09:13:17', '2016-09-12 16:32:12', 'f9435b38-dc28-4aeb-8527-0b4a74acd0bd'),
 ('58', '5', 'Preview Text', 'previewText', 'global', 'Optional field', '0', 'RichText', '{\"configFile\":\"\",\"availableAssetSources\":\"*\",\"availableTransforms\":\"*\",\"cleanupHtml\":\"1\",\"purifyHtml\":\"1\",\"columnType\":\"text\"}', '2016-09-12 14:00:09', '2016-09-12 14:18:12', '6c2138e3-3250-4af8-8f49-27f08f927b4c'),
 ('59', '3', 'Preview thumb', 'previewThumb', 'global', 'Optional', '0', 'Assets', '{\"useSingleFolder\":\"\",\"sources\":[\"folder:3\"],\"defaultUploadLocationSource\":\"3\",\"defaultUploadLocationSubpath\":\"\",\"singleUploadLocationSource\":\"1\",\"singleUploadLocationSubpath\":\"\",\"restrictFiles\":\"1\",\"allowedKinds\":[\"image\"],\"limit\":\"1\",\"viewMode\":\"list\",\"selectionLabel\":\"\"}', '2016-09-12 14:00:53', '2016-09-12 14:00:53', 'b847b248-8375-4a2f-8349-7c4fae6345ce'),
 ('60', '5', 'Event date', 'eventDate', 'global', '', '0', 'Date', '{\"minuteIncrement\":\"15\",\"showTime\":1,\"showDate\":1}', '2016-09-12 14:17:58', '2016-09-12 14:17:58', '300798cc-5a4d-49c5-b2cc-ac8dda0a2ebe'),
 ('61', '6', 'Size', 'size', 'global', '', '0', 'Dropdown', '{\"options\":[{\"label\":\"Large\",\"value\":\"large\",\"default\":\"\"},{\"label\":\"Small\",\"value\":\"small\",\"default\":\"\"},{\"label\":\"Icon\",\"value\":\"icon\",\"default\":\"\"}]}', '2016-09-12 14:34:49', '2016-09-12 16:22:40', '97edd3b9-7be4-4a88-b727-23c06a5caf45'),
 ('62', '6', 'Amenities', 'amenities', 'global', '', '0', 'Entries', '{\"sources\":[\"section:8\"],\"limit\":\"\",\"selectionLabel\":\"\"}', '2016-09-12 14:37:06', '2016-09-12 16:07:22', 'ed10025b-82c0-4ee3-9f88-bb3020e0d2b2'),
 ('63', '1', 'Section Body', 'sectionBody', 'global', '', '0', 'RichText', '{\"configFile\":\"Standard.json\",\"availableAssetSources\":\"*\",\"availableTransforms\":\"*\",\"cleanupHtml\":\"\",\"purifyHtml\":\"1\",\"columnType\":\"text\"}', '2016-09-12 14:38:24', '2016-09-13 16:09:20', '6f6f798a-79a8-434c-bab4-96599ee47971'),
 ('64', '6', 'Style', 'style', 'global', 'For icon type only', '0', 'Dropdown', '{\"options\":[{\"label\":\"Orange\",\"value\":\"orange\",\"default\":\"\"},{\"label\":\"White\",\"value\":\"white\",\"default\":\"\"},{\"label\":\"Blue\",\"value\":\"blue\",\"default\":\"\"}]}', '2016-09-12 16:03:45', '2016-09-13 22:59:49', '077ac5da-2bab-4e82-94b6-877b8a7b3788'),
 ('66', '1', 'Testimonial', 'testimonial', 'global', '', '0', 'SuperTable', '{\"columns\":{\"67\":{\"width\":\"\"},\"68\":{\"width\":\"\"},\"69\":{\"width\":\"\"}},\"fieldLayout\":\"row\",\"staticField\":\"1\",\"selectionLabel\":\"Add a row\",\"maxRows\":\"1\"}', '2016-09-13 14:42:15', '2016-09-13 14:42:25', 'ce09239d-2b36-4052-9861-f7f0cf525347'),
 ('67', NULL, 'Body', 'body', 'superTableBlockType:4', '', '0', 'RichText', '{\"configFile\":\"\",\"availableAssetSources\":\"*\",\"availableTransforms\":\"*\",\"cleanupHtml\":\"1\",\"purifyHtml\":\"1\",\"columnType\":\"text\"}', '2016-09-13 14:42:15', '2016-09-13 14:42:25', '3c3dcb8d-4deb-4f78-8e82-7de88b881144'),
 ('68', NULL, 'From', 'from', 'superTableBlockType:4', '', '0', 'PlainText', '{\"placeholder\":\"\",\"maxLength\":\"\",\"multiline\":\"\",\"initialRows\":\"4\"}', '2016-09-13 14:42:16', '2016-09-13 14:42:25', 'f4802621-f316-4cae-b0fc-35f9623c6d8f'),
 ('69', NULL, 'Company', 'company', 'superTableBlockType:4', '', '0', 'PlainText', '{\"placeholder\":\"\",\"maxLength\":\"\",\"multiline\":\"\",\"initialRows\":\"4\"}', '2016-09-13 14:42:16', '2016-09-13 14:42:26', '5f8757ac-e831-4c3a-a6cf-07768d8b4248'),
 ('70', '6', 'Entry Preview', 'entryPreview', 'global', '', '0', 'SuperTable', '{\"columns\":{\"new1\":{\"width\":\"\"},\"new2\":{\"width\":\"\"}},\"fieldLayout\":\"row\",\"staticField\":\"1\",\"selectionLabel\":\"Add a row\",\"maxRows\":\"1\"}', '2016-09-13 16:13:07', '2016-09-13 16:13:07', '952a25db-7a26-44eb-83d6-53f68b60a63f'),
 ('71', NULL, 'Heading', 'heading', 'superTableBlockType:5', '', '0', 'PlainText', '{\"placeholder\":\"\",\"maxLength\":\"\",\"multiline\":\"\",\"initialRows\":\"4\"}', '2016-09-13 16:13:08', '2016-09-13 16:13:08', '12fdac27-2d72-421d-a03b-294d43da69fe'),
 ('72', NULL, 'Image', 'image', 'superTableBlockType:5', '', '0', 'Assets', '{\"useSingleFolder\":\"\",\"sources\":\"*\",\"defaultUploadLocationSource\":\"10\",\"defaultUploadLocationSubpath\":\"\",\"singleUploadLocationSource\":\"1\",\"singleUploadLocationSubpath\":\"\",\"restrictFiles\":\"1\",\"allowedKinds\":[\"image\"],\"limit\":\"1\",\"viewMode\":\"list\",\"selectionLabel\":\"\"}', '2016-09-13 16:13:08', '2016-09-13 16:13:08', 'c5929aa3-5949-455f-acf1-d24eda052947'),
 ('73', '8', 'Contact Groups', 'contactGroups', 'global', '', '0', 'Matrix', '{\"maxBlocks\":null}', '2016-09-13 16:45:24', '2016-09-13 22:40:36', 'ab3e032b-3743-408c-afaf-2516d4dce17f'),
 ('74', NULL, 'Heading', 'heading', 'matrixBlockType:8', '', '0', 'PlainText', '{\"placeholder\":\"\",\"maxLength\":\"\",\"multiline\":\"\",\"initialRows\":\"4\"}', '2016-09-13 16:45:25', '2016-09-13 22:40:36', 'e90a6fb0-1e88-444c-9cdb-8b4f428d1c76'),
 ('75', NULL, 'Contacts', 'contacts', 'matrixBlockType:8', '', '0', 'Entries', '{\"sources\":[\"section:9\"],\"limit\":\"\",\"selectionLabel\":\"Add a contact\"}', '2016-09-13 16:45:25', '2016-09-13 22:40:36', '4cb52057-b329-4e62-bb99-5dd6d7ef39ad'),
 ('76', NULL, 'Job Title', 'jobTitle', 'superTableBlockType:1', '', '0', 'PlainText', '{\"placeholder\":\"\",\"maxLength\":\"\",\"multiline\":\"\",\"initialRows\":\"4\"}', '2016-09-13 16:55:15', '2016-09-13 22:55:48', '0769bb21-e2ce-4e3d-86ed-5b5fc6ed3138');



DROP TABLE IF EXISTS `craft_globalsets`;


--
-- Schema for table `craft_globalsets`
--
CREATE TABLE `craft_globalsets` (
  `id` int(11) NOT NULL,
  `name` varchar(255) COLLATE utf8_unicode_ci NOT NULL,
  `handle` varchar(255) COLLATE utf8_unicode_ci NOT NULL,
  `fieldLayoutId` int(10) DEFAULT NULL,
  `dateCreated` datetime NOT NULL,
  `dateUpdated` datetime NOT NULL,
  `uid` char(36) COLLATE utf8_unicode_ci NOT NULL DEFAULT '0',
  PRIMARY KEY (`id`),
  UNIQUE KEY `craft_globalsets_name_unq_idx` (`name`),
  UNIQUE KEY `craft_globalsets_handle_unq_idx` (`handle`),
  KEY `craft_globalsets_fieldLayoutId_fk` (`fieldLayoutId`)
) ENGINE=InnoDB DEFAULT CHARSET=utf8 COLLATE=utf8_unicode_ci;

--
-- Data for table `craft_globalsets`
--

INSERT INTO `craft_globalsets` (`id`, `name`, `handle`, `fieldLayoutId`, `dateCreated`, `dateUpdated`, `uid`) VALUES
 ('4', 'Google Analytics', 'googleAnalytics', '10', '2016-09-06 16:58:23', '2016-09-06 16:58:23', '61ea0e69-44c6-4f45-834c-afe7db553928'),
 ('5', 'SEO', 'seo', '11', '2016-09-06 16:59:55', '2016-09-06 16:59:55', '53220557-0d63-43a7-9709-a9db122cc619'),
 ('6', 'News fallback image', 'newsFallbackImage', '12', '2016-09-06 17:01:25', '2016-09-06 17:01:25', '3a122b67-ed11-4556-9240-769f88d8ca18'),
 ('7', 'Events fallback image', 'eventsFallbackImage', '13', '2016-09-07 08:48:51', '2016-09-07 08:48:51', '00bdb4bf-cf73-4612-8d26-08ba33f3af2c'),
 ('8', 'Social', 'social', '38', '2016-09-07 09:12:33', '2016-09-07 15:01:21', '41d789a8-d149-410e-b9a2-3a3cb48aa203'),
 ('9', 'Contacts', 'contacts', '127', '2016-09-07 09:16:26', '2016-09-13 22:57:36', 'd86a939f-fc86-4337-b60b-7eef15ec7565'),
 ('10', 'Clients', 'clients', '29', '2016-09-07 09:19:39', '2016-09-07 09:19:39', 'f1a129fb-748b-42e0-abf5-3d011acf171b'),
 ('11', 'Head code', 'headCode', '30', '2016-09-07 09:31:19', '2016-09-07 09:31:19', '9e8b0775-db20-4695-9af9-d9f24006835a'),
 ('12', 'Footer Code', 'footerCode', '31', '2016-09-07 09:31:37', '2016-09-07 09:31:37', '86451e92-cfd7-4ac4-944d-d381ab5eb229'),
 ('44', 'Footer address', 'footerAddress', '39', '2016-09-07 15:05:59', '2016-09-07 15:05:59', '540f347d-545c-484c-91e2-68b31e6f2ab8');



DROP TABLE IF EXISTS `craft_info`;


--
-- Schema for table `craft_info`
--
CREATE TABLE `craft_info` (
  `id` int(11) NOT NULL AUTO_INCREMENT,
  `version` varchar(15) COLLATE utf8_unicode_ci NOT NULL,
  `build` int(11) unsigned NOT NULL,
  `schemaVersion` varchar(15) COLLATE utf8_unicode_ci NOT NULL,
  `releaseDate` datetime NOT NULL,
  `edition` tinyint(1) unsigned NOT NULL DEFAULT '0',
  `siteName` varchar(100) COLLATE utf8_unicode_ci NOT NULL,
  `siteUrl` varchar(255) COLLATE utf8_unicode_ci NOT NULL,
  `timezone` varchar(30) COLLATE utf8_unicode_ci DEFAULT NULL,
  `on` tinyint(1) unsigned NOT NULL DEFAULT '0',
  `maintenance` tinyint(1) unsigned NOT NULL DEFAULT '0',
  `track` varchar(40) COLLATE utf8_unicode_ci NOT NULL,
  `dateCreated` datetime NOT NULL,
  `dateUpdated` datetime NOT NULL,
  `uid` char(36) COLLATE utf8_unicode_ci NOT NULL DEFAULT '0',
  PRIMARY KEY (`id`)
) ENGINE=InnoDB AUTO_INCREMENT=2 DEFAULT CHARSET=utf8 COLLATE=utf8_unicode_ci;

--
-- Data for table `craft_info`
--

INSERT INTO `craft_info` (`id`, `version`, `build`, `schemaVersion`, `releaseDate`, `edition`, `siteName`, `siteUrl`, `timezone`, `on`, `maintenance`, `track`, `dateCreated`, `dateUpdated`, `uid`) VALUES
 ('1', '2.6', '2931', '2.6.6', '2016-09-08 21:48:46', '1', 'Croxley Park', 'http://local.croxleypark.com', 'Europe/London', '1', '0', 'stable', '2016-09-06 16:45:24', '2016-09-13 23:14:04', '52cc98d7-c5d9-4b2d-ab58-e463cdfec302');



DROP TABLE IF EXISTS `craft_locales`;


--
-- Schema for table `craft_locales`
--
CREATE TABLE `craft_locales` (
  `locale` char(12) COLLATE utf8_unicode_ci NOT NULL,
  `sortOrder` smallint(6) unsigned DEFAULT NULL,
  `dateCreated` datetime NOT NULL,
  `dateUpdated` datetime NOT NULL,
  `uid` char(36) COLLATE utf8_unicode_ci NOT NULL DEFAULT '0',
  PRIMARY KEY (`locale`),
  KEY `craft_locales_sortOrder_idx` (`sortOrder`)
) ENGINE=InnoDB DEFAULT CHARSET=utf8 COLLATE=utf8_unicode_ci;

--
-- Data for table `craft_locales`
--

INSERT INTO `craft_locales` (`locale`, `sortOrder`, `dateCreated`, `dateUpdated`, `uid`) VALUES
 ('en_gb', '1', '2016-09-06 16:45:26', '2016-09-06 16:45:26', '18126da6-4e4c-4e39-99c3-690a593ceccb');



DROP TABLE IF EXISTS `craft_matrixblocks`;


--
-- Schema for table `craft_matrixblocks`
--
CREATE TABLE `craft_matrixblocks` (
  `id` int(11) NOT NULL,
  `ownerId` int(11) NOT NULL,
  `fieldId` int(11) NOT NULL,
  `typeId` int(11) DEFAULT NULL,
  `sortOrder` smallint(6) unsigned DEFAULT NULL,
  `ownerLocale` char(12) COLLATE utf8_unicode_ci DEFAULT NULL,
  `dateCreated` datetime NOT NULL,
  `dateUpdated` datetime NOT NULL,
  `uid` char(36) COLLATE utf8_unicode_ci NOT NULL DEFAULT '0',
  PRIMARY KEY (`id`),
  KEY `craft_matrixblocks_ownerId_idx` (`ownerId`),
  KEY `craft_matrixblocks_fieldId_idx` (`fieldId`),
  KEY `craft_matrixblocks_typeId_idx` (`typeId`),
  KEY `craft_matrixblocks_sortOrder_idx` (`sortOrder`),
  KEY `craft_matrixblocks_ownerLocale_fk` (`ownerLocale`)
) ENGINE=InnoDB DEFAULT CHARSET=utf8 COLLATE=utf8_unicode_ci;

--
-- Data for table `craft_matrixblocks`
--

INSERT INTO `craft_matrixblocks` (`id`, `ownerId`, `fieldId`, `typeId`, `sortOrder`, `ownerLocale`, `dateCreated`, `dateUpdated`, `uid`) VALUES
 ('38', '8', '29', '4', '1', NULL, '2016-09-07 15:01:57', '2016-09-07 15:01:57', 'fa9fd3df-4cc8-431e-8c98-86d823142d8d'),
 ('39', '8', '29', '4', '2', NULL, '2016-09-07 15:01:57', '2016-09-07 15:01:57', '5b8e98dd-3739-4917-9bba-07d6a11a9a20'),
 ('40', '8', '29', '4', '3', NULL, '2016-09-07 15:01:57', '2016-09-07 15:01:57', '04b7e77b-5719-4228-b8bc-c3fb0743a307'),
 ('41', '8', '29', '4', '4', NULL, '2016-09-07 15:01:57', '2016-09-07 15:01:57', '972eee9a-1339-4a85-9920-5ed56ec23b2d'),
 ('42', '8', '29', '4', '5', NULL, '2016-09-07 15:01:57', '2016-09-07 15:01:57', 'e1f51d25-d2eb-43a2-b674-220ac01aca74'),
 ('43', '8', '29', '4', '6', NULL, '2016-09-07 15:01:57', '2016-09-07 15:01:57', '143d24ab-29c0-42bf-a44a-910ab94a2212'),
 ('45', '9', '20', '3', '1', NULL, '2016-09-07 15:14:09', '2016-09-13 22:37:29', 'd72d91ea-27ea-4eae-9926-8df71d846201'),
 ('48', '9', '20', '3', '2', NULL, '2016-09-07 15:14:09', '2016-09-13 22:37:29', '0344c954-3366-45ec-b63a-38404f3e5be9'),
 ('50', '9', '20', '3', '3', NULL, '2016-09-07 15:14:09', '2016-09-13 22:37:29', 'ab28db79-625f-4633-b008-0e98789ae415'),
 ('61', '60', '8', '1', '1', NULL, '2016-09-09 11:18:28', '2016-09-09 15:39:37', '4395dfb6-393d-4102-ad8a-fd9216c1efea'),
 ('67', '60', '20', '3', '1', NULL, '2016-09-09 14:36:00', '2016-09-09 15:39:37', 'a17a0b48-bcd3-4593-bf34-76e623b7686d'),
 ('71', '60', '50', '6', '1', NULL, '2016-09-09 15:39:37', '2016-09-09 15:39:37', '3a6e985a-5e41-44f9-a65e-4bbd460ab72b'),
 ('80', '2', '50', '6', '1', NULL, '2016-09-12 14:41:09', '2016-09-13 16:18:38', '8836dd19-8bf4-4e4a-a452-6edb74dff003'),
 ('81', '2', '8', '1', '1', NULL, '2016-09-12 14:41:09', '2016-09-13 16:18:38', '0572e953-c389-415d-8f23-334dbae014be'),
 ('92', '16', '50', '6', '1', NULL, '2016-09-12 15:52:32', '2016-09-13 14:10:33', '903e101c-e3f7-48d9-98b3-1e2966029d7d'),
 ('93', '16', '8', '1', '1', NULL, '2016-09-12 15:52:32', '2016-09-13 14:10:33', 'd380399d-89f5-4a28-a69a-2ddfa7bfae8b'),
 ('122', '17', '50', '6', '1', NULL, '2016-09-12 16:33:26', '2016-09-13 16:00:28', '9e6ec551-a5ba-4814-9d3b-8cb5b5d2b098'),
 ('123', '17', '8', '1', '1', NULL, '2016-09-12 16:33:26', '2016-09-13 16:00:28', '97c48053-e0bc-45bb-84ec-30eaa909ef97'),
 ('124', '18', '8', '1', '1', NULL, '2016-09-13 15:45:14', '2016-09-13 15:45:14', '5e63e0b3-b1e3-4e7d-94e4-73a50ebca49a'),
 ('144', '143', '20', '3', '1', NULL, '2016-09-13 16:48:31', '2016-09-13 22:55:00', '9e086bc7-8dcb-4615-82ae-27ccaac242f3'),
 ('149', '148', '20', '3', '1', NULL, '2016-09-13 16:51:54', '2016-09-13 16:51:54', 'd23d4f33-3661-4fad-8a65-89e74a41213f'),
 ('153', '152', '20', '3', '1', NULL, '2016-09-13 16:53:13', '2016-09-13 16:53:13', '42c12c8c-87b1-4a8b-a6dc-477f4863aeb0'),
 ('157', '156', '20', '3', '1', NULL, '2016-09-13 16:54:14', '2016-09-13 16:55:33', '8419f48e-efc2-4e6e-a5ba-9f567859f835'),
 ('160', '159', '20', '3', '1', NULL, '2016-09-13 16:54:46', '2016-09-13 16:55:46', '3bc84ec1-91fa-4be1-ac20-5de8c592876a'),
 ('162', '19', '73', '8', '1', NULL, '2016-09-13 16:56:27', '2016-09-13 16:56:27', '5e577e8a-8e4f-4b98-95b1-b7d2771beacc'),
 ('163', '19', '73', '8', '2', NULL, '2016-09-13 16:56:27', '2016-09-13 16:56:27', 'dcff6b37-428a-4820-83ab-e26d47bb6bce'),
 ('164', '9', '73', '8', '1', NULL, '2016-09-13 22:37:03', '2016-09-13 22:37:29', '68d1762c-5182-4bae-b5cc-7e48dd02d91e');



DROP TABLE IF EXISTS `craft_matrixblocktypes`;


--
-- Schema for table `craft_matrixblocktypes`
--
CREATE TABLE `craft_matrixblocktypes` (
  `id` int(11) NOT NULL AUTO_INCREMENT,
  `fieldId` int(11) NOT NULL,
  `fieldLayoutId` int(11) DEFAULT NULL,
  `name` varchar(255) COLLATE utf8_unicode_ci NOT NULL,
  `handle` varchar(255) COLLATE utf8_unicode_ci NOT NULL,
  `sortOrder` smallint(6) unsigned DEFAULT NULL,
  `dateCreated` datetime NOT NULL,
  `dateUpdated` datetime NOT NULL,
  `uid` char(36) COLLATE utf8_unicode_ci NOT NULL DEFAULT '0',
  PRIMARY KEY (`id`),
  UNIQUE KEY `craft_matrixblocktypes_name_fieldId_unq_idx` (`name`,`fieldId`),
  UNIQUE KEY `craft_matrixblocktypes_handle_fieldId_unq_idx` (`handle`,`fieldId`),
  KEY `craft_matrixblocktypes_fieldId_fk` (`fieldId`),
  KEY `craft_matrixblocktypes_fieldLayoutId_fk` (`fieldLayoutId`)
) ENGINE=InnoDB AUTO_INCREMENT=9 DEFAULT CHARSET=utf8 COLLATE=utf8_unicode_ci;

--
-- Data for table `craft_matrixblocktypes`
--

INSERT INTO `craft_matrixblocktypes` (`id`, `fieldId`, `fieldLayoutId`, `name`, `handle`, `sortOrder`, `dateCreated`, `dateUpdated`, `uid`) VALUES
 ('1', '8', '107', 'Block', 'block', '1', '2016-09-07 09:02:10', '2016-09-13 13:46:46', 'fdb83cd1-77c9-4e0d-a60d-9fd50fcfad25'),
 ('2', '16', '65', 'block', 'block', '1', '2016-09-07 09:06:17', '2016-09-08 16:17:09', '60b5e1c0-d2b1-4560-9054-9d1185075226'),
 ('3', '20', '126', 'Contacts', 'contacts', '1', '2016-09-07 09:16:11', '2016-09-13 22:55:48', 'da84fd5a-eea3-4ff2-8849-e7573796340c'),
 ('4', '29', '37', 'Social', 'social', '1', '2016-09-07 15:00:54', '2016-09-07 15:00:55', 'fd439f67-38b6-43db-a921-f09f0b1319f9'),
 ('5', '16', '67', 'Distances', 'distances', '2', '2016-09-08 15:30:30', '2016-09-08 16:17:10', '49a9110c-7e12-45ba-a1be-a1b04477071e'),
 ('6', '50', '101', 'Image(s)', 'image', '1', '2016-09-09 15:37:40', '2016-09-12 16:32:12', 'c3a81ec4-7b82-4e6c-aeea-27c6f8a79b52'),
 ('7', '50', '102', 'Video', 'video', '2', '2016-09-12 09:13:16', '2016-09-12 16:32:13', '1e773a95-d443-4b59-8a59-048466876167'),
 ('8', '73', '124', 'Contact', 'contact', '1', '2016-09-13 16:45:25', '2016-09-13 22:40:36', '11a1c29e-3921-4a9f-802e-253ed392cf71');



DROP TABLE IF EXISTS `craft_matrixcontent_contactgroups`;


--
-- Schema for table `craft_matrixcontent_contactgroups`
--
CREATE TABLE `craft_matrixcontent_contactgroups` (
  `id` int(11) NOT NULL AUTO_INCREMENT,
  `elementId` int(11) NOT NULL,
  `locale` char(12) COLLATE utf8_unicode_ci NOT NULL,
  `field_contact_heading` text COLLATE utf8_unicode_ci,
  `dateCreated` datetime NOT NULL,
  `dateUpdated` datetime NOT NULL,
  `uid` char(36) COLLATE utf8_unicode_ci NOT NULL DEFAULT '0',
  PRIMARY KEY (`id`),
  UNIQUE KEY `craft_matrixcontent_contactgroups_elementId_locale_unq_idx` (`elementId`,`locale`),
  KEY `craft_matrixcontent_contactgroups_locale_fk` (`locale`)
) ENGINE=InnoDB AUTO_INCREMENT=4 DEFAULT CHARSET=utf8 COLLATE=utf8_unicode_ci;

--
-- Data for table `craft_matrixcontent_contactgroups`
--

INSERT INTO `craft_matrixcontent_contactgroups` (`id`, `elementId`, `locale`, `field_contact_heading`, `dateCreated`, `dateUpdated`, `uid`) VALUES
 ('1', '162', 'en_gb', 'Letting agents', '2016-09-13 16:56:27', '2016-09-13 16:56:27', '32bd8734-9820-4b46-ac4c-3208f4a0bac0'),
 ('2', '163', 'en_gb', 'On-site marketing and Management centre', '2016-09-13 16:56:27', '2016-09-13 16:56:27', '8405a20c-963a-4c04-8281-8b3c1d67d729'),
 ('3', '164', 'en_gb', '', '2016-09-13 22:37:03', '2016-09-13 22:37:29', '0ef9564e-4797-4e9b-b6ce-152d2c4b66c5');



DROP TABLE IF EXISTS `craft_matrixcontent_contacts`;


--
-- Schema for table `craft_matrixcontent_contacts`
--
CREATE TABLE `craft_matrixcontent_contacts` (
  `id` int(11) NOT NULL AUTO_INCREMENT,
  `elementId` int(11) NOT NULL,
  `locale` char(12) COLLATE utf8_unicode_ci NOT NULL,
  `field_contacts_website` text COLLATE utf8_unicode_ci,
  `dateCreated` datetime NOT NULL,
  `dateUpdated` datetime NOT NULL,
  `uid` char(36) COLLATE utf8_unicode_ci NOT NULL DEFAULT '0',
  PRIMARY KEY (`id`),
  UNIQUE KEY `craft_matrixcontent_contacts_elementId_locale_unq_idx` (`elementId`,`locale`),
  KEY `craft_matrixcontent_contacts_locale_fk` (`locale`)
) ENGINE=InnoDB AUTO_INCREMENT=10 DEFAULT CHARSET=utf8 COLLATE=utf8_unicode_ci;

--
-- Data for table `craft_matrixcontent_contacts`
--

INSERT INTO `craft_matrixcontent_contacts` (`id`, `elementId`, `locale`, `field_contacts_website`, `dateCreated`, `dateUpdated`, `uid`) VALUES
 ('1', '45', 'en_gb', '{\"type\":\"custom\",\"custom\":\"http:\\/\\/www.brayfoxsmith.com\",\"customText\":\"www.brayfoxsmith.com\",\"target\":\"_blank\"}', '2016-09-07 15:14:09', '2016-09-13 22:37:29', 'c6131f08-1a99-4697-a460-f1ddfa409c32'),
 ('2', '48', 'en_gb', '{\"type\":\"custom\",\"custom\":\"http:\\/\\/www.cbre.com\",\"customText\":\"www.cbre.com\",\"target\":\"_blank\"}', '2016-09-07 15:14:09', '2016-09-13 22:37:29', 'cef813ad-3cca-4435-8047-82425cda1b64'),
 ('3', '50', 'en_gb', '{\"type\":\"custom\",\"custom\":\"http:\\/\\/stimpsons.co.uk\",\"customText\":\"stimpsons.co.uk\",\"target\":\"_blank\"}', '2016-09-07 15:14:09', '2016-09-13 22:37:29', 'fd6f1f3a-aeea-41ee-b68f-7b349ad9eeb2'),
 ('4', '67', 'en_gb', '{\"type\":\"custom\",\"custom\":\"http:\\/\\/www.brayfoxsmith.com\",\"customText\":\"www.brayfoxsmith.com\",\"target\":\"_blank\"}', '2016-09-09 14:36:00', '2016-09-09 15:39:37', '6ccecbae-31e3-45d3-8edb-2472788ef209'),
 ('5', '144', 'en_gb', '{\"type\":\"custom\",\"custom\":\"http:\\/\\/www.brayfoxsmith.com\",\"customText\":\"www.brayfoxsmith.com\",\"target\":\"_blank\"}', '2016-09-13 16:48:31', '2016-09-13 22:55:00', 'ef12c614-4e41-4fea-9625-20a92383e94f'),
 ('6', '149', 'en_gb', '{\"type\":\"custom\",\"custom\":\"http:\\/\\/stimpsons.co.uk\",\"customText\":\"stimpsons.co.uk\",\"target\":\"\"}', '2016-09-13 16:51:54', '2016-09-13 16:51:54', 'b9c1a9e3-9d82-4fa1-b8d8-5ef8e77f3bf9'),
 ('7', '153', 'en_gb', '{\"type\":\"custom\",\"custom\":\"http:\\/\\/www.cbre.co.uk\",\"customText\":\"www.cbre.co.uk\\/\",\"target\":\"_blank\"}', '2016-09-13 16:53:13', '2016-09-13 16:53:13', '62c89ff8-9249-426e-bcde-10433a001fcc'),
 ('8', '157', 'en_gb', '', '2016-09-13 16:54:14', '2016-09-13 16:55:33', '923c7a51-6b1a-4e5d-9f2e-eae7f8fc7d44'),
 ('9', '160', 'en_gb', '', '2016-09-13 16:54:46', '2016-09-13 16:55:46', 'c159e294-f506-4a09-9257-164b212d16ba');



DROP TABLE IF EXISTS `craft_matrixcontent_hero`;


--
-- Schema for table `craft_matrixcontent_hero`
--
CREATE TABLE `craft_matrixcontent_hero` (
  `id` int(11) NOT NULL AUTO_INCREMENT,
  `elementId` int(11) NOT NULL,
  `locale` char(12) COLLATE utf8_unicode_ci NOT NULL,
  `field_image_heading` text COLLATE utf8_unicode_ci,
  `field_image_button` text COLLATE utf8_unicode_ci,
  `field_video_heading` text COLLATE utf8_unicode_ci,
  `field_video_button` text COLLATE utf8_unicode_ci,
  `dateCreated` datetime NOT NULL,
  `dateUpdated` datetime NOT NULL,
  `uid` char(36) COLLATE utf8_unicode_ci NOT NULL DEFAULT '0',
  PRIMARY KEY (`id`),
  UNIQUE KEY `craft_matrixcontent_hero_elementId_locale_unq_idx` (`elementId`,`locale`),
  KEY `craft_matrixcontent_hero_locale_fk` (`locale`)
) ENGINE=InnoDB AUTO_INCREMENT=5 DEFAULT CHARSET=utf8 COLLATE=utf8_unicode_ci;

--
-- Data for table `craft_matrixcontent_hero`
--

INSERT INTO `craft_matrixcontent_hero` (`id`, `elementId`, `locale`, `field_image_heading`, `field_image_button`, `field_video_heading`, `field_video_button`, `dateCreated`, `dateUpdated`, `uid`) VALUES
 ('1', '71', 'en_gb', 'Super smashing', '', NULL, NULL, '2016-09-09 15:39:37', '2016-09-09 15:39:37', 'a035d546-7fb2-4dc7-aea3-b8b3b1391dce'),
 ('2', '80', 'en_gb', 'Some kind of heading', '', NULL, NULL, '2016-09-12 14:41:09', '2016-09-13 16:18:38', 'cb5e005f-59a1-407d-a538-a07246264f72'),
 ('3', '92', 'en_gb', 'A thing yeah', '', NULL, NULL, '2016-09-12 15:52:32', '2016-09-13 14:10:33', 'a9d99019-9549-4e68-98ac-c9931175d7ff'),
 ('4', '122', 'en_gb', 'Fun & Games', '', NULL, NULL, '2016-09-12 16:33:26', '2016-09-13 16:00:28', '08d53334-1497-41cd-97bb-362c0c130939');



DROP TABLE IF EXISTS `craft_matrixcontent_introblock`;


--
-- Schema for table `craft_matrixcontent_introblock`
--
CREATE TABLE `craft_matrixcontent_introblock` (
  `id` int(11) NOT NULL AUTO_INCREMENT,
  `elementId` int(11) NOT NULL,
  `locale` char(12) COLLATE utf8_unicode_ci NOT NULL,
  `field_block_style` varchar(255) COLLATE utf8_unicode_ci DEFAULT 'std',
  `field_block_body` text COLLATE utf8_unicode_ci,
  `field_block_button` text COLLATE utf8_unicode_ci,
  `dateCreated` datetime NOT NULL,
  `dateUpdated` datetime NOT NULL,
  `uid` char(36) COLLATE utf8_unicode_ci NOT NULL DEFAULT '0',
  PRIMARY KEY (`id`),
  UNIQUE KEY `craft_matrixcontent_introblock_elementId_locale_unq_idx` (`elementId`,`locale`),
  KEY `craft_matrixcontent_introblock_locale_fk` (`locale`)
) ENGINE=InnoDB AUTO_INCREMENT=6 DEFAULT CHARSET=utf8 COLLATE=utf8_unicode_ci;

--
-- Data for table `craft_matrixcontent_introblock`
--

INSERT INTO `craft_matrixcontent_introblock` (`id`, `elementId`, `locale`, `field_block_style`, `field_block_body`, `field_block_button`, `dateCreated`, `dateUpdated`, `uid`) VALUES
 ('1', '61', 'en_gb', 'std', '<p>Curabitur non nulla sit amet nisl tempus convallis quis ac lectus. Sed porttitor lectus nibh. Quisque velit nisi, pretium ut lacinia in, elementum id enim. Cras ultricies ligula sed magna dictum porta.</p>', '{\"type\":\"entry\",\"custom\":\"\",\"entry\":[\"2\"],\"asset\":\"\",\"customText\":\"Fancy link\",\"target\":\"\"}', '2016-09-09 11:18:28', '2016-09-09 15:39:37', '765f82b6-0ff3-4f4f-b44b-4e2500db52af'),
 ('2', '81', 'en_gb', 'std', '<p>Croxley Park is more than just a great place to do business. We’re an impressive headquarters for international companies, and a flexible home for local start-ups. \n\nWe’re also a thriving community, a well-connected hub \n\nand a relaxing haven. Expect much more at Croxley Park.   </p>', '{\"type\":\"entry\",\"custom\":\"\",\"entry\":[\"2\"],\"asset\":\"\",\"customText\":\"Read more\",\"target\":\"\"}', '2016-09-12 14:41:09', '2016-09-13 16:18:38', 'ac568daa-27c8-425b-984b-d392477c9c80'),
 ('3', '93', 'en_gb', 'small', '<h2 class=\"intro__heading--dark\">Amenities</h2>\n\n<p>Ratione irure perferendis. Parturient dignissim fermentum accumsan incididunt iaculis lacinia ipsam vero, mollis at consequatur eum eiusmod rem. Ultrices eius platea expedita iure molestie, vero occaecat vulputate nostra, class deleniti.</p>', '', '2016-09-12 15:52:32', '2016-09-13 14:10:33', '49f6ad48-329a-4ec7-a4d6-b04e7bef837e'),
 ('4', '123', 'en_gb', 'sub', '<h2><span class=\"t-brand\">Latest Events</span></h2><p>Regular and varied events are scheduled to make the most of our amazing setting, amenities and strengthen our sense of community. So whether you enjoy team building, networking, relaxing, listening or watching we look forward to you joining us.</p>', '', '2016-09-12 16:33:26', '2016-09-13 16:00:28', '2de6db60-e84c-41a3-9787-33e409b4015e'),
 ('5', '124', 'en_gb', 'std', '<h2><span class=\"t-brand\">Latest News</span></h2><p>There’s always something going on at Croxley Park. Make sure you keep up to date by getting the latest news, events and more direct to your inbox.</p>', '', '2016-09-13 15:45:14', '2016-09-13 15:45:14', '93160d48-7bce-4703-a7bf-8a9b2a795acc');



DROP TABLE IF EXISTS `craft_matrixcontent_social`;


--
-- Schema for table `craft_matrixcontent_social`
--
CREATE TABLE `craft_matrixcontent_social` (
  `id` int(11) NOT NULL AUTO_INCREMENT,
  `elementId` int(11) NOT NULL,
  `locale` char(12) COLLATE utf8_unicode_ci NOT NULL,
  `field_social_socialUrl` text COLLATE utf8_unicode_ci,
  `field_social_icon` varchar(255) COLLATE utf8_unicode_ci DEFAULT NULL,
  `dateCreated` datetime NOT NULL,
  `dateUpdated` datetime NOT NULL,
  `uid` char(36) COLLATE utf8_unicode_ci NOT NULL DEFAULT '0',
  PRIMARY KEY (`id`),
  UNIQUE KEY `craft_matrixcontent_social_elementId_locale_unq_idx` (`elementId`,`locale`),
  KEY `craft_matrixcontent_social_locale_fk` (`locale`)
) ENGINE=InnoDB AUTO_INCREMENT=7 DEFAULT CHARSET=utf8 COLLATE=utf8_unicode_ci;

--
-- Data for table `craft_matrixcontent_social`
--

INSERT INTO `craft_matrixcontent_social` (`id`, `elementId`, `locale`, `field_social_socialUrl`, `field_social_icon`, `dateCreated`, `dateUpdated`, `uid`) VALUES
 ('1', '38', 'en_gb', '#', 'facebook', '2016-09-07 15:01:57', '2016-09-07 15:01:57', '8626e506-8c69-4692-b922-aeb8090f218e'),
 ('2', '39', 'en_gb', '#', 'twitter', '2016-09-07 15:01:57', '2016-09-07 15:01:57', 'e98dbc9e-4976-4027-9051-f57f8c578c47'),
 ('3', '40', 'en_gb', '#', 'youtube', '2016-09-07 15:01:57', '2016-09-07 15:01:57', 'cf7f6d80-5737-45a3-96c7-738cda246cc1'),
 ('4', '41', 'en_gb', '#', 'googleplus', '2016-09-07 15:01:57', '2016-09-07 15:01:57', '6d02fd7f-3b0c-4bbe-950c-38b652efe03e'),
 ('5', '42', 'en_gb', '#', 'pinterest', '2016-09-07 15:01:57', '2016-09-07 15:01:57', 'affcfabe-7630-4987-9ba4-175219f8a9a1'),
 ('6', '43', 'en_gb', '#', 'instagram', '2016-09-07 15:01:57', '2016-09-07 15:01:57', '2b894b77-40df-4e0e-8de6-d927c805da92');



DROP TABLE IF EXISTS `craft_matrixcontent_textrepeater`;


--
-- Schema for table `craft_matrixcontent_textrepeater`
--
CREATE TABLE `craft_matrixcontent_textrepeater` (
  `id` int(11) NOT NULL AUTO_INCREMENT,
  `elementId` int(11) NOT NULL,
  `locale` char(12) COLLATE utf8_unicode_ci NOT NULL,
  `field_block_body` text COLLATE utf8_unicode_ci,
  `field_distances_body` text COLLATE utf8_unicode_ci,
  `field_block_button` text COLLATE utf8_unicode_ci,
  `dateCreated` datetime NOT NULL,
  `dateUpdated` datetime NOT NULL,
  `uid` char(36) COLLATE utf8_unicode_ci NOT NULL DEFAULT '0',
  PRIMARY KEY (`id`),
  UNIQUE KEY `craft_matrixcontent_textrepeater_elementId_locale_unq_idx` (`elementId`,`locale`),
  KEY `craft_matrixcontent_textrepeater_locale_fk` (`locale`)
) ENGINE=InnoDB DEFAULT CHARSET=utf8 COLLATE=utf8_unicode_ci;

DROP TABLE IF EXISTS `craft_migrations`;


--
-- Schema for table `craft_migrations`
--
CREATE TABLE `craft_migrations` (
  `id` int(11) NOT NULL AUTO_INCREMENT,
  `pluginId` int(11) DEFAULT NULL,
  `version` varchar(255) COLLATE utf8_unicode_ci NOT NULL,
  `applyTime` datetime NOT NULL,
  `dateCreated` datetime NOT NULL,
  `dateUpdated` datetime NOT NULL,
  `uid` char(36) COLLATE utf8_unicode_ci NOT NULL DEFAULT '0',
  PRIMARY KEY (`id`),
  UNIQUE KEY `craft_migrations_version_unq_idx` (`version`),
  KEY `craft_migrations_pluginId_fk` (`pluginId`)
) ENGINE=InnoDB AUTO_INCREMENT=46 DEFAULT CHARSET=utf8 COLLATE=utf8_unicode_ci;

--
-- Data for table `craft_migrations`
--

INSERT INTO `craft_migrations` (`id`, `pluginId`, `version`, `applyTime`, `dateCreated`, `dateUpdated`, `uid`) VALUES
 ('1', NULL, 'm000000_000000_base', '2016-09-06 16:45:25', '2016-09-06 16:45:25', '2016-09-06 16:45:25', '64da827f-e116-41c3-9c4b-97cb092ce8d8'),
 ('2', NULL, 'm140730_000001_add_filename_and_format_to_transformindex', '2016-09-06 16:45:25', '2016-09-06 16:45:25', '2016-09-06 16:45:25', 'fcb23436-fe0e-4946-b706-e2519eb70350'),
 ('3', NULL, 'm140815_000001_add_format_to_transforms', '2016-09-06 16:45:25', '2016-09-06 16:45:25', '2016-09-06 16:45:25', '8afab35d-79e4-44ae-9de4-d2edfc496187'),
 ('4', NULL, 'm140822_000001_allow_more_than_128_items_per_field', '2016-09-06 16:45:25', '2016-09-06 16:45:25', '2016-09-06 16:45:25', 'c854b320-aa12-4f33-b9b6-72d47e15c0cb'),
 ('5', NULL, 'm140829_000001_single_title_formats', '2016-09-06 16:45:25', '2016-09-06 16:45:25', '2016-09-06 16:45:25', 'eca3cc14-8c33-48e6-b82e-5510ca64d1e7'),
 ('6', NULL, 'm140831_000001_extended_cache_keys', '2016-09-06 16:45:25', '2016-09-06 16:45:25', '2016-09-06 16:45:25', '5cf638a7-d640-46e0-9cd3-4de9d3b0a3fb'),
 ('7', NULL, 'm140922_000001_delete_orphaned_matrix_blocks', '2016-09-06 16:45:25', '2016-09-06 16:45:25', '2016-09-06 16:45:25', '8cede1e6-b27a-40ce-8e19-9e0fed26de84'),
 ('8', NULL, 'm141008_000001_elements_index_tune', '2016-09-06 16:45:25', '2016-09-06 16:45:25', '2016-09-06 16:45:25', '331c4de8-55a2-4b4f-918f-b150c696935b'),
 ('9', NULL, 'm141009_000001_assets_source_handle', '2016-09-06 16:45:25', '2016-09-06 16:45:25', '2016-09-06 16:45:25', '0a1d318a-50e7-4118-b407-55094e871404'),
 ('10', NULL, 'm141024_000001_field_layout_tabs', '2016-09-06 16:45:25', '2016-09-06 16:45:25', '2016-09-06 16:45:25', '36d238ba-3d42-4e55-99c2-2a63857abd85'),
 ('11', NULL, 'm141030_000000_plugin_schema_versions', '2016-09-06 16:45:25', '2016-09-06 16:45:25', '2016-09-06 16:45:25', 'e93bb8d4-c7b3-43e3-8c21-f5b106cb7336'),
 ('12', NULL, 'm141030_000001_drop_structure_move_permission', '2016-09-06 16:45:25', '2016-09-06 16:45:25', '2016-09-06 16:45:25', 'e05a8b1e-e4ee-4754-bc4c-cdc908e418d5'),
 ('13', NULL, 'm141103_000001_tag_titles', '2016-09-06 16:45:25', '2016-09-06 16:45:25', '2016-09-06 16:45:25', '5a9fc383-494f-4da0-b786-4d9cda8e1608'),
 ('14', NULL, 'm141109_000001_user_status_shuffle', '2016-09-06 16:45:25', '2016-09-06 16:45:25', '2016-09-06 16:45:25', '5918a463-dfec-4c9d-9010-1683fdb36cd5'),
 ('15', NULL, 'm141126_000001_user_week_start_day', '2016-09-06 16:45:25', '2016-09-06 16:45:25', '2016-09-06 16:45:25', 'f9cba504-dee8-40ed-98fc-22a214dafea1'),
 ('16', NULL, 'm150210_000001_adjust_user_photo_size', '2016-09-06 16:45:25', '2016-09-06 16:45:25', '2016-09-06 16:45:25', '61a1bf3a-1e2a-4489-831d-1c0ea3fb9c00'),
 ('17', NULL, 'm150724_000001_adjust_quality_settings', '2016-09-06 16:45:25', '2016-09-06 16:45:25', '2016-09-06 16:45:25', '1185409f-ad6e-4ac7-9086-7548242518c1'),
 ('18', NULL, 'm150827_000000_element_index_settings', '2016-09-06 16:45:25', '2016-09-06 16:45:25', '2016-09-06 16:45:25', '99a56756-4d7a-4a6e-9cd8-510e3e65bc59'),
 ('19', NULL, 'm150918_000001_add_colspan_to_widgets', '2016-09-06 16:45:25', '2016-09-06 16:45:25', '2016-09-06 16:45:25', '8a704c37-f7b5-4ecf-935d-537f43ec0971'),
 ('20', NULL, 'm151007_000000_clear_asset_caches', '2016-09-06 16:45:25', '2016-09-06 16:45:25', '2016-09-06 16:45:25', '5a36e2ca-fcf6-4b2c-9f13-d8d832f9682f'),
 ('21', NULL, 'm151109_000000_text_url_formats', '2016-09-06 16:45:25', '2016-09-06 16:45:25', '2016-09-06 16:45:25', 'c3b40389-74a9-4bf1-bba8-28ff83b439d6'),
 ('22', NULL, 'm151110_000000_move_logo', '2016-09-06 16:45:25', '2016-09-06 16:45:25', '2016-09-06 16:45:25', 'd8761fa2-3537-4b5e-9e51-e90c03e95680'),
 ('23', NULL, 'm151117_000000_adjust_image_widthheight', '2016-09-06 16:45:25', '2016-09-06 16:45:25', '2016-09-06 16:45:25', '1ed5373f-aec8-40fa-9bf8-03bf322deb83'),
 ('24', NULL, 'm151127_000000_clear_license_key_status', '2016-09-06 16:45:25', '2016-09-06 16:45:25', '2016-09-06 16:45:25', 'da9a3b41-10db-477d-a22d-76408909aa9f'),
 ('25', NULL, 'm151127_000000_plugin_license_keys', '2016-09-06 16:45:25', '2016-09-06 16:45:25', '2016-09-06 16:45:25', '3292c93e-e9b4-441e-970c-232d1b3acb89'),
 ('26', NULL, 'm151130_000000_update_pt_widget_feeds', '2016-09-06 16:45:25', '2016-09-06 16:45:25', '2016-09-06 16:45:25', 'd4aa56c3-8057-4941-b449-2f2d530afd89'),
 ('27', NULL, 'm160114_000000_asset_sources_public_url_default_true', '2016-09-06 16:45:25', '2016-09-06 16:45:25', '2016-09-06 16:45:25', '9e26ec6a-50bb-4a74-a089-7ebdf4eeeb47'),
 ('28', NULL, 'm160223_000000_sortorder_to_smallint', '2016-09-06 16:45:25', '2016-09-06 16:45:25', '2016-09-06 16:45:25', '76bc02ba-78ab-49fe-8051-6715b0c4c92a'),
 ('29', NULL, 'm160229_000000_set_default_entry_statuses', '2016-09-06 16:45:25', '2016-09-06 16:45:25', '2016-09-06 16:45:25', 'c9d560eb-e4a9-4b55-aaab-f2a92539c2bf'),
 ('30', NULL, 'm160304_000000_client_permissions', '2016-09-06 16:45:25', '2016-09-06 16:45:25', '2016-09-06 16:45:25', 'ce80db80-139e-4ca7-863f-32d4363c715f'),
 ('31', NULL, 'm160322_000000_asset_filesize', '2016-09-06 16:45:25', '2016-09-06 16:45:25', '2016-09-06 16:45:25', 'f8aabba1-3ed6-4a6c-bf76-06d2fbe8876a'),
 ('32', NULL, 'm160503_000000_orphaned_fieldlayouts', '2016-09-06 16:45:25', '2016-09-06 16:45:25', '2016-09-06 16:45:25', 'a15662a2-ee96-4add-a1d8-18da681c8c9e'),
 ('33', NULL, 'm160510_000000_tasksettings', '2016-09-06 16:45:25', '2016-09-06 16:45:25', '2016-09-06 16:45:25', '359be796-3c6c-4d95-a496-bb441a7525c6'),
 ('34', NULL, 'm160829_000000_pending_user_content_cleanup', '2016-09-06 16:45:25', '2016-09-06 16:45:25', '2016-09-06 16:45:25', 'b34e06ee-f8d9-47cb-9387-533ca91cc38a'),
 ('35', NULL, 'm160830_000000_asset_index_uri_increase', '2016-09-06 16:45:25', '2016-09-06 16:45:25', '2016-09-06 16:45:25', 'ebe25fa8-796a-49f9-9889-0693be20fc3e'),
 ('36', '10', 'm150901_144609_superTable_fixForContentTables', '2016-09-07 09:13:30', '2016-09-07 09:13:30', '2016-09-07 09:13:30', '09b2656d-0c07-4377-b0e8-f5df463bfcd4'),
 ('37', '11', 'm160208_010101_FruitLinkIt_UpdateExistingLinkItFields', '2016-09-07 10:25:29', '2016-09-07 10:25:29', '2016-09-07 10:25:29', '9098c548-dffe-4733-b5da-20ceb08b7094'),
 ('38', '12', 'm130715_191457_oauth_addUserMappingField', '2016-09-07 11:15:09', '2016-09-07 11:15:09', '2016-09-07 11:15:09', '5eec8f01-0720-4a62-86cf-db1d964df2b9'),
 ('39', '12', 'm130907_140340_oauth_renameOauth_providersProviderClassToClass', '2016-09-07 11:15:09', '2016-09-07 11:15:09', '2016-09-07 11:15:09', '156d00ed-2d07-4d51-b967-5f4618e336c9'),
 ('40', '12', 'm130912_153247_oauth_createTokenIndexes', '2016-09-07 11:15:09', '2016-09-07 11:15:09', '2016-09-07 11:15:09', '79fbe65b-4dd1-4967-a46f-6908890eea8c'),
 ('41', '12', 'm140417_000003_changeTokenUniqueIndexes', '2016-09-07 11:15:09', '2016-09-07 11:15:09', '2016-09-07 11:15:09', '0fdbd4fc-5645-4243-a613-bfcacc7d2b2b'),
 ('42', '12', 'm140623_130304_oauth_new_tokens_table', '2016-09-07 11:15:09', '2016-09-07 11:15:09', '2016-09-07 11:15:09', '74807430-bb82-496b-be05-f4a2abead65d'),
 ('43', '12', 'm150112_220705_oauth_add_token_columns', '2016-09-07 11:15:09', '2016-09-07 11:15:09', '2016-09-07 11:15:09', '2524e363-8395-4d01-9f5e-3d915c047b9b'),
 ('44', '12', 'm150311_000001_oauth_remove_old_tokens', '2016-09-07 11:15:09', '2016-09-07 11:15:09', '2016-09-07 11:15:09', 'e73bc9a7-5c61-45a2-bd57-c2f5cd235f51'),
 ('45', '14', 'm140516_000000_cpCss_changeSettingsFieldName', '2016-09-13 13:49:06', '2016-09-13 13:49:06', '2016-09-13 13:49:06', 'ce0e00c6-5605-4dfb-abfc-1355e53dc3ea');



DROP TABLE IF EXISTS `craft_oauth_providers`;


--
-- Schema for table `craft_oauth_providers`
--
CREATE TABLE `craft_oauth_providers` (
  `id` int(11) NOT NULL AUTO_INCREMENT,
  `class` varchar(255) COLLATE utf8_unicode_ci NOT NULL,
  `clientId` varchar(255) COLLATE utf8_unicode_ci DEFAULT NULL,
  `clientSecret` varchar(255) COLLATE utf8_unicode_ci DEFAULT NULL,
  `dateCreated` datetime NOT NULL,
  `dateUpdated` datetime NOT NULL,
  `uid` char(36) COLLATE utf8_unicode_ci NOT NULL DEFAULT '0',
  PRIMARY KEY (`id`),
  UNIQUE KEY `craft_oauth_providers_class_unq_idx` (`class`)
) ENGINE=InnoDB AUTO_INCREMENT=2 DEFAULT CHARSET=utf8 COLLATE=utf8_unicode_ci;

--
-- Data for table `craft_oauth_providers`
--

INSERT INTO `craft_oauth_providers` (`id`, `class`, `clientId`, `clientSecret`, `dateCreated`, `dateUpdated`, `uid`) VALUES
 ('1', 'twitter', 'M72Yfa6eiLtvBbk0Ku1UmCzNj', 'mHEvw6qEA7ewyro9Wv6DjTXqy7vgNpHXKLH4HLGLpKmxZ0aAo0', '2016-09-07 12:31:15', '2016-09-07 12:32:41', 'a616d040-531a-46f4-9dfd-4fc0f9adc90b');



DROP TABLE IF EXISTS `craft_oauth_tokens`;


--
-- Schema for table `craft_oauth_tokens`
--
CREATE TABLE `craft_oauth_tokens` (
  `id` int(11) NOT NULL AUTO_INCREMENT,
  `providerHandle` varchar(255) COLLATE utf8_unicode_ci NOT NULL,
  `pluginHandle` varchar(255) COLLATE utf8_unicode_ci NOT NULL,
  `accessToken` varchar(255) COLLATE utf8_unicode_ci DEFAULT NULL,
  `secret` varchar(255) COLLATE utf8_unicode_ci DEFAULT NULL,
  `endOfLife` varchar(255) COLLATE utf8_unicode_ci DEFAULT NULL,
  `refreshToken` varchar(255) COLLATE utf8_unicode_ci DEFAULT NULL,
  `dateCreated` datetime NOT NULL,
  `dateUpdated` datetime NOT NULL,
  `uid` char(36) COLLATE utf8_unicode_ci NOT NULL DEFAULT '0',
  PRIMARY KEY (`id`)
) ENGINE=InnoDB AUTO_INCREMENT=2 DEFAULT CHARSET=utf8 COLLATE=utf8_unicode_ci;

--
-- Data for table `craft_oauth_tokens`
--

INSERT INTO `craft_oauth_tokens` (`id`, `providerHandle`, `pluginHandle`, `accessToken`, `secret`, `endOfLife`, `refreshToken`, `dateCreated`, `dateUpdated`, `uid`) VALUES
 ('1', 'twitter', 'twitter', '221840295-4Mf7wkqfDAmZbl4XOgptWvmhX5i30Je7mfMO2MEz', 'KFxIWRExah7zO5TTpuwyDiNgBYU0l7THRitZqCOiHmFo3', NULL, NULL, '2016-09-07 12:33:00', '2016-09-07 12:33:00', '7c2800e7-6e3a-4c9b-985e-b8b3ae8234c3');



DROP TABLE IF EXISTS `craft_plugins`;


--
-- Schema for table `craft_plugins`
--
CREATE TABLE `craft_plugins` (
  `id` int(11) NOT NULL AUTO_INCREMENT,
  `class` varchar(150) COLLATE utf8_unicode_ci NOT NULL,
  `version` varchar(15) COLLATE utf8_unicode_ci NOT NULL,
  `schemaVersion` varchar(15) COLLATE utf8_unicode_ci DEFAULT NULL,
  `licenseKey` char(24) COLLATE utf8_unicode_ci DEFAULT NULL,
  `licenseKeyStatus` enum('valid','invalid','mismatched','unknown') COLLATE utf8_unicode_ci NOT NULL DEFAULT 'unknown',
  `enabled` tinyint(1) unsigned NOT NULL DEFAULT '0',
  `settings` text COLLATE utf8_unicode_ci,
  `installDate` datetime NOT NULL,
  `dateCreated` datetime NOT NULL,
  `dateUpdated` datetime NOT NULL,
  `uid` char(36) COLLATE utf8_unicode_ci NOT NULL DEFAULT '0',
  PRIMARY KEY (`id`)
) ENGINE=InnoDB AUTO_INCREMENT=15 DEFAULT CHARSET=utf8 COLLATE=utf8_unicode_ci;

--
-- Data for table `craft_plugins`
--

INSERT INTO `craft_plugins` (`id`, `class`, `version`, `schemaVersion`, `licenseKey`, `licenseKeyStatus`, `enabled`, `settings`, `installDate`, `dateCreated`, `dateUpdated`, `uid`) VALUES
 ('1', 'EmbeddedAssets', '0.3.4', '0.0.1', NULL, 'unknown', '1', NULL, '2016-09-06 16:53:15', '2016-09-06 16:53:15', '2016-09-13 22:30:11', 'd8b27288-5130-4c74-b142-81dfafee2a28'),
 ('2', 'Hacksaw', '1.1.2', NULL, NULL, 'unknown', '1', NULL, '2016-09-06 16:53:22', '2016-09-06 16:53:22', '2016-09-13 22:30:11', '9c2f0cc8-17f7-44f7-97d0-1467c5441178'),
 ('3', 'Htmlcache', '1.0.4.1', '1.0.0', NULL, 'unknown', '1', NULL, '2016-09-06 16:53:25', '2016-09-06 16:53:25', '2016-09-13 22:30:11', 'a4be7591-71f3-458a-ae54-d43c23222c5b'),
 ('4', 'Inspector', '1.0', NULL, NULL, 'unknown', '1', NULL, '2016-09-06 16:53:32', '2016-09-06 16:53:32', '2016-09-13 22:30:11', '1e56831c-526e-43a8-9f87-5857f096fae0'),
 ('5', 'QuickField', '0.3.4', '1.0.0', NULL, 'unknown', '1', NULL, '2016-09-06 16:53:45', '2016-09-06 16:53:45', '2016-09-13 22:30:11', '958bc0bb-8b67-4dd0-ba44-253b9574334f'),
 ('6', 'RedactorInlineStyles', '2.1.2', '2.0.2', NULL, 'unknown', '1', NULL, '2016-09-06 16:53:47', '2016-09-06 16:53:47', '2016-09-13 22:30:11', '566b1e01-6cc8-4a01-8466-4f7177f2dad0'),
 ('7', 'Sitemap', 'v1.0.0-alpha.4', NULL, NULL, 'unknown', '1', NULL, '2016-09-06 16:53:50', '2016-09-06 16:53:50', '2016-09-13 22:30:11', 'b5141664-7dc1-4b2d-b049-9a82b98a98ab'),
 ('8', 'TableMaker', '1.0', NULL, NULL, 'unknown', '1', NULL, '2016-09-06 16:53:57', '2016-09-06 16:53:57', '2016-09-13 22:30:11', 'b73c8f8e-e80c-425e-a2a2-170d342aae5d'),
 ('9', 'TaskManager', '0.3.0', NULL, NULL, 'unknown', '1', NULL, '2016-09-06 16:54:00', '2016-09-06 16:54:00', '2016-09-13 22:30:11', '37ea8dc3-a122-4a94-b949-7a1b722f93d7'),
 ('10', 'SuperTable', '1.0.1', '1.0.0', NULL, 'unknown', '1', NULL, '2016-09-07 09:13:30', '2016-09-07 09:13:30', '2016-09-13 22:30:11', '74905a60-9058-4471-9842-a1460e0ef15d'),
 ('11', 'FruitLinkIt', '2.3.4', '2.3.0', NULL, 'unknown', '1', NULL, '2016-09-07 10:25:29', '2016-09-07 10:25:29', '2016-09-13 22:30:11', 'bcba315c-0af1-470f-8789-ac9726ff5033'),
 ('12', 'Oauth', '2.0.0', '1.0.0', NULL, 'unknown', '1', NULL, '2016-09-07 11:15:09', '2016-09-07 11:15:09', '2016-09-13 22:30:11', 'ad4c642b-455a-40e2-8534-de59f8b62a35'),
 ('13', 'Twitter', '1.0.32', NULL, NULL, 'unknown', '1', '{\"tokenId\":\"1\"}', '2016-09-07 11:15:18', '2016-09-07 11:15:18', '2016-09-13 22:30:11', 'ae5c3080-d7ba-4c8a-96dc-1665065c654e'),
 ('14', 'CpCss', '1.1.1', '1.1.0', NULL, 'unknown', '1', '{\"cssFile\":\"\",\"additionalCss\":\"@font-face {\\r\\n    font-family: \'croxely_sailecstencil\';\\r\\n    src: url(\'\\/_assets\\/fonts\\/croxelysailec-stencil-webfont.woff2\') format(\'woff2\'),\\r\\n         url(\'\\/_assets\\/fonts\\/croxelysailec-stencil-webfont.woff\') format(\'woff\');\\r\\n    font-weight: normal;\\r\\n    font-style: normal;\\r\\n}\\r\\n\\r\\n\\r\\n@font-face {\\r\\n    font-family: \'sailecbold\';\\r\\n    src: url(\'\\/_assets\\/fonts\\/sailec_bold-webfont.woff2\') format(\'woff2\'),\\r\\n         url(\'\\/_assets\\/fonts\\/sailec_bold-webfont.woff\') format(\'woff\');\\r\\n    font-weight: normal;\\r\\n    font-style: normal;\\r\\n\\r\\n}\\r\\n\\r\\n@font-face {\\r\\n    font-family: \'sailecregular\';\\r\\n    src: url(\'\\/_assets\\/fonts\\/sailec_regular-webfont.woff2\') format(\'woff2\'),\\r\\n         url(\'\\/_assets\\/fonts\\/sailec_regular-webfont.woff\') format(\'woff\');\\r\\n    font-weight: normal;\\r\\n    font-style: normal;\\r\\n}\\r\\n\\r\\n\\r\\n.redactor-editor {\\r\\n    \\r\\n    h1,h2,h3 {\\r\\n    \\tfont-family: \'sailecbold\';\\r\\n\\t}\\r\\n    \\r\\n    h4,h5,h6,p,ul {\\r\\n    \\tfont-family: \'sailecregular\';\\r\\n\\t}\\r\\n}\\r\\n\\r\\n\\r\\n.t-brand {\\r\\n    font-family: \'croxely_sailecstencil\' !important;\\r\\n}\\r\\n\\r\\n.intro__heading--red {\\r\\n  color: #fa5a37 !important;\\r\\n}\\r\\n\\r\\n.intro__heading--green {\\r\\n  color: #00a75a !important;\\r\\n}\\r\\n\\r\\n.intro__heading--light {\\r\\n  color: #6e6e6e !important;\\r\\n}\\r\\n\\r\\n.intro__heading--dark {\\r\\n  color: #000 !important;\\r\\n}\\r\\n\\r\\n.intro__heading--blue {\\r\\n  color: #1fbdc8 !important;\\r\\n}\\r\\n\"}', '2016-09-13 13:49:06', '2016-09-13 13:49:06', '2016-09-13 22:30:11', 'f262bc03-0af7-4931-b783-3a727e670bbd');



DROP TABLE IF EXISTS `craft_rackspaceaccess`;


--
-- Schema for table `craft_rackspaceaccess`
--
CREATE TABLE `craft_rackspaceaccess` (
  `id` int(11) NOT NULL AUTO_INCREMENT,
  `connectionKey` varchar(255) COLLATE utf8_unicode_ci NOT NULL,
  `token` varchar(255) COLLATE utf8_unicode_ci NOT NULL,
  `storageUrl` varchar(255) COLLATE utf8_unicode_ci NOT NULL,
  `cdnUrl` varchar(255) COLLATE utf8_unicode_ci NOT NULL,
  `dateCreated` datetime NOT NULL,
  `dateUpdated` datetime NOT NULL,
  `uid` char(36) COLLATE utf8_unicode_ci NOT NULL DEFAULT '0',
  PRIMARY KEY (`id`),
  UNIQUE KEY `craft_rackspaceaccess_connectionKey_unq_idx` (`connectionKey`)
) ENGINE=InnoDB DEFAULT CHARSET=utf8 COLLATE=utf8_unicode_ci;

DROP TABLE IF EXISTS `craft_relations`;


--
-- Schema for table `craft_relations`
--
CREATE TABLE `craft_relations` (
  `id` int(11) NOT NULL AUTO_INCREMENT,
  `fieldId` int(11) NOT NULL,
  `sourceId` int(11) NOT NULL,
  `sourceLocale` char(12) COLLATE utf8_unicode_ci DEFAULT NULL,
  `targetId` int(11) NOT NULL,
  `sortOrder` smallint(6) DEFAULT NULL,
  `dateCreated` datetime NOT NULL,
  `dateUpdated` datetime NOT NULL,
  `uid` char(36) COLLATE utf8_unicode_ci NOT NULL DEFAULT '0',
  PRIMARY KEY (`id`),
  UNIQUE KEY `craft_relations_fieldId_sourceId_sourceLocale_targetId_unq_idx` (`fieldId`,`sourceId`,`sourceLocale`,`targetId`),
  KEY `craft_relations_sourceId_fk` (`sourceId`),
  KEY `craft_relations_sourceLocale_fk` (`sourceLocale`),
  KEY `craft_relations_targetId_fk` (`targetId`)
) ENGINE=InnoDB AUTO_INCREMENT=150 DEFAULT CHARSET=utf8 COLLATE=utf8_unicode_ci;

--
-- Data for table `craft_relations`
--

INSERT INTO `craft_relations` (`id`, `fieldId`, `sourceId`, `sourceLocale`, `targetId`, `sortOrder`, `dateCreated`, `dateUpdated`, `uid`) VALUES
 ('1', '6', '24', NULL, '59', '1', '2016-09-09 10:43:25', '2016-09-09 10:43:25', '40c97782-8575-41d3-8a5e-08856165e9c2'),
 ('2', '48', '24', NULL, '58', '1', '2016-09-09 10:43:25', '2016-09-09 10:43:25', 'd64b18ec-6e03-43e1-8509-854c99d70403'),
 ('15', '53', '71', NULL, '69', '1', '2016-09-09 15:39:37', '2016-09-09 15:39:37', '3f58e13e-867c-4a17-88b3-649c37b27a93'),
 ('16', '44', '63', NULL, '62', '1', '2016-09-09 15:39:37', '2016-09-09 15:39:37', 'f0290e00-1ffa-4869-9e22-63dbcde183dd'),
 ('17', '44', '64', NULL, '62', '1', '2016-09-09 15:39:37', '2016-09-09 15:39:37', '4a76cecd-e546-41f1-b590-bca26566b1e9'),
 ('18', '44', '65', NULL, '62', '1', '2016-09-09 15:39:37', '2016-09-09 15:39:37', 'ba8c7703-ce7b-4d88-816f-aac91a2d4e95'),
 ('19', '37', '67', NULL, '66', '1', '2016-09-09 15:39:37', '2016-09-09 15:39:37', '902f6277-ff59-4bbf-a0f6-aa66388d305d'),
 ('20', '59', '76', NULL, '74', '1', '2016-09-12 14:16:53', '2016-09-12 14:16:53', '08f537c2-ef36-4cbe-8963-56a631a6666b'),
 ('21', '6', '76', NULL, '54', '1', '2016-09-12 14:16:53', '2016-09-12 14:16:53', '4a43b529-1384-4d37-81fa-5bfcc862b5cd'),
 ('24', '59', '77', NULL, '75', '1', '2016-09-12 14:17:28', '2016-09-12 14:17:28', '66cb3d59-8423-4d42-9252-6c33948c07f1'),
 ('25', '6', '77', NULL, '54', '1', '2016-09-12 14:17:28', '2016-09-12 14:17:28', 'ba910f2c-9051-405a-ab7d-17e50ac76638'),
 ('27', '6', '78', NULL, '55', '1', '2016-09-12 14:22:36', '2016-09-12 14:22:36', '0c210a58-0962-449a-adec-23284e1e9696'),
 ('34', '6', '7', NULL, '72', '1', '2016-09-12 15:06:24', '2016-09-12 15:06:24', '4c3e47e4-95e9-4652-94d2-afa80e3eef71'),
 ('35', '7', '10', NULL, '82', '1', '2016-09-12 15:33:40', '2016-09-12 15:33:40', '22103e87-e14d-490c-bec0-fdbf103117d9'),
 ('36', '7', '10', NULL, '91', '2', '2016-09-12 15:33:40', '2016-09-12 15:33:40', '8cadb394-3a30-416e-a19c-2c1613e12277'),
 ('37', '7', '10', NULL, '83', '3', '2016-09-12 15:33:40', '2016-09-12 15:33:40', '2287746d-769f-447a-87e5-2a2a809f08dd'),
 ('38', '7', '10', NULL, '84', '4', '2016-09-12 15:33:40', '2016-09-12 15:33:40', '9ec6bdfc-a736-47d3-9801-691050f43a11'),
 ('39', '7', '10', NULL, '85', '5', '2016-09-12 15:33:40', '2016-09-12 15:33:40', 'db82f54c-d63a-4a35-bb4f-52d929e03d2d'),
 ('40', '7', '10', NULL, '86', '6', '2016-09-12 15:33:40', '2016-09-12 15:33:40', '851f6bcd-2f55-4d3c-8a22-27bae6c8364c'),
 ('41', '7', '10', NULL, '87', '7', '2016-09-12 15:33:40', '2016-09-12 15:33:40', 'cee95e8a-c81f-4916-85fd-a875bf08d4f2'),
 ('42', '7', '10', NULL, '88', '8', '2016-09-12 15:33:40', '2016-09-12 15:33:40', 'd59bce5d-3757-4eaa-837e-5c2006ef77ad'),
 ('43', '7', '10', NULL, '89', '9', '2016-09-12 15:33:40', '2016-09-12 15:33:40', '982deca0-ec44-44a9-8533-3e1fab4d059f'),
 ('44', '7', '10', NULL, '90', '10', '2016-09-12 15:33:40', '2016-09-12 15:33:40', '15d06794-79c8-4d20-8494-d4128cb4c408'),
 ('45', '6', '69', NULL, '70', '1', '2016-09-12 15:52:11', '2016-09-12 15:52:11', '0570cd77-03a1-49ad-9307-cc0db7e111c1'),
 ('48', '6', '118', NULL, '108', '1', '2016-09-12 16:03:01', '2016-09-12 16:03:01', 'c2d410f0-d5fc-4a1a-a36e-9cd584cb9cb0'),
 ('49', '6', '119', NULL, '98', '1', '2016-09-12 16:04:43', '2016-09-12 16:04:43', '90c16dc0-7896-4fef-b822-fe57ace64af7'),
 ('51', '6', '120', NULL, '95', '1', '2016-09-12 16:05:25', '2016-09-12 16:05:25', 'ac1d13dd-b8a4-4d6c-898d-740b3ad75fd2'),
 ('52', '6', '121', NULL, '102', '1', '2016-09-12 16:05:44', '2016-09-12 16:05:44', '337f125b-ace5-493f-baf3-bfb4a02983af'),
 ('58', '6', '117', NULL, '103', '1', '2016-09-12 16:07:43', '2016-09-12 16:07:43', '38e284ae-7d80-4ea2-baa5-dd43a9fbbd39'),
 ('90', '53', '92', NULL, '69', '1', '2016-09-13 14:10:33', '2016-09-13 14:10:33', '2fb58833-2fc8-4d6b-9519-c17be3e39042'),
 ('91', '62', '16', NULL, '117', '1', '2016-09-13 14:10:33', '2016-09-13 14:10:33', '57389e85-8c40-4b17-8412-e143e1c167f5'),
 ('92', '62', '16', NULL, '118', '2', '2016-09-13 14:10:33', '2016-09-13 14:10:33', 'c3c79479-d7c3-4676-b3e5-419fb24733fd'),
 ('93', '62', '16', NULL, '119', '3', '2016-09-13 14:10:33', '2016-09-13 14:10:33', '131266d5-b197-4a47-b2f5-37d36e9cf0c3'),
 ('94', '62', '16', NULL, '120', '4', '2016-09-13 14:10:33', '2016-09-13 14:10:33', '334b8c85-7bbc-4fe1-be74-9f3a3c7e23a0'),
 ('95', '62', '16', NULL, '121', '5', '2016-09-13 14:10:33', '2016-09-13 14:10:33', 'bf1ce661-14ec-4b82-93da-14289764746c'),
 ('96', '53', '122', NULL, '69', '1', '2016-09-13 16:00:28', '2016-09-13 16:00:28', '59aa0ac7-3745-47e6-8def-be1d83e3b3fc'),
 ('107', '53', '80', NULL, '69', '1', '2016-09-13 16:18:38', '2016-09-13 16:18:38', '23fb5da3-db03-49df-9d0e-5235f27bcb28'),
 ('108', '62', '2', NULL, '20', '1', '2016-09-13 16:18:38', '2016-09-13 16:18:38', 'd020178a-3fde-4859-91bd-23f8f2ccff4c'),
 ('109', '62', '2', NULL, '31', '2', '2016-09-13 16:18:38', '2016-09-13 16:18:38', '880c8fb7-e5b1-45f5-8e7d-b431d6d985dd'),
 ('110', '62', '2', NULL, '16', '3', '2016-09-13 16:18:38', '2016-09-13 16:18:38', '92a23118-87cf-46df-af4c-70629badf05b'),
 ('111', '62', '2', NULL, '17', '4', '2016-09-13 16:18:38', '2016-09-13 16:18:38', 'e4583cf0-a1c8-4560-baa5-3ce01aecd383'),
 ('112', '6', '6', NULL, '72', '1', '2016-09-13 16:19:31', '2016-09-13 16:19:31', '4d75f801-6421-458e-9f25-941d715a2e48'),
 ('117', '6', '125', NULL, '54', '1', '2016-09-13 16:20:13', '2016-09-13 16:20:13', '25bf656f-8607-4728-a463-c78254af8d2b'),
 ('118', '6', '126', NULL, '54', '1', '2016-09-13 16:20:31', '2016-09-13 16:20:31', 'e6236139-36a2-4590-a1ed-9b97f93b3afb'),
 ('119', '59', '128', NULL, '74', '1', '2016-09-13 16:21:34', '2016-09-13 16:21:34', 'f1f36a27-54fb-4acd-98ff-2985b6a994ed'),
 ('120', '6', '128', NULL, '54', '1', '2016-09-13 16:21:34', '2016-09-13 16:21:34', '26872027-0435-4e39-9fa5-ce41311c2000'),
 ('121', '59', '129', NULL, '74', '1', '2016-09-13 16:21:43', '2016-09-13 16:21:43', 'ce03952f-4199-4994-82e0-f7d85ada0797'),
 ('122', '6', '129', NULL, '54', '1', '2016-09-13 16:21:43', '2016-09-13 16:21:43', '78cec99d-778f-4596-a8ad-76556392150c'),
 ('123', '6', '130', NULL, '54', '1', '2016-09-13 16:21:58', '2016-09-13 16:21:58', '5f5e8d06-54d4-40c4-8923-84a99f0f8ff2'),
 ('124', '6', '131', NULL, '54', '1', '2016-09-13 16:22:25', '2016-09-13 16:22:25', 'd972c6f1-f78c-4a87-800f-69ee80895bf3'),
 ('125', '6', '132', NULL, '54', '1', '2016-09-13 16:22:34', '2016-09-13 16:22:34', '51205492-f7d1-4bb5-be69-3f827184bc4c'),
 ('126', '6', '133', NULL, '54', '1', '2016-09-13 16:22:45', '2016-09-13 16:22:45', '4cb01ad8-1d71-4cb6-ad90-df511a01d979'),
 ('127', '6', '134', NULL, '54', '1', '2016-09-13 16:23:13', '2016-09-13 16:23:13', '49c42394-d533-42db-b986-650d8e0938f1'),
 ('128', '6', '135', NULL, '54', '1', '2016-09-13 16:24:00', '2016-09-13 16:24:00', '9afbde6f-5778-40a2-8953-b6699d2aa81d'),
 ('129', '6', '136', NULL, '55', '1', '2016-09-13 16:31:02', '2016-09-13 16:31:02', 'd3f8dac0-4bef-43a2-92fd-84cc3729d13e'),
 ('130', '6', '137', NULL, '55', '1', '2016-09-13 16:31:13', '2016-09-13 16:31:13', '28e04cbf-563c-46bb-bf27-c13e73a9d4f9'),
 ('131', '6', '138', NULL, '55', '1', '2016-09-13 16:31:29', '2016-09-13 16:31:29', '6621c160-6850-467b-b3ae-ae593c7ccb89'),
 ('132', '6', '139', NULL, '55', '1', '2016-09-13 16:31:39', '2016-09-13 16:31:39', '641559e1-fd0b-4966-b7ff-7260b9b8458a'),
 ('133', '6', '140', NULL, '55', '1', '2016-09-13 16:31:51', '2016-09-13 16:31:51', 'ee1af2f0-d752-42fb-8365-e3f815e05d02'),
 ('134', '6', '141', NULL, '55', '1', '2016-09-13 16:32:01', '2016-09-13 16:32:01', 'fb27b4e7-3498-451d-832c-f285865dec18'),
 ('136', '37', '149', NULL, '147', '1', '2016-09-13 16:51:54', '2016-09-13 16:51:54', '0ba55632-a282-4de6-b77a-af260702968e'),
 ('137', '37', '153', NULL, '151', '1', '2016-09-13 16:53:13', '2016-09-13 16:53:13', '2180c53a-64d3-43b1-a381-af2325025c71'),
 ('138', '75', '162', NULL, '143', '1', '2016-09-13 16:56:27', '2016-09-13 16:56:27', 'd8d2095c-fa0d-4065-84dd-b338b9a0accb'),
 ('139', '75', '162', NULL, '148', '2', '2016-09-13 16:56:27', '2016-09-13 16:56:27', '50c73f0b-f65d-45f4-baba-05bb004557b8'),
 ('140', '75', '162', NULL, '152', '3', '2016-09-13 16:56:27', '2016-09-13 16:56:27', '8c15bacf-59ed-484c-882f-80bd897db9cb'),
 ('141', '75', '163', NULL, '156', '1', '2016-09-13 16:56:27', '2016-09-13 16:56:27', '3315a0a5-c716-4c68-8758-1b595af69f56'),
 ('142', '75', '163', NULL, '159', '2', '2016-09-13 16:56:27', '2016-09-13 16:56:27', 'e6de5773-6609-4a76-bada-6dca35415f27'),
 ('146', '75', '164', NULL, '143', '1', '2016-09-13 22:37:29', '2016-09-13 22:37:29', '9ed852a8-f88c-4493-9fa7-2f3e86cd3ef4'),
 ('147', '75', '164', NULL, '152', '2', '2016-09-13 22:37:29', '2016-09-13 22:37:29', 'f6f41ee6-f922-4c6c-8fac-dd7cc78c61e4'),
 ('148', '75', '164', NULL, '148', '3', '2016-09-13 22:37:29', '2016-09-13 22:37:29', 'f9bda9a4-2001-4ddf-9226-c345580a4a71'),
 ('149', '37', '144', NULL, '66', '1', '2016-09-13 22:55:00', '2016-09-13 22:55:00', 'c4a57ac6-882d-4682-928f-75d12759b851');



DROP TABLE IF EXISTS `craft_routes`;


--
-- Schema for table `craft_routes`
--
CREATE TABLE `craft_routes` (
  `id` int(11) NOT NULL AUTO_INCREMENT,
  `locale` char(12) COLLATE utf8_unicode_ci DEFAULT NULL,
  `urlParts` varchar(255) COLLATE utf8_unicode_ci NOT NULL,
  `urlPattern` varchar(255) COLLATE utf8_unicode_ci NOT NULL,
  `template` varchar(255) COLLATE utf8_unicode_ci NOT NULL,
  `sortOrder` smallint(6) unsigned DEFAULT NULL,
  `dateCreated` datetime NOT NULL,
  `dateUpdated` datetime NOT NULL,
  `uid` char(36) COLLATE utf8_unicode_ci NOT NULL DEFAULT '0',
  PRIMARY KEY (`id`),
  UNIQUE KEY `craft_routes_urlPattern_unq_idx` (`urlPattern`),
  KEY `craft_routes_locale_idx` (`locale`)
) ENGINE=InnoDB DEFAULT CHARSET=utf8 COLLATE=utf8_unicode_ci;

DROP TABLE IF EXISTS `craft_searchindex`;


--
-- Schema for table `craft_searchindex`
--
CREATE TABLE `craft_searchindex` (
  `elementId` int(11) NOT NULL,
  `attribute` varchar(25) COLLATE utf8_unicode_ci NOT NULL,
  `fieldId` int(11) NOT NULL,
  `locale` char(12) COLLATE utf8_unicode_ci NOT NULL,
  `keywords` text COLLATE utf8_unicode_ci NOT NULL,
  PRIMARY KEY (`elementId`,`attribute`,`fieldId`,`locale`),
  FULLTEXT KEY `craft_searchindex_keywords_idx` (`keywords`)
) ENGINE=MyISAM DEFAULT CHARSET=utf8 COLLATE=utf8_unicode_ci;

--
-- Data for table `craft_searchindex`
--

INSERT INTO `craft_searchindex` (`elementId`, `attribute`, `fieldId`, `locale`, `keywords`) VALUES
 ('1', 'username', '0', 'en_gb', ' admin '),
 ('1', 'firstname', '0', 'en_gb', ''),
 ('1', 'lastname', '0', 'en_gb', ''),
 ('1', 'fullname', '0', 'en_gb', ''),
 ('1', 'email', '0', 'en_gb', ' leon ournameismud co uk '),
 ('1', 'slug', '0', 'en_gb', ''),
 ('2', 'slug', '0', 'en_gb', ' homepage '),
 ('2', 'title', '0', 'en_gb', ' welcome to local croxleypark com '),
 ('2', 'field', '1', 'en_gb', ' it s true this site doesn t have a whole lot of content yet but don t worry our web developers have just installed the cms and they re setting things up for the content editors this very moment soon local croxleypark com will be an oasis of fresh perspectives sharp analyses and astute opinions that will keep you coming back again and again '),
 ('8', 'slug', '0', 'en_gb', ''),
 ('9', 'field', '20', 'en_gb', ' bray fox smith paulqsmith brayfoxsmith com paul smith 020 7629 5572 heathersmith brayfoxsmith com heather smith 020 3362 4350 custom http www brayfoxsmith com www brayfoxsmith com _blank cbre matt willcock cbre com matt willcock 020 7182 2491 custom http www cbre com www cbre com _blank stimpsons pmf stimpsons co uk paul felton 01923 60402 custom http stimpsons co uk stimpsons co uk _blank '),
 ('9', 'slug', '0', 'en_gb', ''),
 ('10', 'field', '7', 'en_gb', ' client logo 1 client logo 10 client logo 2 client logo 3 client logo 4 client logo 5 client logo 6 client logo 7 client logo 8 client logo 9 '),
 ('10', 'slug', '0', 'en_gb', ''),
 ('11', 'field', '28', 'en_gb', ' var test = bla bla bla '),
 ('11', 'slug', '0', 'en_gb', ''),
 ('12', 'field', '28', 'en_gb', ''),
 ('12', 'slug', '0', 'en_gb', ''),
 ('13', 'slug', '0', 'en_gb', ' the park '),
 ('13', 'title', '0', 'en_gb', ' the park '),
 ('8', 'field', '19', 'en_gb', ' facebook '),
 ('8', 'field', '18', 'en_gb', ''),
 ('4', 'field', '3', 'en_gb', ''),
 ('4', 'slug', '0', 'en_gb', ''),
 ('5', 'field', '4', 'en_gb', ''),
 ('5', 'field', '5', 'en_gb', ''),
 ('5', 'slug', '0', 'en_gb', ''),
 ('6', 'field', '6', 'en_gb', ' event 1 '),
 ('6', 'slug', '0', 'en_gb', ''),
 ('7', 'field', '6', 'en_gb', ' event 1 '),
 ('7', 'slug', '0', 'en_gb', ''),
 ('14', 'slug', '0', 'en_gb', ' availability '),
 ('14', 'title', '0', 'en_gb', ' availability '),
 ('15', 'slug', '0', 'en_gb', ' location '),
 ('15', 'title', '0', 'en_gb', ' location '),
 ('16', 'slug', '0', 'en_gb', ' amenities '),
 ('16', 'title', '0', 'en_gb', ' amenities '),
 ('17', 'slug', '0', 'en_gb', ' events '),
 ('17', 'title', '0', 'en_gb', ' events '),
 ('18', 'slug', '0', 'en_gb', ' news '),
 ('18', 'title', '0', 'en_gb', ' news '),
 ('19', 'slug', '0', 'en_gb', ' contact '),
 ('19', 'title', '0', 'en_gb', ' contact '),
 ('20', 'slug', '0', 'en_gb', ' overview '),
 ('20', 'title', '0', 'en_gb', ' overview '),
 ('21', 'slug', '0', 'en_gb', ' environment '),
 ('21', 'title', '0', 'en_gb', ' environment '),
 ('22', 'slug', '0', 'en_gb', ' management '),
 ('22', 'title', '0', 'en_gb', ' management '),
 ('23', 'slug', '0', 'en_gb', ' overview '),
 ('23', 'title', '0', 'en_gb', ' overview '),
 ('24', 'slug', '0', 'en_gb', ' building 1 '),
 ('24', 'title', '0', 'en_gb', ' building 1 '),
 ('25', 'slug', '0', 'en_gb', ' building 2 '),
 ('25', 'title', '0', 'en_gb', ' building 2 '),
 ('26', 'slug', '0', 'en_gb', ' building 3 '),
 ('26', 'title', '0', 'en_gb', ' building 3 '),
 ('27', 'slug', '0', 'en_gb', ' building 4 '),
 ('27', 'title', '0', 'en_gb', ' building 4 '),
 ('28', 'slug', '0', 'en_gb', ' building 5 '),
 ('28', 'title', '0', 'en_gb', ' building 5 '),
 ('29', 'slug', '0', 'en_gb', ' building 6 '),
 ('29', 'title', '0', 'en_gb', ' building 6 '),
 ('30', 'slug', '0', 'en_gb', ' building 7 '),
 ('30', 'title', '0', 'en_gb', ' building 7 '),
 ('31', 'slug', '0', 'en_gb', ' connections '),
 ('31', 'title', '0', 'en_gb', ' connections '),
 ('32', 'slug', '0', 'en_gb', ' local area '),
 ('32', 'title', '0', 'en_gb', ' local area '),
 ('33', 'slug', '0', 'en_gb', ' download brochure '),
 ('33', 'title', '0', 'en_gb', ' download brochure '),
 ('34', 'slug', '0', 'en_gb', ' legal '),
 ('34', 'title', '0', 'en_gb', ' legal '),
 ('35', 'slug', '0', 'en_gb', ' cookies '),
 ('35', 'title', '0', 'en_gb', ' cookies '),
 ('36', 'slug', '0', 'en_gb', ' terms conditions '),
 ('36', 'title', '0', 'en_gb', ' terms conditions '),
 ('37', 'slug', '0', 'en_gb', ' site map '),
 ('37', 'title', '0', 'en_gb', ' site map '),
 ('8', 'field', '29', 'en_gb', ' facebook twitter youtube googleplus pinterest instagram '),
 ('38', 'field', '30', 'en_gb', ''),
 ('38', 'field', '31', 'en_gb', ' facebook '),
 ('38', 'slug', '0', 'en_gb', ''),
 ('39', 'field', '30', 'en_gb', ''),
 ('39', 'field', '31', 'en_gb', ' twitter '),
 ('39', 'slug', '0', 'en_gb', ''),
 ('40', 'field', '30', 'en_gb', ''),
 ('40', 'field', '31', 'en_gb', ' youtube '),
 ('40', 'slug', '0', 'en_gb', ''),
 ('41', 'field', '30', 'en_gb', ''),
 ('41', 'field', '31', 'en_gb', ' googleplus '),
 ('41', 'slug', '0', 'en_gb', ''),
 ('42', 'field', '30', 'en_gb', ''),
 ('42', 'field', '31', 'en_gb', ' pinterest '),
 ('42', 'slug', '0', 'en_gb', ''),
 ('43', 'field', '30', 'en_gb', ''),
 ('43', 'field', '31', 'en_gb', ' instagram '),
 ('43', 'slug', '0', 'en_gb', ''),
 ('44', 'field', '3', 'en_gb', ' croxleypark watford wd18 8yr '),
 ('44', 'slug', '0', 'en_gb', '');
INSERT INTO `craft_searchindex` (`elementId`, `attribute`, `fieldId`, `locale`, `keywords`) VALUES
 ('45', 'field', '21', 'en_gb', ' bray fox smith '),
 ('45', 'field', '22', 'en_gb', ' custom http www brayfoxsmith com www brayfoxsmith com _blank '),
 ('45', 'field', '23', 'en_gb', ' paulqsmith brayfoxsmith com paul smith 020 7629 5572 heathersmith brayfoxsmith com heather smith 020 3362 4350 '),
 ('45', 'slug', '0', 'en_gb', ''),
 ('46', 'field', '24', 'en_gb', ' paul smith '),
 ('46', 'field', '25', 'en_gb', ' paulqsmith brayfoxsmith com '),
 ('46', 'field', '26', 'en_gb', ' 020 7629 5572 '),
 ('46', 'field', '27', 'en_gb', ''),
 ('46', 'slug', '0', 'en_gb', ''),
 ('47', 'field', '24', 'en_gb', ' heather smith '),
 ('47', 'field', '25', 'en_gb', ' heathersmith brayfoxsmith com '),
 ('47', 'field', '26', 'en_gb', ' 020 3362 4350 '),
 ('47', 'field', '27', 'en_gb', ''),
 ('47', 'slug', '0', 'en_gb', ''),
 ('48', 'field', '21', 'en_gb', ' cbre '),
 ('48', 'field', '22', 'en_gb', ' custom http www cbre com www cbre com _blank '),
 ('48', 'field', '23', 'en_gb', ' matt willcock cbre com matt willcock 020 7182 2491 '),
 ('48', 'slug', '0', 'en_gb', ''),
 ('49', 'field', '24', 'en_gb', ' matt willcock '),
 ('49', 'field', '25', 'en_gb', ''),
 ('49', 'field', '26', 'en_gb', ' 020 7182 2491 '),
 ('49', 'field', '27', 'en_gb', ' matt willcock cbre com '),
 ('49', 'slug', '0', 'en_gb', ''),
 ('50', 'field', '21', 'en_gb', ' stimpsons '),
 ('50', 'field', '22', 'en_gb', ' custom http stimpsons co uk stimpsons co uk _blank '),
 ('50', 'field', '23', 'en_gb', ' pmf stimpsons co uk paul felton 01923 60402 '),
 ('50', 'slug', '0', 'en_gb', ''),
 ('51', 'field', '24', 'en_gb', ' paul felton '),
 ('51', 'field', '25', 'en_gb', ' pmf stimpsons co uk '),
 ('51', 'field', '26', 'en_gb', ' 01923 60402 '),
 ('51', 'field', '27', 'en_gb', ''),
 ('51', 'slug', '0', 'en_gb', ''),
 ('54', 'slug', '0', 'en_gb', ' 38 a2288 '),
 ('54', 'title', '0', 'en_gb', ' 38 a2288 '),
 ('54', 'kind', '0', 'en_gb', ' image '),
 ('54', 'extension', '0', 'en_gb', ' jpg '),
 ('54', 'filename', '0', 'en_gb', ' 38a2288 jpg '),
 ('54', 'field', '3', 'en_gb', ''),
 ('54', 'field', '7', 'en_gb', ''),
 ('55', 'field', '7', 'en_gb', ''),
 ('55', 'field', '3', 'en_gb', ''),
 ('55', 'filename', '0', 'en_gb', ' 38a2312 jpg '),
 ('55', 'extension', '0', 'en_gb', ' jpg '),
 ('55', 'kind', '0', 'en_gb', ' image '),
 ('55', 'slug', '0', 'en_gb', ' 38 a2312 '),
 ('55', 'title', '0', 'en_gb', ' 38 a2312 '),
 ('56', 'field', '7', 'en_gb', ''),
 ('56', 'field', '3', 'en_gb', ''),
 ('56', 'filename', '0', 'en_gb', ' 38a2325 jpg '),
 ('56', 'extension', '0', 'en_gb', ' jpg '),
 ('56', 'kind', '0', 'en_gb', ' image '),
 ('56', 'slug', '0', 'en_gb', ' 38 a2325 '),
 ('56', 'title', '0', 'en_gb', ' 38 a2325 '),
 ('57', 'slug', '0', 'en_gb', ' office space '),
 ('57', 'title', '0', 'en_gb', ' office space '),
 ('58', 'slug', '0', 'en_gb', ' business space '),
 ('58', 'title', '0', 'en_gb', ' business space '),
 ('2', 'field', '5', 'en_gb', ''),
 ('2', 'field', '4', 'en_gb', ''),
 ('24', 'field', '6', 'en_gb', ' building 1 preview image '),
 ('24', 'field', '48', 'en_gb', ' business space '),
 ('24', 'field', '45', 'en_gb', ' 0 '),
 ('24', 'field', '46', 'en_gb', ' 60 000 sq ft coming soon '),
 ('24', 'field', '47', 'en_gb', ' tem vidi dolor a sinciis et essi doluptasi cusae volut aut as sum quatiat autecaectios atios num eosanie nihilic tem et officimus ma verum con rem sunt poritas modi  '),
 ('24', 'field', '1', 'en_gb', ''),
 ('24', 'field', '7', 'en_gb', ''),
 ('24', 'field', '39', 'en_gb', ''),
 ('24', 'field', '16', 'en_gb', ''),
 ('24', 'field', '5', 'en_gb', ''),
 ('24', 'field', '4', 'en_gb', ''),
 ('54', 'field', '32', 'en_gb', ''),
 ('56', 'field', '32', 'en_gb', ''),
 ('55', 'field', '32', 'en_gb', ''),
 ('59', 'filename', '0', 'en_gb', ' building 1 preview image jpg '),
 ('59', 'extension', '0', 'en_gb', ' jpg '),
 ('59', 'kind', '0', 'en_gb', ' image '),
 ('59', 'slug', '0', 'en_gb', ''),
 ('59', 'title', '0', 'en_gb', ' building 1 preview image '),
 ('60', 'slug', '0', 'en_gb', ' patterns '),
 ('60', 'title', '0', 'en_gb', ' patterns '),
 ('60', 'field', '8', 'en_gb', ' curabitur non nulla sit amet nisl tempus convallis quis ac lectus sed porttitor lectus nibh quisque velit nisi pretium ut lacinia in elementum id enim cras ultricies ligula sed magna dictum porta entry 2 fancy link a little heading std '),
 ('60', 'field', '16', 'en_gb', ''),
 ('60', 'field', '39', 'en_gb', ' floor 2 available now holding plan 21932 2038 floor 1 fully let holding plan 21807 2026 floor g nov 2016 holding plan 9091 845 '),
 ('60', 'field', '20', 'en_gb', ' bray fox smith bray fox smith email address com 07789 009 007 paul smith 01453 834153 custom http www brayfoxsmith com www brayfoxsmith com _blank '),
 ('60', 'field', '48', 'en_gb', ''),
 ('60', 'field', '46', 'en_gb', ''),
 ('60', 'field', '47', 'en_gb', ''),
 ('60', 'field', '45', 'en_gb', ' 0 '),
 ('61', 'field', '9', 'en_gb', ' std '),
 ('61', 'field', '10', 'en_gb', ' a little heading '),
 ('61', 'field', '11', 'en_gb', ' curabitur non nulla sit amet nisl tempus convallis quis ac lectus sed porttitor lectus nibh quisque velit nisi pretium ut lacinia in elementum id enim cras ultricies ligula sed magna dictum porta '),
 ('61', 'field', '12', 'en_gb', ' entry 2 fancy link '),
 ('61', 'slug', '0', 'en_gb', ''),
 ('62', 'filename', '0', 'en_gb', ' holding_plan svg '),
 ('62', 'extension', '0', 'en_gb', ' svg '),
 ('62', 'kind', '0', 'en_gb', ' image '),
 ('62', 'slug', '0', 'en_gb', ''),
 ('62', 'title', '0', 'en_gb', ' holding plan '),
 ('63', 'field', '40', 'en_gb', ' floor 2 '),
 ('63', 'field', '41', 'en_gb', ' available now ');
INSERT INTO `craft_searchindex` (`elementId`, `attribute`, `fieldId`, `locale`, `keywords`) VALUES
 ('63', 'field', '42', 'en_gb', ' 21932 '),
 ('63', 'field', '43', 'en_gb', ' 2038 '),
 ('63', 'field', '44', 'en_gb', ' holding plan '),
 ('63', 'slug', '0', 'en_gb', ''),
 ('64', 'field', '40', 'en_gb', ' floor 1 '),
 ('64', 'field', '41', 'en_gb', ' fully let '),
 ('64', 'field', '42', 'en_gb', ' 21807 '),
 ('64', 'field', '43', 'en_gb', ' 2026 '),
 ('64', 'field', '44', 'en_gb', ' holding plan '),
 ('64', 'slug', '0', 'en_gb', ''),
 ('65', 'field', '40', 'en_gb', ' floor g '),
 ('65', 'field', '41', 'en_gb', ' nov 2016 '),
 ('65', 'field', '42', 'en_gb', ' 9091 '),
 ('65', 'field', '43', 'en_gb', ' 845 '),
 ('65', 'field', '44', 'en_gb', ' holding plan '),
 ('65', 'slug', '0', 'en_gb', ''),
 ('66', 'filename', '0', 'en_gb', ' bray_fox_smith jpg '),
 ('66', 'extension', '0', 'en_gb', ' jpg '),
 ('66', 'kind', '0', 'en_gb', ' image '),
 ('66', 'slug', '0', 'en_gb', ''),
 ('66', 'title', '0', 'en_gb', ' bray fox smith '),
 ('67', 'field', '21', 'en_gb', ' bray fox smith '),
 ('67', 'field', '22', 'en_gb', ' custom http www brayfoxsmith com www brayfoxsmith com _blank '),
 ('67', 'field', '23', 'en_gb', ' email address com 07789 009 007 paul smith 01453 834153 '),
 ('67', 'field', '37', 'en_gb', ' bray fox smith '),
 ('67', 'slug', '0', 'en_gb', ''),
 ('68', 'field', '24', 'en_gb', ' paul smith '),
 ('68', 'field', '25', 'en_gb', ' email address com '),
 ('68', 'field', '26', 'en_gb', ' 01453 834153 '),
 ('68', 'field', '27', 'en_gb', ' 07789 009 007 '),
 ('68', 'slug', '0', 'en_gb', ''),
 ('69', 'field', '6', 'en_gb', ' p38 a2145 '),
 ('69', 'filename', '0', 'en_gb', ' 38a2416 jpg '),
 ('69', 'extension', '0', 'en_gb', ' jpg '),
 ('69', 'kind', '0', 'en_gb', ' image '),
 ('69', 'slug', '0', 'en_gb', ' 38 a2416 '),
 ('69', 'title', '0', 'en_gb', ' 38 a2416 '),
 ('70', 'field', '6', 'en_gb', ''),
 ('70', 'filename', '0', 'en_gb', ' p38a2145 jpg '),
 ('70', 'extension', '0', 'en_gb', ' jpg '),
 ('70', 'kind', '0', 'en_gb', ' image '),
 ('70', 'slug', '0', 'en_gb', ''),
 ('70', 'title', '0', 'en_gb', ' p38 a2145 '),
 ('60', 'field', '50', 'en_gb', ' super smashing 38 a2416 '),
 ('71', 'field', '51', 'en_gb', ' super smashing '),
 ('71', 'field', '52', 'en_gb', ''),
 ('71', 'field', '53', 'en_gb', ' 38 a2416 '),
 ('71', 'slug', '0', 'en_gb', ''),
 ('72', 'filename', '0', 'en_gb', ' event 1 jpg '),
 ('72', 'extension', '0', 'en_gb', ' jpg '),
 ('72', 'kind', '0', 'en_gb', ' image '),
 ('72', 'slug', '0', 'en_gb', ''),
 ('72', 'title', '0', 'en_gb', ' event 1 '),
 ('73', 'filename', '0', 'en_gb', ' event 2 jpg '),
 ('73', 'extension', '0', 'en_gb', ' jpg '),
 ('73', 'kind', '0', 'en_gb', ' image '),
 ('73', 'slug', '0', 'en_gb', ''),
 ('73', 'title', '0', 'en_gb', ' event 2 '),
 ('74', 'filename', '0', 'en_gb', ' news 1 jpg '),
 ('74', 'extension', '0', 'en_gb', ' jpg '),
 ('74', 'kind', '0', 'en_gb', ' image '),
 ('74', 'slug', '0', 'en_gb', ''),
 ('74', 'title', '0', 'en_gb', ' news 1 '),
 ('75', 'filename', '0', 'en_gb', ' news 2 jpg '),
 ('75', 'extension', '0', 'en_gb', ' jpg '),
 ('75', 'kind', '0', 'en_gb', ' image '),
 ('75', 'slug', '0', 'en_gb', ''),
 ('75', 'title', '0', 'en_gb', ' news 2 '),
 ('76', 'field', '58', 'en_gb', ' que vera quas sinvelluptat aut a doles ratium dusam nobiscitiore solupta dolupta tiatendae ipsunt faccusto volore mi imol '),
 ('76', 'field', '59', 'en_gb', ' news 1 '),
 ('76', 'field', '1', 'en_gb', ' dolores blanditiis quod ipsam quod facilisis vel unde platea vero dolorem sociis lorem enim nulla sociosqu placeat maxime feugiat hac taciti occaecati anim venenatis magnis scelerisque in ultricies lorem lacinia mus sagittis aliquet erat illo maecenas quasi lorem nullam repudiandae quia tincidunt fuga vero quas rerum impedit laoreet fugiat sint ad luctus adipiscing aliquid lacus dolorem voluptas lacus dolore vero reprehenderit commodo dui ad quod class facere fames parturient urna primis dignissim doloremque excepteur venenatis curabitur blandit lorem phasellus eu proin cumque in maecenas blandit minus aliquam porro dapibus officiis wisi maxime eros malesuada minima tenetur nam laboris consequatur mi quisque reprehenderit sit illo aspernatur aperiam beatae labore diamlorem interdum nisl anim mollis eius maecenas eiusmod magna ducimus dignissim etiam convallis quis impedit facilisi amet quasi imperdiet purus sit pellentesque voluptatum et totam non tincidunt vel rem nostrud nostrud est dictum sodales iste explicabo anim id anim parturient magni fuga '),
 ('76', 'field', '6', 'en_gb', ' 38 a2288 '),
 ('76', 'field', '5', 'en_gb', ''),
 ('76', 'field', '4', 'en_gb', ''),
 ('76', 'slug', '0', 'en_gb', ' spring is here why not hop on a bike '),
 ('76', 'title', '0', 'en_gb', ' spring is here why not hop on a bike '),
 ('77', 'field', '58', 'en_gb', ' que vera quas sinvelluptat aut a doles ratium dusam nobiscitiore solupta dolupta tiatendae ipsunt faccusto volore mi imol '),
 ('77', 'field', '59', 'en_gb', ' news 2 '),
 ('77', 'field', '1', 'en_gb', ' dolores blanditiis quod ipsam quod facilisis vel unde platea vero dolorem sociis lorem enim nulla sociosqu placeat maxime feugiat hac taciti occaecati anim venenatis magnis scelerisque in ultricies lorem lacinia mus sagittis aliquet erat illo maecenas quasi lorem nullam repudiandae quia tincidunt fuga vero quas rerum impedit laoreet fugiat sint ad luctus adipiscing aliquid lacus dolorem voluptas lacus dolore vero reprehenderit commodo dui ad quod class facere fames parturient urna primis dignissim doloremque excepteur venenatis curabitur blandit lorem phasellus eu proin cumque in maecenas blandit minus aliquam porro dapibus officiis wisi maxime eros malesuada minima tenetur nam laboris consequatur mi quisque reprehenderit sit illo aspernatur aperiam beatae labore diamlorem interdum nisl anim mollis eius maecenas eiusmod magna ducimus dignissim etiam convallis quis impedit facilisi amet quasi imperdiet purus sit pellentesque voluptatum et totam non tincidunt vel rem nostrud nostrud est dictum sodales iste explicabo anim id anim parturient magni fuga '),
 ('77', 'field', '6', 'en_gb', ' 38 a2288 '),
 ('77', 'field', '5', 'en_gb', ''),
 ('77', 'field', '4', 'en_gb', ''),
 ('77', 'slug', '0', 'en_gb', ' spring is here why not hop on a bike 1 '),
 ('77', 'title', '0', 'en_gb', ' building 1 construction starting now '),
 ('78', 'field', '60', 'en_gb', ' 2016 09 14 '),
 ('78', 'field', '58', 'en_gb', ' ultrices nostrud facilisis incidunt proident corrupti urna illo tellus adipiscing proident minus feugiat atque exercitation magnam hac unde pariatur accusamus soluta dignissim architecto class sociis consequatur taciti saepe dolor lacinia ridiculus aptent fringilla dignissim beatae commodo et sodales mollis fringilla fugit purus beatae eiusmod elementum rutrum ex laudantium amet penatibus '),
 ('78', 'field', '59', 'en_gb', ''),
 ('78', 'field', '1', 'en_gb', ' mi repudiandae distinctio fusce nostrum irure molestiae mollitia illum fugit maiores scelerisque eveniet quasi netus mi dicta iste hac ducimus parturient cursus quasi varius proin faucibus molestiae malesuada ultricies ea atque massa iste totam quos assumenda ducimus montes ullamco lorem nisl repudiandae orci taciti diam ipsum eget alias deleniti commodi facere interdum purus fugiat pellentesque taciti litora dis corrupti veniam ridiculus quisque ornare provident veritatis nec aliquid natus ducimus conubia et itaque sem malesuada sed tellus exercitationem dapibus ac tellus accusamus laboris quod natus a pariatur qui iure voluptatibus habitasse magnis cupiditate taciti dolores culpa etiam ante doloremque rerum diam montes officiis venenatis dolorem pellentesque rem ac faucibus ligula corrupti nesciunt augue magna molestiae labore delectus minima omnis interdum debitis deserunt fusce montes consequuntur curae purus tempore sem pretium libero accusamus torquent sollicitudin pulvinar beatae porttitor explicabo mollitia mus minus montes est nostrud eius dictum porta magnis per aptent elementum provident possimus vel recusandae euismod numquam pellentesque purus aliquet ut explicabo possimus eaque cupiditate exercitation tempor hendrerit totam tempore numquam laoreet aut eos deleniti maiores quam velit pede voluptate atque pretium diamlorem viverra adipisci ullamco imperdiet aute consectetuer mus vero error pede lacinia aut adipisicing nulla laborum saepe itaque morbi minima consequuntur cupidatat omnis integer nostrum neque eu hymenaeos accusamus cupiditate incididunt aliquip quaerat diamlorem mollitia autem cupidatat senectus autem mauris incididunt eu aperiam ut mollitia laudantium neque eius vel rerum duis explicabo mi laboriosam inceptos congue adipiscing viverra soluta facilisis rerum magna consequat imperdiet nunc ornare tempor cumque libero '),
 ('78', 'field', '6', 'en_gb', ' 38 a2312 '),
 ('78', 'field', '5', 'en_gb', ''),
 ('78', 'field', '4', 'en_gb', ''),
 ('78', 'slug', '0', 'en_gb', ' cameras on croxley '),
 ('78', 'title', '0', 'en_gb', ' cameras on croxley '),
 ('79', 'field', '60', 'en_gb', ' 2016 09 14 '),
 ('79', 'field', '58', 'en_gb', ''),
 ('79', 'field', '59', 'en_gb', ''),
 ('79', 'field', '1', 'en_gb', ' sequi ornare aut pede taciti facilis lorem pharetra cupidatat ultricies expedita feugiat earum dolor iusto tortor placeat wisi assumenda soluta auctor unde numquam adipisci tortor earum ligula maecenas eros dolore ducimus gravida dapibus nulla pede nostra quasi mollit penatibus consequat ad fusce reprehenderit diam etiam laborum diamlorem morbi vehicula recusandae pretium nonummy purus ac aute adipisicing fames sagittis bibendum nostrud itaque nostrud ligula pulvinar pretium mollis irure mauris tempora accumsan euismod tellus wisi excepturi repellendus incididunt nunc similique dictum cillum posuere sint nostrum per hymenaeos rerum a sollicitudin dui aliquam aut numquam condimentum ullamcorper enim fermentum euismod amet egestas hymenaeos soluta tenetur taciti nihil enim tempora lacinia optio nullam montes sociosqu metus tristique dolorem possimus asperiores expedita augue aliquam ad diamlorem eligendi cupidatat non diamlorem assumenda tincidunt mollit optio eligendi tristique nobis eleifend iure hymenaeos veritatis leo facere nulla nascetur molestie rem asperiores autem asperiores dignissim molestie congue in wisi '),
 ('79', 'field', '6', 'en_gb', ''),
 ('79', 'field', '5', 'en_gb', ''),
 ('79', 'field', '4', 'en_gb', '');
INSERT INTO `craft_searchindex` (`elementId`, `attribute`, `fieldId`, `locale`, `keywords`) VALUES
 ('79', 'slug', '0', 'en_gb', ' summer fete '),
 ('79', 'title', '0', 'en_gb', ' summer fete '),
 ('2', 'field', '50', 'en_gb', ' some kind of heading 38 a2416 '),
 ('2', 'field', '8', 'en_gb', ' croxley park is more than just a great place to do business we re an impressive headquarters for international companies and a flexible home for local start ups we re also a thriving community a well connected hub and a relaxing haven expect much more at croxley park entry 2 read more std '),
 ('2', 'field', '62', 'en_gb', ' overview connections amenities events '),
 ('2', 'field', '63', 'en_gb', ' news events there s always something going on at croxley park take a look at our news and events sections to see what s we ve been up to and what s coming up '),
 ('80', 'field', '51', 'en_gb', ' some kind of heading '),
 ('80', 'field', '52', 'en_gb', ''),
 ('80', 'field', '53', 'en_gb', ' 38 a2416 '),
 ('80', 'slug', '0', 'en_gb', ''),
 ('81', 'field', '9', 'en_gb', ' std '),
 ('81', 'field', '10', 'en_gb', ''),
 ('81', 'field', '11', 'en_gb', ' croxley park is more than just a great place to do business we re an impressive headquarters for international companies and a flexible home for local start ups we re also a thriving community a well connected hub and a relaxing haven expect much more at croxley park '),
 ('81', 'field', '12', 'en_gb', ' entry 2 read more '),
 ('81', 'slug', '0', 'en_gb', ''),
 ('82', 'filename', '0', 'en_gb', ' client_logo_1 jpg '),
 ('82', 'extension', '0', 'en_gb', ' jpg '),
 ('82', 'kind', '0', 'en_gb', ' image '),
 ('82', 'slug', '0', 'en_gb', ''),
 ('82', 'title', '0', 'en_gb', ' client logo 1 '),
 ('83', 'filename', '0', 'en_gb', ' client_logo_2 jpg '),
 ('83', 'extension', '0', 'en_gb', ' jpg '),
 ('83', 'kind', '0', 'en_gb', ' image '),
 ('83', 'slug', '0', 'en_gb', ''),
 ('83', 'title', '0', 'en_gb', ' client logo 2 '),
 ('84', 'filename', '0', 'en_gb', ' client_logo_3 jpg '),
 ('84', 'extension', '0', 'en_gb', ' jpg '),
 ('84', 'kind', '0', 'en_gb', ' image '),
 ('84', 'slug', '0', 'en_gb', ''),
 ('84', 'title', '0', 'en_gb', ' client logo 3 '),
 ('85', 'filename', '0', 'en_gb', ' client_logo_4 jpg '),
 ('85', 'extension', '0', 'en_gb', ' jpg '),
 ('85', 'kind', '0', 'en_gb', ' image '),
 ('85', 'slug', '0', 'en_gb', ''),
 ('85', 'title', '0', 'en_gb', ' client logo 4 '),
 ('86', 'filename', '0', 'en_gb', ' client_logo_5 jpg '),
 ('86', 'extension', '0', 'en_gb', ' jpg '),
 ('86', 'kind', '0', 'en_gb', ' image '),
 ('86', 'slug', '0', 'en_gb', ''),
 ('86', 'title', '0', 'en_gb', ' client logo 5 '),
 ('87', 'filename', '0', 'en_gb', ' client_logo_6 jpg '),
 ('87', 'extension', '0', 'en_gb', ' jpg '),
 ('87', 'kind', '0', 'en_gb', ' image '),
 ('87', 'slug', '0', 'en_gb', ''),
 ('87', 'title', '0', 'en_gb', ' client logo 6 '),
 ('88', 'filename', '0', 'en_gb', ' client_logo_7 jpg '),
 ('88', 'extension', '0', 'en_gb', ' jpg '),
 ('88', 'kind', '0', 'en_gb', ' image '),
 ('88', 'slug', '0', 'en_gb', ''),
 ('88', 'title', '0', 'en_gb', ' client logo 7 '),
 ('89', 'filename', '0', 'en_gb', ' client_logo_8 jpg '),
 ('89', 'extension', '0', 'en_gb', ' jpg '),
 ('89', 'kind', '0', 'en_gb', ' image '),
 ('89', 'slug', '0', 'en_gb', ''),
 ('89', 'title', '0', 'en_gb', ' client logo 8 '),
 ('90', 'filename', '0', 'en_gb', ' client_logo_9 jpg '),
 ('90', 'extension', '0', 'en_gb', ' jpg '),
 ('90', 'kind', '0', 'en_gb', ' image '),
 ('90', 'slug', '0', 'en_gb', ''),
 ('90', 'title', '0', 'en_gb', ' client logo 9 '),
 ('91', 'filename', '0', 'en_gb', ' client_logo_10 jpg '),
 ('91', 'extension', '0', 'en_gb', ' jpg '),
 ('91', 'kind', '0', 'en_gb', ' image '),
 ('91', 'slug', '0', 'en_gb', ''),
 ('91', 'title', '0', 'en_gb', ' client logo 10 '),
 ('17', 'field', '5', 'en_gb', ''),
 ('17', 'field', '4', 'en_gb', ''),
 ('18', 'field', '5', 'en_gb', ''),
 ('18', 'field', '4', 'en_gb', ''),
 ('16', 'field', '50', 'en_gb', ' a thing yeah 38 a2416 '),
 ('16', 'field', '8', 'en_gb', ' amenities ratione irure perferendis parturient dignissim fermentum accumsan incididunt iaculis lacinia ipsam vero mollis at consequatur eum eiusmod rem ultrices eius platea expedita iure molestie vero occaecat vulputate nostra class deleniti small '),
 ('16', 'field', '62', 'en_gb', ' meeting pod cafe bikes salon sports '),
 ('16', 'field', '5', 'en_gb', ''),
 ('16', 'field', '4', 'en_gb', ''),
 ('92', 'field', '51', 'en_gb', ' a thing yeah '),
 ('92', 'field', '52', 'en_gb', ''),
 ('92', 'field', '53', 'en_gb', ' 38 a2416 '),
 ('92', 'slug', '0', 'en_gb', ''),
 ('93', 'field', '9', 'en_gb', ' small '),
 ('93', 'field', '10', 'en_gb', ' amenties '),
 ('93', 'field', '11', 'en_gb', ' amenities ratione irure perferendis parturient dignissim fermentum accumsan incididunt iaculis lacinia ipsam vero mollis at consequatur eum eiusmod rem ultrices eius platea expedita iure molestie vero occaecat vulputate nostra class deleniti '),
 ('93', 'field', '12', 'en_gb', ''),
 ('93', 'slug', '0', 'en_gb', ''),
 ('94', 'filename', '0', 'en_gb', ' icon nursery svg '),
 ('94', 'extension', '0', 'en_gb', ' svg '),
 ('94', 'kind', '0', 'en_gb', ' image '),
 ('94', 'slug', '0', 'en_gb', ''),
 ('94', 'title', '0', 'en_gb', ' icon nursery '),
 ('95', 'filename', '0', 'en_gb', ' icon salon svg '),
 ('95', 'extension', '0', 'en_gb', ' svg '),
 ('95', 'kind', '0', 'en_gb', ' image '),
 ('95', 'slug', '0', 'en_gb', ''),
 ('95', 'title', '0', 'en_gb', ' icon salon '),
 ('96', 'filename', '0', 'en_gb', ' icon security svg '),
 ('96', 'extension', '0', 'en_gb', ' svg '),
 ('96', 'kind', '0', 'en_gb', ' image '),
 ('96', 'slug', '0', 'en_gb', ''),
 ('96', 'title', '0', 'en_gb', ' icon security '),
 ('97', 'filename', '0', 'en_gb', ' icon amazon locker svg '),
 ('97', 'extension', '0', 'en_gb', ' svg ');
INSERT INTO `craft_searchindex` (`elementId`, `attribute`, `fieldId`, `locale`, `keywords`) VALUES
 ('97', 'kind', '0', 'en_gb', ' image '),
 ('97', 'slug', '0', 'en_gb', ''),
 ('97', 'title', '0', 'en_gb', ' icon amazon locker '),
 ('98', 'filename', '0', 'en_gb', ' icon bike svg '),
 ('98', 'extension', '0', 'en_gb', ' svg '),
 ('98', 'kind', '0', 'en_gb', ' image '),
 ('98', 'slug', '0', 'en_gb', ''),
 ('98', 'title', '0', 'en_gb', ' icon bike '),
 ('99', 'filename', '0', 'en_gb', ' icon electricity svg '),
 ('99', 'extension', '0', 'en_gb', ' svg '),
 ('99', 'kind', '0', 'en_gb', ' image '),
 ('99', 'slug', '0', 'en_gb', ''),
 ('99', 'title', '0', 'en_gb', ' icon electricity '),
 ('100', 'filename', '0', 'en_gb', ' icon learning svg '),
 ('100', 'extension', '0', 'en_gb', ' svg '),
 ('100', 'kind', '0', 'en_gb', ' image '),
 ('100', 'slug', '0', 'en_gb', ''),
 ('100', 'title', '0', 'en_gb', ' icon learning '),
 ('101', 'filename', '0', 'en_gb', ' icon networking svg '),
 ('101', 'extension', '0', 'en_gb', ' svg '),
 ('101', 'kind', '0', 'en_gb', ' image '),
 ('101', 'slug', '0', 'en_gb', ''),
 ('101', 'title', '0', 'en_gb', ' icon networking '),
 ('102', 'filename', '0', 'en_gb', ' 38a2080 jpg '),
 ('102', 'extension', '0', 'en_gb', ' jpg '),
 ('102', 'kind', '0', 'en_gb', ' image '),
 ('102', 'slug', '0', 'en_gb', ''),
 ('102', 'title', '0', 'en_gb', ' 38 a2080 '),
 ('103', 'filename', '0', 'en_gb', ' 38a2145 jpg '),
 ('103', 'extension', '0', 'en_gb', ' jpg '),
 ('103', 'kind', '0', 'en_gb', ' image '),
 ('103', 'slug', '0', 'en_gb', ''),
 ('103', 'title', '0', 'en_gb', ' 38 a2145 '),
 ('104', 'filename', '0', 'en_gb', ' 38a2246 jpg '),
 ('104', 'extension', '0', 'en_gb', ' jpg '),
 ('104', 'kind', '0', 'en_gb', ' image '),
 ('104', 'slug', '0', 'en_gb', ''),
 ('104', 'title', '0', 'en_gb', ' 38 a2246 '),
 ('105', 'filename', '0', 'en_gb', ' 38a2262 jpg '),
 ('105', 'extension', '0', 'en_gb', ' jpg '),
 ('105', 'kind', '0', 'en_gb', ' image '),
 ('105', 'slug', '0', 'en_gb', ''),
 ('105', 'title', '0', 'en_gb', ' 38 a2262 '),
 ('106', 'filename', '0', 'en_gb', ' 38a2288 jpg '),
 ('106', 'extension', '0', 'en_gb', ' jpg '),
 ('106', 'kind', '0', 'en_gb', ' image '),
 ('106', 'slug', '0', 'en_gb', ''),
 ('106', 'title', '0', 'en_gb', ' 38 a2288 '),
 ('107', 'filename', '0', 'en_gb', ' 38a2312 jpg '),
 ('107', 'extension', '0', 'en_gb', ' jpg '),
 ('107', 'kind', '0', 'en_gb', ' image '),
 ('107', 'slug', '0', 'en_gb', ''),
 ('107', 'title', '0', 'en_gb', ' 38 a2312 '),
 ('108', 'filename', '0', 'en_gb', ' 38a2325 jpg '),
 ('108', 'extension', '0', 'en_gb', ' jpg '),
 ('108', 'kind', '0', 'en_gb', ' image '),
 ('108', 'slug', '0', 'en_gb', ''),
 ('108', 'title', '0', 'en_gb', ' 38 a2325 '),
 ('109', 'filename', '0', 'en_gb', ' 38a2416 jpg '),
 ('109', 'extension', '0', 'en_gb', ' jpg '),
 ('109', 'kind', '0', 'en_gb', ' image '),
 ('109', 'slug', '0', 'en_gb', ''),
 ('109', 'title', '0', 'en_gb', ' 38 a2416 '),
 ('110', 'filename', '0', 'en_gb', ' 38a2522 jpg '),
 ('110', 'extension', '0', 'en_gb', ' jpg '),
 ('110', 'kind', '0', 'en_gb', ' image '),
 ('110', 'slug', '0', 'en_gb', ''),
 ('110', 'title', '0', 'en_gb', ' 38 a2522 '),
 ('111', 'filename', '0', 'en_gb', ' 38a2562 jpg '),
 ('111', 'extension', '0', 'en_gb', ' jpg '),
 ('111', 'kind', '0', 'en_gb', ' image '),
 ('111', 'slug', '0', 'en_gb', ''),
 ('111', 'title', '0', 'en_gb', ' 38 a2562 '),
 ('112', 'filename', '0', 'en_gb', ' 38a2595 jpg '),
 ('112', 'extension', '0', 'en_gb', ' jpg '),
 ('112', 'kind', '0', 'en_gb', ' image '),
 ('112', 'slug', '0', 'en_gb', ''),
 ('112', 'title', '0', 'en_gb', ' 38 a2595 '),
 ('113', 'filename', '0', 'en_gb', ' 38a2662 jpg '),
 ('113', 'extension', '0', 'en_gb', ' jpg '),
 ('113', 'kind', '0', 'en_gb', ' image '),
 ('113', 'slug', '0', 'en_gb', ''),
 ('113', 'title', '0', 'en_gb', ' 38 a2662 '),
 ('114', 'filename', '0', 'en_gb', ' 38a2721 jpg '),
 ('114', 'extension', '0', 'en_gb', ' jpg '),
 ('114', 'kind', '0', 'en_gb', ' image '),
 ('114', 'slug', '0', 'en_gb', ''),
 ('114', 'title', '0', 'en_gb', ' 38 a2721 '),
 ('115', 'filename', '0', 'en_gb', ' dsc7384 jpg '),
 ('115', 'extension', '0', 'en_gb', ' jpg '),
 ('115', 'kind', '0', 'en_gb', ' image '),
 ('115', 'slug', '0', 'en_gb', ''),
 ('115', 'title', '0', 'en_gb', ' dsc7384 '),
 ('116', 'filename', '0', 'en_gb', ' dsc7404 jpg '),
 ('116', 'extension', '0', 'en_gb', ' jpg '),
 ('116', 'kind', '0', 'en_gb', ' image '),
 ('116', 'slug', '0', 'en_gb', ''),
 ('116', 'title', '0', 'en_gb', ' dsc7404 '),
 ('117', 'field', '61', 'en_gb', ' large '),
 ('117', 'field', '6', 'en_gb', ' 38 a2145 ');
INSERT INTO `craft_searchindex` (`elementId`, `attribute`, `fieldId`, `locale`, `keywords`) VALUES
 ('117', 'field', '1', 'en_gb', ' ea primis felis maecenas auctor neque enim pellentesque optio nostrud itaque occaecat semper habitant nam hic doloribus voluptatem venenatis laboriosam ut pretium cum commodo fuga ac semper aut eget euismod imperdiet torquent cumque magnam convallis phasellus voluptates suscipit repudiandae delectus numquam montes tempora diam id placerat temporibus nec consequuntur sociis aliquet sed exercitation lacinia elementum sequi quisquam suspendisse maecenas aenean morbi eget fermentum semper eum massa doloribus placerat aliquip leo minima dolor natus quidem aspernatur error gravida ea curae totam diam malesuada lacinia sed volutpat accumsan quod aperiam ad veritatis '),
 ('117', 'slug', '0', 'en_gb', ' meeting pod '),
 ('117', 'title', '0', 'en_gb', ' meeting pod '),
 ('118', 'field', '61', 'en_gb', ' small '),
 ('118', 'field', '6', 'en_gb', ' 38 a2325 '),
 ('118', 'field', '1', 'en_gb', ' totam platea eius rem odio quisque ipsa morbi risus lorem optio mus irure tellus fuga nemo nonummy ducimus sodales ornare integer mollitia perspiciatis culpa non tortor occaecat inventore modi do massa cupidatat perferendis quos ullamco nostrum quaerat tempus maecenas dapibus nam nibh alias ipsa temporibus perspiciatis wisi erat egestas id mus rem fugiat ridiculus aptent impedit repudiandae sagittis labore dictum non ornare soluta pulvinar facilisi pellentesque in semper veniam eligendi ultrices optio accusantium blandit quibusdam asperiores primis sapien blanditiis exercitationem placeat reiciendis in aliquam massa diam adipiscing pede tortor magnam '),
 ('118', 'slug', '0', 'en_gb', ' cafe '),
 ('118', 'title', '0', 'en_gb', ' cafe '),
 ('119', 'field', '61', 'en_gb', ' icon '),
 ('119', 'field', '64', 'en_gb', ' orange '),
 ('119', 'field', '6', 'en_gb', ' icon bike '),
 ('119', 'field', '1', 'en_gb', ' totam platea eius rem odio quisque ipsa morbi risus lorem optio mus irure tellus fuga nemo nonummy ducimus sodales ornare integer mollitia perspiciatis culpa non tortor occaecat inventore modi do massa cupidatat perferendis quos ullamco nostrum quaerat tempus maecenas dapibus nam nibh alias ipsa temporibus perspiciatis wisi erat egestas id mus rem fugiat ridiculus aptent impedit repudiandae sagittis labore dictum non ornare soluta pulvinar facilisi pellentesque in semper veniam eligendi ultrices optio accusantium blandit quibusdam asperiores primis sapien blanditiis exercitationem placeat reiciendis in aliquam massa diam adipiscing pede tortor magnam '),
 ('119', 'slug', '0', 'en_gb', ' bikes '),
 ('119', 'title', '0', 'en_gb', ' bikes '),
 ('120', 'field', '61', 'en_gb', ' icon '),
 ('120', 'field', '64', 'en_gb', ' white '),
 ('120', 'field', '6', 'en_gb', ' icon salon '),
 ('120', 'field', '1', 'en_gb', ' totam platea eius rem odio quisque ipsa morbi risus lorem optio mus irure tellus fuga nemo nonummy ducimus sodales ornare integer mollitia perspiciatis culpa non tortor occaecat inventore modi do massa cupidatat perferendis quos ullamco nostrum quaerat tempus maecenas dapibus nam nibh alias ipsa temporibus perspiciatis wisi erat egestas id mus rem fugiat ridiculus aptent impedit repudiandae sagittis labore dictum non ornare soluta pulvinar facilisi pellentesque in semper veniam eligendi ultrices optio accusantium blandit quibusdam asperiores primis sapien blanditiis exercitationem placeat reiciendis in aliquam massa diam adipiscing pede tortor magnam '),
 ('120', 'slug', '0', 'en_gb', ' salon '),
 ('120', 'title', '0', 'en_gb', ' salon '),
 ('121', 'field', '61', 'en_gb', ' small '),
 ('121', 'field', '64', 'en_gb', ' orange '),
 ('121', 'field', '6', 'en_gb', ' 38 a2080 '),
 ('121', 'field', '1', 'en_gb', ' reprehenderit cupiditate sociis voluptates dicta magnam nesciunt orci vehicula laboris ducimus cursus leo etiam consectetur faucibus quod sapiente veniam dignissim beatae excepturi ac saepe mollitia elementum nullam sunt soluta massa laboris officiis consectetuer quisquam aliquip architecto placeat esse sint mollitia torquent corporis sint corrupti tincidunt aut labore hendrerit ante laoreet tincidunt saepe dignissimos eaque integer ullamco sociosqu nullam magnis faucibus penatibus quisquam auctor ullamcorper fringilla exercitation quisquam sociosqu interdum aute erat dolor egestas suscipit consectetur non eleifend adipiscing eos mus rem aptent itaque amet irure anim sociosqu sapien fuga fuga '),
 ('121', 'slug', '0', 'en_gb', ' sports '),
 ('121', 'title', '0', 'en_gb', ' sports '),
 ('117', 'field', '64', 'en_gb', ' orange '),
 ('17', 'field', '50', 'en_gb', ' fun games 38 a2416 '),
 ('17', 'field', '8', 'en_gb', ' latest eventsregular and varied events are scheduled to make the most of our amazing setting amenities and strengthen our sense of community so whether you enjoy team building networking relaxing listening or watching we look forward to you joining us sub '),
 ('122', 'field', '51', 'en_gb', ' fun games '),
 ('122', 'field', '52', 'en_gb', ''),
 ('122', 'field', '53', 'en_gb', ' 38 a2416 '),
 ('122', 'slug', '0', 'en_gb', ''),
 ('123', 'field', '9', 'en_gb', ' sub '),
 ('123', 'field', '10', 'en_gb', ' events '),
 ('123', 'field', '11', 'en_gb', ' latest eventsregular and varied events are scheduled to make the most of our amazing setting amenities and strengthen our sense of community so whether you enjoy team building networking relaxing listening or watching we look forward to you joining us '),
 ('123', 'field', '12', 'en_gb', ''),
 ('123', 'slug', '0', 'en_gb', ''),
 ('93', 'field', '65', 'en_gb', ' red '),
 ('18', 'field', '8', 'en_gb', ' latest newsthere s always something going on at croxley park make sure you keep up to date by getting the latest news events and more direct to your inbox std '),
 ('124', 'field', '9', 'en_gb', ' std '),
 ('124', 'field', '11', 'en_gb', ' latest newsthere s always something going on at croxley park make sure you keep up to date by getting the latest news events and more direct to your inbox '),
 ('124', 'field', '12', 'en_gb', ''),
 ('124', 'slug', '0', 'en_gb', ''),
 ('125', 'field', '58', 'en_gb', ' que vera quas sinvelluptat aut a doles ratium dusam nobiscitiore solupta dolupta tiatendae ipsunt faccusto volore mi imol '),
 ('125', 'field', '59', 'en_gb', ''),
 ('125', 'field', '1', 'en_gb', ' dolores blanditiis quod ipsam quod facilisis vel unde platea vero dolorem sociis lorem enim nulla sociosqu placeat maxime feugiat hac taciti occaecati anim venenatis magnis scelerisque in ultricies lorem lacinia mus sagittis aliquet erat illo maecenas quasi lorem nullam repudiandae quia tincidunt fuga vero quas rerum impedit laoreet fugiat sint ad luctus adipiscing aliquid lacus dolorem voluptas lacus dolore vero reprehenderit commodo dui ad quod class facere fames parturient urna primis dignissim doloremque excepteur venenatis curabitur blandit lorem phasellus eu proin cumque in maecenas blandit minus aliquam porro dapibus officiis wisi maxime eros malesuada minima tenetur nam laboris consequatur mi quisque reprehenderit sit illo aspernatur aperiam beatae labore diamlorem interdum nisl anim mollis eius maecenas eiusmod magna ducimus dignissim etiam convallis quis impedit facilisi amet quasi imperdiet purus sit pellentesque voluptatum et totam non tincidunt vel rem nostrud nostrud est dictum sodales iste explicabo anim id anim parturient magni fuga '),
 ('125', 'field', '6', 'en_gb', ' 38 a2288 '),
 ('125', 'field', '5', 'en_gb', ''),
 ('125', 'field', '4', 'en_gb', ''),
 ('125', 'slug', '0', 'en_gb', ' enim sociis quasi adipiscing ante euismod '),
 ('125', 'title', '0', 'en_gb', ' enim sociis quasi adipiscing ante euismod '),
 ('126', 'field', '58', 'en_gb', ' que vera quas sinvelluptat aut a doles ratium dusam nobiscitiore solupta dolupta tiatendae ipsunt faccusto volore mi imol '),
 ('126', 'field', '59', 'en_gb', ''),
 ('126', 'field', '1', 'en_gb', ' dolores blanditiis quod ipsam quod facilisis vel unde platea vero dolorem sociis lorem enim nulla sociosqu placeat maxime feugiat hac taciti occaecati anim venenatis magnis scelerisque in ultricies lorem lacinia mus sagittis aliquet erat illo maecenas quasi lorem nullam repudiandae quia tincidunt fuga vero quas rerum impedit laoreet fugiat sint ad luctus adipiscing aliquid lacus dolorem voluptas lacus dolore vero reprehenderit commodo dui ad quod class facere fames parturient urna primis dignissim doloremque excepteur venenatis curabitur blandit lorem phasellus eu proin cumque in maecenas blandit minus aliquam porro dapibus officiis wisi maxime eros malesuada minima tenetur nam laboris consequatur mi quisque reprehenderit sit illo aspernatur aperiam beatae labore diamlorem interdum nisl anim mollis eius maecenas eiusmod magna ducimus dignissim etiam convallis quis impedit facilisi amet quasi imperdiet purus sit pellentesque voluptatum et totam non tincidunt vel rem nostrud nostrud est dictum sodales iste explicabo anim id anim parturient magni fuga '),
 ('126', 'field', '6', 'en_gb', ' 38 a2288 '),
 ('126', 'field', '5', 'en_gb', ''),
 ('126', 'field', '4', 'en_gb', ''),
 ('126', 'slug', '0', 'en_gb', ' quis hendrerit interdum animi eu cursus '),
 ('126', 'title', '0', 'en_gb', ' quis hendrerit interdum animi eu cursus '),
 ('127', 'field', '58', 'en_gb', ' que vera quas sinvelluptat aut a doles ratium dusam nobiscitiore solupta dolupta tiatendae ipsunt faccusto volore mi imol '),
 ('127', 'field', '59', 'en_gb', ''),
 ('127', 'field', '1', 'en_gb', ' dolores blanditiis quod ipsam quod facilisis vel unde platea vero dolorem sociis lorem enim nulla sociosqu placeat maxime feugiat hac taciti occaecati anim venenatis magnis scelerisque in ultricies lorem lacinia mus sagittis aliquet erat illo maecenas quasi lorem nullam repudiandae quia tincidunt fuga vero quas rerum impedit laoreet fugiat sint ad luctus adipiscing aliquid lacus dolorem voluptas lacus dolore vero reprehenderit commodo dui ad quod class facere fames parturient urna primis dignissim doloremque excepteur venenatis curabitur blandit lorem phasellus eu proin cumque in maecenas blandit minus aliquam porro dapibus officiis wisi maxime eros malesuada minima tenetur nam laboris consequatur mi quisque reprehenderit sit illo aspernatur aperiam beatae labore diamlorem interdum nisl anim mollis eius maecenas eiusmod magna ducimus dignissim etiam convallis quis impedit facilisi amet quasi imperdiet purus sit pellentesque voluptatum et totam non tincidunt vel rem nostrud nostrud est dictum sodales iste explicabo anim id anim parturient magni fuga '),
 ('127', 'field', '6', 'en_gb', ''),
 ('127', 'field', '5', 'en_gb', ''),
 ('127', 'field', '4', 'en_gb', ''),
 ('127', 'slug', '0', 'en_gb', ' diam anim et porta laborum facilis '),
 ('127', 'title', '0', 'en_gb', ' diam anim et porta laborum facilis '),
 ('128', 'field', '58', 'en_gb', ' que vera quas sinvelluptat aut a doles ratium dusam nobiscitiore solupta dolupta tiatendae ipsunt faccusto volore mi imol '),
 ('128', 'field', '59', 'en_gb', ' news 1 '),
 ('128', 'field', '1', 'en_gb', ' dolores blanditiis quod ipsam quod facilisis vel unde platea vero dolorem sociis lorem enim nulla sociosqu placeat maxime feugiat hac taciti occaecati anim venenatis magnis scelerisque in ultricies lorem lacinia mus sagittis aliquet erat illo maecenas quasi lorem nullam repudiandae quia tincidunt fuga vero quas rerum impedit laoreet fugiat sint ad luctus adipiscing aliquid lacus dolorem voluptas lacus dolore vero reprehenderit commodo dui ad quod class facere fames parturient urna primis dignissim doloremque excepteur venenatis curabitur blandit lorem phasellus eu proin cumque in maecenas blandit minus aliquam porro dapibus officiis wisi maxime eros malesuada minima tenetur nam laboris consequatur mi quisque reprehenderit sit illo aspernatur aperiam beatae labore diamlorem interdum nisl anim mollis eius maecenas eiusmod magna ducimus dignissim etiam convallis quis impedit facilisi amet quasi imperdiet purus sit pellentesque voluptatum et totam non tincidunt vel rem nostrud nostrud est dictum sodales iste explicabo anim id anim parturient magni fuga '),
 ('128', 'field', '6', 'en_gb', ' 38 a2288 '),
 ('128', 'field', '5', 'en_gb', ''),
 ('128', 'field', '4', 'en_gb', ''),
 ('128', 'slug', '0', 'en_gb', ' placerat dignissim sint sunt quisque elementum '),
 ('128', 'title', '0', 'en_gb', ' placerat dignissim sint sunt quisque elementum '),
 ('129', 'field', '58', 'en_gb', ' que vera quas sinvelluptat aut a doles ratium dusam nobiscitiore solupta dolupta tiatendae ipsunt faccusto volore mi imol '),
 ('129', 'field', '59', 'en_gb', ' news 1 '),
 ('129', 'field', '1', 'en_gb', ' dolores blanditiis quod ipsam quod facilisis vel unde platea vero dolorem sociis lorem enim nulla sociosqu placeat maxime feugiat hac taciti occaecati anim venenatis magnis scelerisque in ultricies lorem lacinia mus sagittis aliquet erat illo maecenas quasi lorem nullam repudiandae quia tincidunt fuga vero quas rerum impedit laoreet fugiat sint ad luctus adipiscing aliquid lacus dolorem voluptas lacus dolore vero reprehenderit commodo dui ad quod class facere fames parturient urna primis dignissim doloremque excepteur venenatis curabitur blandit lorem phasellus eu proin cumque in maecenas blandit minus aliquam porro dapibus officiis wisi maxime eros malesuada minima tenetur nam laboris consequatur mi quisque reprehenderit sit illo aspernatur aperiam beatae labore diamlorem interdum nisl anim mollis eius maecenas eiusmod magna ducimus dignissim etiam convallis quis impedit facilisi amet quasi imperdiet purus sit pellentesque voluptatum et totam non tincidunt vel rem nostrud nostrud est dictum sodales iste explicabo anim id anim parturient magni fuga '),
 ('129', 'field', '6', 'en_gb', ' 38 a2288 '),
 ('129', 'field', '5', 'en_gb', ''),
 ('129', 'field', '4', 'en_gb', ''),
 ('129', 'slug', '0', 'en_gb', ' et litora dictumst urna platea optio '),
 ('129', 'title', '0', 'en_gb', ' et litora dictumst urna platea optio '),
 ('130', 'field', '58', 'en_gb', ''),
 ('130', 'field', '59', 'en_gb', ''),
 ('130', 'field', '1', 'en_gb', ' dolores blanditiis quod ipsam quod facilisis vel unde platea vero dolorem sociis lorem enim nulla sociosqu placeat maxime feugiat hac taciti occaecati anim venenatis magnis scelerisque in ultricies lorem lacinia mus sagittis aliquet erat illo maecenas quasi lorem nullam repudiandae quia tincidunt fuga vero quas rerum impedit laoreet fugiat sint ad luctus adipiscing aliquid lacus dolorem voluptas lacus dolore vero reprehenderit commodo dui ad quod class facere fames parturient urna primis dignissim doloremque excepteur venenatis curabitur blandit lorem phasellus eu proin cumque in maecenas blandit minus aliquam porro dapibus officiis wisi maxime eros malesuada minima tenetur nam laboris consequatur mi quisque reprehenderit sit illo aspernatur aperiam beatae labore diamlorem interdum nisl anim mollis eius maecenas eiusmod magna ducimus dignissim etiam convallis quis impedit facilisi amet quasi imperdiet purus sit pellentesque voluptatum et totam non tincidunt vel rem nostrud nostrud est dictum sodales iste explicabo anim id anim parturient magni fuga '),
 ('130', 'field', '6', 'en_gb', ' 38 a2288 '),
 ('130', 'field', '5', 'en_gb', ''),
 ('130', 'field', '4', 'en_gb', ''),
 ('130', 'slug', '0', 'en_gb', ' habitasse occaecati nobis voluptate et dolor '),
 ('130', 'title', '0', 'en_gb', ' habitasse occaecati nobis voluptate et dolor '),
 ('131', 'field', '58', 'en_gb', ''),
 ('131', 'field', '59', 'en_gb', ''),
 ('131', 'field', '1', 'en_gb', ' dolores blanditiis quod ipsam quod facilisis vel unde platea vero dolorem sociis lorem enim nulla sociosqu placeat maxime feugiat hac taciti occaecati anim venenatis magnis scelerisque in ultricies lorem lacinia mus sagittis aliquet erat illo maecenas quasi lorem nullam repudiandae quia tincidunt fuga vero quas rerum impedit laoreet fugiat sint ad luctus adipiscing aliquid lacus dolorem voluptas lacus dolore vero reprehenderit commodo dui ad quod class facere fames parturient urna primis dignissim doloremque excepteur venenatis curabitur blandit lorem phasellus eu proin cumque in maecenas blandit minus aliquam porro dapibus officiis wisi maxime eros malesuada minima tenetur nam laboris consequatur mi quisque reprehenderit sit illo aspernatur aperiam beatae labore diamlorem interdum nisl anim mollis eius maecenas eiusmod magna ducimus dignissim etiam convallis quis impedit facilisi amet quasi imperdiet purus sit pellentesque voluptatum et totam non tincidunt vel rem nostrud nostrud est dictum sodales iste explicabo anim id anim parturient magni fuga '),
 ('131', 'field', '6', 'en_gb', ' 38 a2288 '),
 ('131', 'field', '5', 'en_gb', ''),
 ('131', 'field', '4', 'en_gb', ''),
 ('131', 'slug', '0', 'en_gb', ' hic maxime possimus magnam faucibus blandit '),
 ('131', 'title', '0', 'en_gb', ' hic maxime possimus magnam faucibus blandit ');
INSERT INTO `craft_searchindex` (`elementId`, `attribute`, `fieldId`, `locale`, `keywords`) VALUES
 ('132', 'field', '58', 'en_gb', ''),
 ('132', 'field', '59', 'en_gb', ''),
 ('132', 'field', '1', 'en_gb', ' dolores blanditiis quod ipsam quod facilisis vel unde platea vero dolorem sociis lorem enim nulla sociosqu placeat maxime feugiat hac taciti occaecati anim venenatis magnis scelerisque in ultricies lorem lacinia mus sagittis aliquet erat illo maecenas quasi lorem nullam repudiandae quia tincidunt fuga vero quas rerum impedit laoreet fugiat sint ad luctus adipiscing aliquid lacus dolorem voluptas lacus dolore vero reprehenderit commodo dui ad quod class facere fames parturient urna primis dignissim doloremque excepteur venenatis curabitur blandit lorem phasellus eu proin cumque in maecenas blandit minus aliquam porro dapibus officiis wisi maxime eros malesuada minima tenetur nam laboris consequatur mi quisque reprehenderit sit illo aspernatur aperiam beatae labore diamlorem interdum nisl anim mollis eius maecenas eiusmod magna ducimus dignissim etiam convallis quis impedit facilisi amet quasi imperdiet purus sit pellentesque voluptatum et totam non tincidunt vel rem nostrud nostrud est dictum sodales iste explicabo anim id anim parturient magni fuga '),
 ('132', 'field', '6', 'en_gb', ' 38 a2288 '),
 ('132', 'field', '5', 'en_gb', ''),
 ('132', 'field', '4', 'en_gb', ''),
 ('132', 'slug', '0', 'en_gb', ' tempus litora aliquid litora sit hymenaeos '),
 ('132', 'title', '0', 'en_gb', ' tempus litora aliquid litora sit hymenaeos '),
 ('133', 'field', '58', 'en_gb', ''),
 ('133', 'field', '59', 'en_gb', ''),
 ('133', 'field', '1', 'en_gb', ' dolores blanditiis quod ipsam quod facilisis vel unde platea vero dolorem sociis lorem enim nulla sociosqu placeat maxime feugiat hac taciti occaecati anim venenatis magnis scelerisque in ultricies lorem lacinia mus sagittis aliquet erat illo maecenas quasi lorem nullam repudiandae quia tincidunt fuga vero quas rerum impedit laoreet fugiat sint ad luctus adipiscing aliquid lacus dolorem voluptas lacus dolore vero reprehenderit commodo dui ad quod class facere fames parturient urna primis dignissim doloremque excepteur venenatis curabitur blandit lorem phasellus eu proin cumque in maecenas blandit minus aliquam porro dapibus officiis wisi maxime eros malesuada minima tenetur nam laboris consequatur mi quisque reprehenderit sit illo aspernatur aperiam beatae labore diamlorem interdum nisl anim mollis eius maecenas eiusmod magna ducimus dignissim etiam convallis quis impedit facilisi amet quasi imperdiet purus sit pellentesque voluptatum et totam non tincidunt vel rem nostrud nostrud est dictum sodales iste explicabo anim id anim parturient magni fuga '),
 ('133', 'field', '6', 'en_gb', ' 38 a2288 '),
 ('133', 'field', '5', 'en_gb', ''),
 ('133', 'field', '4', 'en_gb', ''),
 ('133', 'slug', '0', 'en_gb', ' quas a cupiditate iure proident bibendum '),
 ('133', 'title', '0', 'en_gb', ' quas a cupiditate iure proident bibendum '),
 ('134', 'field', '58', 'en_gb', ''),
 ('134', 'field', '59', 'en_gb', ''),
 ('134', 'field', '1', 'en_gb', ' dolores blanditiis quod ipsam quod facilisis vel unde platea vero dolorem sociis lorem enim nulla sociosqu placeat maxime feugiat hac taciti occaecati anim venenatis magnis scelerisque in ultricies lorem lacinia mus sagittis aliquet erat illo maecenas quasi lorem nullam repudiandae quia tincidunt fuga vero quas rerum impedit laoreet fugiat sint ad luctus adipiscing aliquid lacus dolorem voluptas lacus dolore vero reprehenderit commodo dui ad quod class facere fames parturient urna primis dignissim doloremque excepteur venenatis curabitur blandit lorem phasellus eu proin cumque in maecenas blandit minus aliquam porro dapibus officiis wisi maxime eros malesuada minima tenetur nam laboris consequatur mi quisque reprehenderit sit illo aspernatur aperiam beatae labore diamlorem interdum nisl anim mollis eius maecenas eiusmod magna ducimus dignissim etiam convallis quis impedit facilisi amet quasi imperdiet purus sit pellentesque voluptatum et totam non tincidunt vel rem nostrud nostrud est dictum sodales iste explicabo anim id anim parturient magni fuga '),
 ('134', 'field', '6', 'en_gb', ' 38 a2288 '),
 ('134', 'field', '5', 'en_gb', ''),
 ('134', 'field', '4', 'en_gb', ''),
 ('134', 'slug', '0', 'en_gb', ' fugit volutpat hendrerit doloribus similique fuga '),
 ('134', 'title', '0', 'en_gb', ' fugit volutpat hendrerit doloribus similique fuga '),
 ('135', 'field', '58', 'en_gb', ''),
 ('135', 'field', '59', 'en_gb', ''),
 ('135', 'field', '1', 'en_gb', ' dolores blanditiis quod ipsam quod facilisis vel unde platea vero dolorem sociis lorem enim nulla sociosqu placeat maxime feugiat hac taciti occaecati anim venenatis magnis scelerisque in ultricies lorem lacinia mus sagittis aliquet erat illo maecenas quasi lorem nullam repudiandae quia tincidunt fuga vero quas rerum impedit laoreet fugiat sint ad luctus adipiscing aliquid lacus dolorem voluptas lacus dolore vero reprehenderit commodo dui ad quod class facere fames parturient urna primis dignissim doloremque excepteur venenatis curabitur blandit lorem phasellus eu proin cumque in maecenas blandit minus aliquam porro dapibus officiis wisi maxime eros malesuada minima tenetur nam laboris consequatur mi quisque reprehenderit sit illo aspernatur aperiam beatae labore diamlorem interdum nisl anim mollis eius maecenas eiusmod magna ducimus dignissim etiam convallis quis impedit facilisi amet quasi imperdiet purus sit pellentesque voluptatum et totam non tincidunt vel rem nostrud nostrud est dictum sodales iste explicabo anim id anim parturient magni fuga '),
 ('135', 'field', '6', 'en_gb', ' 38 a2288 '),
 ('135', 'field', '5', 'en_gb', ''),
 ('135', 'field', '4', 'en_gb', ''),
 ('135', 'slug', '0', 'en_gb', ' laoreet minus atque aliqua dapibus sagittis '),
 ('135', 'title', '0', 'en_gb', ' laoreet minus atque aliqua dapibus sagittis '),
 ('136', 'field', '60', 'en_gb', ' 2016 09 14 '),
 ('136', 'field', '58', 'en_gb', ' ultrices nostrud facilisis incidunt proident corrupti urna illo tellus adipiscing proident minus feugiat atque exercitation magnam hac unde pariatur accusamus soluta dignissim architecto class sociis consequatur taciti saepe dolor lacinia ridiculus aptent fringilla dignissim beatae commodo et sodales mollis fringilla fugit purus beatae eiusmod elementum rutrum ex laudantium amet penatibus '),
 ('136', 'field', '59', 'en_gb', ''),
 ('136', 'field', '1', 'en_gb', ' mi repudiandae distinctio fusce nostrum irure molestiae mollitia illum fugit maiores scelerisque eveniet quasi netus mi dicta iste hac ducimus parturient cursus quasi varius proin faucibus molestiae malesuada ultricies ea atque massa iste totam quos assumenda ducimus montes ullamco lorem nisl repudiandae orci taciti diam ipsum eget alias deleniti commodi facere interdum purus fugiat pellentesque taciti litora dis corrupti veniam ridiculus quisque ornare provident veritatis nec aliquid natus ducimus conubia et itaque sem malesuada sed tellus exercitationem dapibus ac tellus accusamus laboris quod natus a pariatur qui iure voluptatibus habitasse magnis cupiditate taciti dolores culpa etiam ante doloremque rerum diam montes officiis venenatis dolorem pellentesque rem ac faucibus ligula corrupti nesciunt augue magna molestiae labore delectus minima omnis interdum debitis deserunt fusce montes consequuntur curae purus tempore sem pretium libero accusamus torquent sollicitudin pulvinar beatae porttitor explicabo mollitia mus minus montes est nostrud eius dictum porta magnis per aptent elementum provident possimus vel recusandae euismod numquam pellentesque purus aliquet ut explicabo possimus eaque cupiditate exercitation tempor hendrerit totam tempore numquam laoreet aut eos deleniti maiores quam velit pede voluptate atque pretium diamlorem viverra adipisci ullamco imperdiet aute consectetuer mus vero error pede lacinia aut adipisicing nulla laborum saepe itaque morbi minima consequuntur cupidatat omnis integer nostrum neque eu hymenaeos accusamus cupiditate incididunt aliquip quaerat diamlorem mollitia autem cupidatat senectus autem mauris incididunt eu aperiam ut mollitia laudantium neque eius vel rerum duis explicabo mi laboriosam inceptos congue adipiscing viverra soluta facilisis rerum magna consequat imperdiet nunc ornare tempor cumque libero '),
 ('136', 'field', '6', 'en_gb', ' 38 a2312 '),
 ('136', 'field', '5', 'en_gb', ''),
 ('136', 'field', '4', 'en_gb', ''),
 ('136', 'slug', '0', 'en_gb', ' cameras on croxley '),
 ('136', 'title', '0', 'en_gb', ' etiam occaecat dolor debitis bibendum numquam '),
 ('137', 'field', '60', 'en_gb', ' 2016 09 14 '),
 ('137', 'field', '58', 'en_gb', ' ultrices nostrud facilisis incidunt proident corrupti urna illo tellus adipiscing proident minus feugiat atque exercitation magnam hac unde pariatur accusamus soluta dignissim architecto class sociis consequatur taciti saepe dolor lacinia ridiculus aptent fringilla dignissim beatae commodo et sodales mollis fringilla fugit purus beatae eiusmod elementum rutrum ex laudantium amet penatibus '),
 ('137', 'field', '59', 'en_gb', ''),
 ('137', 'field', '1', 'en_gb', ' mi repudiandae distinctio fusce nostrum irure molestiae mollitia illum fugit maiores scelerisque eveniet quasi netus mi dicta iste hac ducimus parturient cursus quasi varius proin faucibus molestiae malesuada ultricies ea atque massa iste totam quos assumenda ducimus montes ullamco lorem nisl repudiandae orci taciti diam ipsum eget alias deleniti commodi facere interdum purus fugiat pellentesque taciti litora dis corrupti veniam ridiculus quisque ornare provident veritatis nec aliquid natus ducimus conubia et itaque sem malesuada sed tellus exercitationem dapibus ac tellus accusamus laboris quod natus a pariatur qui iure voluptatibus habitasse magnis cupiditate taciti dolores culpa etiam ante doloremque rerum diam montes officiis venenatis dolorem pellentesque rem ac faucibus ligula corrupti nesciunt augue magna molestiae labore delectus minima omnis interdum debitis deserunt fusce montes consequuntur curae purus tempore sem pretium libero accusamus torquent sollicitudin pulvinar beatae porttitor explicabo mollitia mus minus montes est nostrud eius dictum porta magnis per aptent elementum provident possimus vel recusandae euismod numquam pellentesque purus aliquet ut explicabo possimus eaque cupiditate exercitation tempor hendrerit totam tempore numquam laoreet aut eos deleniti maiores quam velit pede voluptate atque pretium diamlorem viverra adipisci ullamco imperdiet aute consectetuer mus vero error pede lacinia aut adipisicing nulla laborum saepe itaque morbi minima consequuntur cupidatat omnis integer nostrum neque eu hymenaeos accusamus cupiditate incididunt aliquip quaerat diamlorem mollitia autem cupidatat senectus autem mauris incididunt eu aperiam ut mollitia laudantium neque eius vel rerum duis explicabo mi laboriosam inceptos congue adipiscing viverra soluta facilisis rerum magna consequat imperdiet nunc ornare tempor cumque libero '),
 ('137', 'field', '6', 'en_gb', ' 38 a2312 '),
 ('137', 'field', '5', 'en_gb', ''),
 ('137', 'field', '4', 'en_gb', ''),
 ('137', 'slug', '0', 'en_gb', ' veniam dolor ab '),
 ('137', 'title', '0', 'en_gb', ' veniam dolor ab '),
 ('138', 'field', '60', 'en_gb', ' 2016 09 14 '),
 ('138', 'field', '58', 'en_gb', ' ultrices nostrud facilisis incidunt proident corrupti urna illo tellus adipiscing proident minus feugiat atque exercitation magnam hac unde pariatur accusamus soluta dignissim architecto class sociis consequatur taciti saepe dolor lacinia ridiculus aptent fringilla dignissim beatae commodo et sodales mollis fringilla fugit purus beatae eiusmod elementum rutrum ex laudantium amet penatibus '),
 ('138', 'field', '59', 'en_gb', ''),
 ('138', 'field', '1', 'en_gb', ' mi repudiandae distinctio fusce nostrum irure molestiae mollitia illum fugit maiores scelerisque eveniet quasi netus mi dicta iste hac ducimus parturient cursus quasi varius proin faucibus molestiae malesuada ultricies ea atque massa iste totam quos assumenda ducimus montes ullamco lorem nisl repudiandae orci taciti diam ipsum eget alias deleniti commodi facere interdum purus fugiat pellentesque taciti litora dis corrupti veniam ridiculus quisque ornare provident veritatis nec aliquid natus ducimus conubia et itaque sem malesuada sed tellus exercitationem dapibus ac tellus accusamus laboris quod natus a pariatur qui iure voluptatibus habitasse magnis cupiditate taciti dolores culpa etiam ante doloremque rerum diam montes officiis venenatis dolorem pellentesque rem ac faucibus ligula corrupti nesciunt augue magna molestiae labore delectus minima omnis interdum debitis deserunt fusce montes consequuntur curae purus tempore sem pretium libero accusamus torquent sollicitudin pulvinar beatae porttitor explicabo mollitia mus minus montes est nostrud eius dictum porta magnis per aptent elementum provident possimus vel recusandae euismod numquam pellentesque purus aliquet ut explicabo possimus eaque cupiditate exercitation tempor hendrerit totam tempore numquam laoreet aut eos deleniti maiores quam velit pede voluptate atque pretium diamlorem viverra adipisci ullamco imperdiet aute consectetuer mus vero error pede lacinia aut adipisicing nulla laborum saepe itaque morbi minima consequuntur cupidatat omnis integer nostrum neque eu hymenaeos accusamus cupiditate incididunt aliquip quaerat diamlorem mollitia autem cupidatat senectus autem mauris incididunt eu aperiam ut mollitia laudantium neque eius vel rerum duis explicabo mi laboriosam inceptos congue adipiscing viverra soluta facilisis rerum magna consequat imperdiet nunc ornare tempor cumque libero '),
 ('138', 'field', '6', 'en_gb', ' 38 a2312 '),
 ('138', 'field', '5', 'en_gb', ''),
 ('138', 'field', '4', 'en_gb', ''),
 ('138', 'slug', '0', 'en_gb', ' risus aut veniam '),
 ('138', 'title', '0', 'en_gb', ' risus aut veniam '),
 ('139', 'field', '60', 'en_gb', ' 2016 09 14 '),
 ('139', 'field', '58', 'en_gb', ' ultrices nostrud facilisis incidunt proident corrupti urna illo tellus adipiscing proident minus feugiat atque exercitation magnam hac unde pariatur accusamus soluta dignissim architecto class sociis consequatur taciti saepe dolor lacinia ridiculus aptent fringilla dignissim beatae commodo et sodales mollis fringilla fugit purus beatae eiusmod elementum rutrum ex laudantium amet penatibus '),
 ('139', 'field', '59', 'en_gb', ''),
 ('139', 'field', '1', 'en_gb', ' mi repudiandae distinctio fusce nostrum irure molestiae mollitia illum fugit maiores scelerisque eveniet quasi netus mi dicta iste hac ducimus parturient cursus quasi varius proin faucibus molestiae malesuada ultricies ea atque massa iste totam quos assumenda ducimus montes ullamco lorem nisl repudiandae orci taciti diam ipsum eget alias deleniti commodi facere interdum purus fugiat pellentesque taciti litora dis corrupti veniam ridiculus quisque ornare provident veritatis nec aliquid natus ducimus conubia et itaque sem malesuada sed tellus exercitationem dapibus ac tellus accusamus laboris quod natus a pariatur qui iure voluptatibus habitasse magnis cupiditate taciti dolores culpa etiam ante doloremque rerum diam montes officiis venenatis dolorem pellentesque rem ac faucibus ligula corrupti nesciunt augue magna molestiae labore delectus minima omnis interdum debitis deserunt fusce montes consequuntur curae purus tempore sem pretium libero accusamus torquent sollicitudin pulvinar beatae porttitor explicabo mollitia mus minus montes est nostrud eius dictum porta magnis per aptent elementum provident possimus vel recusandae euismod numquam pellentesque purus aliquet ut explicabo possimus eaque cupiditate exercitation tempor hendrerit totam tempore numquam laoreet aut eos deleniti maiores quam velit pede voluptate atque pretium diamlorem viverra adipisci ullamco imperdiet aute consectetuer mus vero error pede lacinia aut adipisicing nulla laborum saepe itaque morbi minima consequuntur cupidatat omnis integer nostrum neque eu hymenaeos accusamus cupiditate incididunt aliquip quaerat diamlorem mollitia autem cupidatat senectus autem mauris incididunt eu aperiam ut mollitia laudantium neque eius vel rerum duis explicabo mi laboriosam inceptos congue adipiscing viverra soluta facilisis rerum magna consequat imperdiet nunc ornare tempor cumque libero '),
 ('139', 'field', '6', 'en_gb', ' 38 a2312 '),
 ('139', 'field', '5', 'en_gb', ''),
 ('139', 'field', '4', 'en_gb', ''),
 ('139', 'slug', '0', 'en_gb', ' consectetur aliquid quisquam labore culpa '),
 ('139', 'title', '0', 'en_gb', ' consectetur aliquid quisquam labore culpa '),
 ('140', 'field', '60', 'en_gb', ' 2016 09 14 '),
 ('140', 'field', '58', 'en_gb', ' ultrices nostrud facilisis incidunt proident corrupti urna illo tellus adipiscing proident minus feugiat atque exercitation magnam hac unde pariatur accusamus soluta dignissim architecto class sociis consequatur taciti saepe dolor lacinia ridiculus aptent fringilla dignissim beatae commodo et sodales mollis fringilla fugit purus beatae eiusmod elementum rutrum ex laudantium amet penatibus '),
 ('140', 'field', '59', 'en_gb', ''),
 ('140', 'field', '1', 'en_gb', ' mi repudiandae distinctio fusce nostrum irure molestiae mollitia illum fugit maiores scelerisque eveniet quasi netus mi dicta iste hac ducimus parturient cursus quasi varius proin faucibus molestiae malesuada ultricies ea atque massa iste totam quos assumenda ducimus montes ullamco lorem nisl repudiandae orci taciti diam ipsum eget alias deleniti commodi facere interdum purus fugiat pellentesque taciti litora dis corrupti veniam ridiculus quisque ornare provident veritatis nec aliquid natus ducimus conubia et itaque sem malesuada sed tellus exercitationem dapibus ac tellus accusamus laboris quod natus a pariatur qui iure voluptatibus habitasse magnis cupiditate taciti dolores culpa etiam ante doloremque rerum diam montes officiis venenatis dolorem pellentesque rem ac faucibus ligula corrupti nesciunt augue magna molestiae labore delectus minima omnis interdum debitis deserunt fusce montes consequuntur curae purus tempore sem pretium libero accusamus torquent sollicitudin pulvinar beatae porttitor explicabo mollitia mus minus montes est nostrud eius dictum porta magnis per aptent elementum provident possimus vel recusandae euismod numquam pellentesque purus aliquet ut explicabo possimus eaque cupiditate exercitation tempor hendrerit totam tempore numquam laoreet aut eos deleniti maiores quam velit pede voluptate atque pretium diamlorem viverra adipisci ullamco imperdiet aute consectetuer mus vero error pede lacinia aut adipisicing nulla laborum saepe itaque morbi minima consequuntur cupidatat omnis integer nostrum neque eu hymenaeos accusamus cupiditate incididunt aliquip quaerat diamlorem mollitia autem cupidatat senectus autem mauris incididunt eu aperiam ut mollitia laudantium neque eius vel rerum duis explicabo mi laboriosam inceptos congue adipiscing viverra soluta facilisis rerum magna consequat imperdiet nunc ornare tempor cumque libero '),
 ('140', 'field', '6', 'en_gb', ' 38 a2312 '),
 ('140', 'field', '5', 'en_gb', ''),
 ('140', 'field', '4', 'en_gb', ''),
 ('140', 'slug', '0', 'en_gb', ' faucibus porro dictumst vero laborum '),
 ('140', 'title', '0', 'en_gb', ' faucibus porro dictumst vero laborum '),
 ('141', 'field', '60', 'en_gb', ' 2016 09 14 '),
 ('141', 'field', '58', 'en_gb', ' ultrices nostrud facilisis incidunt proident corrupti urna illo tellus adipiscing proident minus feugiat atque exercitation magnam hac unde pariatur accusamus soluta dignissim architecto class sociis consequatur taciti saepe dolor lacinia ridiculus aptent fringilla dignissim beatae commodo et sodales mollis fringilla fugit purus beatae eiusmod elementum rutrum ex laudantium amet penatibus '),
 ('141', 'field', '59', 'en_gb', ''),
 ('141', 'field', '1', 'en_gb', ' mi repudiandae distinctio fusce nostrum irure molestiae mollitia illum fugit maiores scelerisque eveniet quasi netus mi dicta iste hac ducimus parturient cursus quasi varius proin faucibus molestiae malesuada ultricies ea atque massa iste totam quos assumenda ducimus montes ullamco lorem nisl repudiandae orci taciti diam ipsum eget alias deleniti commodi facere interdum purus fugiat pellentesque taciti litora dis corrupti veniam ridiculus quisque ornare provident veritatis nec aliquid natus ducimus conubia et itaque sem malesuada sed tellus exercitationem dapibus ac tellus accusamus laboris quod natus a pariatur qui iure voluptatibus habitasse magnis cupiditate taciti dolores culpa etiam ante doloremque rerum diam montes officiis venenatis dolorem pellentesque rem ac faucibus ligula corrupti nesciunt augue magna molestiae labore delectus minima omnis interdum debitis deserunt fusce montes consequuntur curae purus tempore sem pretium libero accusamus torquent sollicitudin pulvinar beatae porttitor explicabo mollitia mus minus montes est nostrud eius dictum porta magnis per aptent elementum provident possimus vel recusandae euismod numquam pellentesque purus aliquet ut explicabo possimus eaque cupiditate exercitation tempor hendrerit totam tempore numquam laoreet aut eos deleniti maiores quam velit pede voluptate atque pretium diamlorem viverra adipisci ullamco imperdiet aute consectetuer mus vero error pede lacinia aut adipisicing nulla laborum saepe itaque morbi minima consequuntur cupidatat omnis integer nostrum neque eu hymenaeos accusamus cupiditate incididunt aliquip quaerat diamlorem mollitia autem cupidatat senectus autem mauris incididunt eu aperiam ut mollitia laudantium neque eius vel rerum duis explicabo mi laboriosam inceptos congue adipiscing viverra soluta facilisis rerum magna consequat imperdiet nunc ornare tempor cumque libero '),
 ('141', 'field', '6', 'en_gb', ' 38 a2312 '),
 ('141', 'field', '5', 'en_gb', ''),
 ('141', 'field', '4', 'en_gb', ''),
 ('141', 'slug', '0', 'en_gb', ' officia aliquet mattis leo aute '),
 ('141', 'title', '0', 'en_gb', ' officia aliquet mattis leo aute '),
 ('142', 'field', '60', 'en_gb', ' 2016 09 14 '),
 ('142', 'field', '58', 'en_gb', ' ultrices nostrud facilisis incidunt proident corrupti urna illo tellus adipiscing proident minus feugiat atque exercitation magnam hac unde pariatur accusamus soluta dignissim architecto class sociis consequatur taciti saepe dolor lacinia ridiculus aptent fringilla dignissim beatae commodo et sodales mollis fringilla fugit purus beatae eiusmod elementum rutrum ex laudantium amet penatibus '),
 ('142', 'field', '59', 'en_gb', ''),
 ('142', 'field', '1', 'en_gb', ' mi repudiandae distinctio fusce nostrum irure molestiae mollitia illum fugit maiores scelerisque eveniet quasi netus mi dicta iste hac ducimus parturient cursus quasi varius proin faucibus molestiae malesuada ultricies ea atque massa iste totam quos assumenda ducimus montes ullamco lorem nisl repudiandae orci taciti diam ipsum eget alias deleniti commodi facere interdum purus fugiat pellentesque taciti litora dis corrupti veniam ridiculus quisque ornare provident veritatis nec aliquid natus ducimus conubia et itaque sem malesuada sed tellus exercitationem dapibus ac tellus accusamus laboris quod natus a pariatur qui iure voluptatibus habitasse magnis cupiditate taciti dolores culpa etiam ante doloremque rerum diam montes officiis venenatis dolorem pellentesque rem ac faucibus ligula corrupti nesciunt augue magna molestiae labore delectus minima omnis interdum debitis deserunt fusce montes consequuntur curae purus tempore sem pretium libero accusamus torquent sollicitudin pulvinar beatae porttitor explicabo mollitia mus minus montes est nostrud eius dictum porta magnis per aptent elementum provident possimus vel recusandae euismod numquam pellentesque purus aliquet ut explicabo possimus eaque cupiditate exercitation tempor hendrerit totam tempore numquam laoreet aut eos deleniti maiores quam velit pede voluptate atque pretium diamlorem viverra adipisci ullamco imperdiet aute consectetuer mus vero error pede lacinia aut adipisicing nulla laborum saepe itaque morbi minima consequuntur cupidatat omnis integer nostrum neque eu hymenaeos accusamus cupiditate incididunt aliquip quaerat diamlorem mollitia autem cupidatat senectus autem mauris incididunt eu aperiam ut mollitia laudantium neque eius vel rerum duis explicabo mi laboriosam inceptos congue adipiscing viverra soluta facilisis rerum magna consequat imperdiet nunc ornare tempor cumque libero '),
 ('142', 'field', '6', 'en_gb', ''),
 ('142', 'field', '5', 'en_gb', ''),
 ('142', 'field', '4', 'en_gb', ''),
 ('142', 'slug', '0', 'en_gb', ' aspernatur iste sequi ipsum nostra '),
 ('142', 'title', '0', 'en_gb', ' aspernatur iste sequi ipsum nostra '),
 ('143', 'field', '20', 'en_gb', ' bray fox smith paulqsmith brayfoxsmith com paul smith 020 7629 5572 heathersmith brayfoxsmith com heather smith 020 3362 4350 custom http www brayfoxsmith com www brayfoxsmith com _blank '),
 ('143', 'slug', '0', 'en_gb', ' bray fox smith '),
 ('143', 'title', '0', 'en_gb', ' bray fox smith '),
 ('144', 'field', '21', 'en_gb', ''),
 ('144', 'field', '22', 'en_gb', ' custom http www brayfoxsmith com www brayfoxsmith com _blank ');
INSERT INTO `craft_searchindex` (`elementId`, `attribute`, `fieldId`, `locale`, `keywords`) VALUES
 ('144', 'field', '23', 'en_gb', ' paulqsmith brayfoxsmith com paul smith 020 7629 5572 heathersmith brayfoxsmith com heather smith 020 3362 4350 '),
 ('144', 'field', '37', 'en_gb', ' bray fox smith '),
 ('144', 'slug', '0', 'en_gb', ''),
 ('145', 'field', '24', 'en_gb', ' paul smith '),
 ('145', 'field', '25', 'en_gb', ' paulqsmith brayfoxsmith com '),
 ('145', 'field', '26', 'en_gb', ' 020 7629 5572 '),
 ('145', 'field', '27', 'en_gb', ''),
 ('145', 'slug', '0', 'en_gb', ''),
 ('146', 'field', '24', 'en_gb', ' heather smith '),
 ('146', 'field', '25', 'en_gb', ' heathersmith brayfoxsmith com '),
 ('146', 'field', '26', 'en_gb', ' 020 3362 4350 '),
 ('146', 'field', '27', 'en_gb', ''),
 ('146', 'slug', '0', 'en_gb', ''),
 ('147', 'filename', '0', 'en_gb', ' stimpsons jpg '),
 ('147', 'extension', '0', 'en_gb', ' jpg '),
 ('147', 'kind', '0', 'en_gb', ' image '),
 ('147', 'slug', '0', 'en_gb', ''),
 ('147', 'title', '0', 'en_gb', ' stimpsons '),
 ('148', 'field', '20', 'en_gb', ' stimpsons pmf stimpsons co uk paul felton 01923 60402 custom http stimpsons co uk stimpsons co uk '),
 ('148', 'slug', '0', 'en_gb', ' stimpsons '),
 ('148', 'title', '0', 'en_gb', ' stimpsons '),
 ('149', 'field', '21', 'en_gb', ''),
 ('149', 'field', '22', 'en_gb', ' custom http stimpsons co uk stimpsons co uk '),
 ('149', 'field', '23', 'en_gb', ' pmf stimpsons co uk paul felton 01923 60402 '),
 ('149', 'field', '37', 'en_gb', ' stimpsons '),
 ('149', 'slug', '0', 'en_gb', ''),
 ('150', 'field', '24', 'en_gb', ' paul felton '),
 ('150', 'field', '25', 'en_gb', ' pmf stimpsons co uk '),
 ('150', 'field', '26', 'en_gb', ' 01923 60402 '),
 ('150', 'field', '27', 'en_gb', ''),
 ('150', 'slug', '0', 'en_gb', ''),
 ('151', 'filename', '0', 'en_gb', ' cbre jpg '),
 ('151', 'extension', '0', 'en_gb', ' jpg '),
 ('151', 'kind', '0', 'en_gb', ' image '),
 ('151', 'slug', '0', 'en_gb', ''),
 ('151', 'title', '0', 'en_gb', ' cbre '),
 ('152', 'field', '20', 'en_gb', ' cbre paulqsmith brayfoxsmith com paul smith 020 7629 5572 heathersmith brayfoxsmith com heather smith 020 3362 4350 custom http www cbre co uk www cbre co uk _blank '),
 ('152', 'slug', '0', 'en_gb', ' cbre '),
 ('152', 'title', '0', 'en_gb', ' cbre '),
 ('153', 'field', '21', 'en_gb', ''),
 ('153', 'field', '22', 'en_gb', ' custom http www cbre co uk www cbre co uk _blank '),
 ('153', 'field', '23', 'en_gb', ' paulqsmith brayfoxsmith com paul smith 020 7629 5572 heathersmith brayfoxsmith com heather smith 020 3362 4350 '),
 ('153', 'field', '37', 'en_gb', ' cbre '),
 ('153', 'slug', '0', 'en_gb', ''),
 ('154', 'field', '24', 'en_gb', ' paul smith '),
 ('154', 'field', '25', 'en_gb', ' paulqsmith brayfoxsmith com '),
 ('154', 'field', '26', 'en_gb', ' 020 7629 5572 '),
 ('154', 'field', '27', 'en_gb', ''),
 ('154', 'slug', '0', 'en_gb', ''),
 ('155', 'field', '24', 'en_gb', ' heather smith '),
 ('155', 'field', '25', 'en_gb', ' heathersmith brayfoxsmith com '),
 ('155', 'field', '26', 'en_gb', ' 020 3362 4350 '),
 ('155', 'field', '27', 'en_gb', ''),
 ('155', 'slug', '0', 'en_gb', ''),
 ('156', 'field', '20', 'en_gb', ' sstaff croxleygreen co uk marketing customer services manager 07726 359957 sarina staff 01923 243022 '),
 ('156', 'slug', '0', 'en_gb', ' sarina staff '),
 ('156', 'title', '0', 'en_gb', ' sarina staff '),
 ('157', 'field', '21', 'en_gb', ''),
 ('157', 'field', '22', 'en_gb', ''),
 ('157', 'field', '23', 'en_gb', ' sstaff croxleygreen co uk marketing customer services manager 07726 359957 sarina staff 01923 243022 '),
 ('157', 'field', '37', 'en_gb', ''),
 ('157', 'slug', '0', 'en_gb', ''),
 ('158', 'field', '24', 'en_gb', ' sarina staff '),
 ('158', 'field', '25', 'en_gb', ' sstaff croxleygreen co uk '),
 ('158', 'field', '26', 'en_gb', ' 01923 243022 '),
 ('158', 'field', '27', 'en_gb', ' 07726 359957 '),
 ('158', 'slug', '0', 'en_gb', ''),
 ('159', 'field', '20', 'en_gb', ' sshippey croxleygreen co uk park management assistant sarah shippey 01923 252961 '),
 ('159', 'slug', '0', 'en_gb', ' sarah shippey '),
 ('159', 'title', '0', 'en_gb', ' sarah shippey '),
 ('160', 'field', '21', 'en_gb', ''),
 ('160', 'field', '22', 'en_gb', ''),
 ('160', 'field', '23', 'en_gb', ' sshippey croxleygreen co uk park management assistant sarah shippey 01923 252961 '),
 ('160', 'field', '37', 'en_gb', ''),
 ('160', 'slug', '0', 'en_gb', ''),
 ('161', 'field', '24', 'en_gb', ' sarah shippey '),
 ('161', 'field', '25', 'en_gb', ' sshippey croxleygreen co uk '),
 ('161', 'field', '26', 'en_gb', ' 01923 252961 '),
 ('161', 'field', '27', 'en_gb', ''),
 ('161', 'slug', '0', 'en_gb', ''),
 ('158', 'field', '76', 'en_gb', ' marketing customer services manager '),
 ('161', 'field', '76', 'en_gb', ' park management assistant '),
 ('19', 'field', '73', 'en_gb', ' bray fox smith stimpsons cbre letting agents sarina staff sarah shippey on site marketing and management centre '),
 ('19', 'field', '5', 'en_gb', ''),
 ('19', 'field', '4', 'en_gb', ''),
 ('162', 'field', '74', 'en_gb', ' letting agents '),
 ('162', 'field', '75', 'en_gb', ' bray fox smith stimpsons cbre '),
 ('162', 'slug', '0', 'en_gb', ''),
 ('163', 'field', '74', 'en_gb', ' on site marketing and management centre '),
 ('163', 'field', '75', 'en_gb', ' sarina staff sarah shippey '),
 ('163', 'slug', '0', 'en_gb', ''),
 ('9', 'field', '73', 'en_gb', ' bray fox smith cbre stimpsons '),
 ('45', 'field', '37', 'en_gb', ''),
 ('46', 'field', '76', 'en_gb', ''),
 ('47', 'field', '76', 'en_gb', ''),
 ('48', 'field', '37', 'en_gb', ''),
 ('49', 'field', '76', 'en_gb', ''),
 ('50', 'field', '37', 'en_gb', ''),
 ('51', 'field', '76', 'en_gb', ''),
 ('164', 'field', '74', 'en_gb', '');
INSERT INTO `craft_searchindex` (`elementId`, `attribute`, `fieldId`, `locale`, `keywords`) VALUES
 ('164', 'field', '75', 'en_gb', ' bray fox smith cbre stimpsons '),
 ('164', 'slug', '0', 'en_gb', ''),
 ('145', 'field', '76', 'en_gb', ''),
 ('146', 'field', '76', 'en_gb', '');



DROP TABLE IF EXISTS `craft_sections`;


--
-- Schema for table `craft_sections`
--
CREATE TABLE `craft_sections` (
  `id` int(11) NOT NULL AUTO_INCREMENT,
  `structureId` int(11) DEFAULT NULL,
  `name` varchar(255) COLLATE utf8_unicode_ci NOT NULL,
  `handle` varchar(255) COLLATE utf8_unicode_ci NOT NULL,
  `type` enum('single','channel','structure') COLLATE utf8_unicode_ci NOT NULL DEFAULT 'channel',
  `hasUrls` tinyint(1) unsigned NOT NULL DEFAULT '1',
  `template` varchar(500) COLLATE utf8_unicode_ci DEFAULT NULL,
  `enableVersioning` tinyint(1) unsigned NOT NULL DEFAULT '0',
  `dateCreated` datetime NOT NULL,
  `dateUpdated` datetime NOT NULL,
  `uid` char(36) COLLATE utf8_unicode_ci NOT NULL DEFAULT '0',
  PRIMARY KEY (`id`),
  UNIQUE KEY `craft_sections_name_unq_idx` (`name`),
  UNIQUE KEY `craft_sections_handle_unq_idx` (`handle`),
  KEY `craft_sections_structureId_fk` (`structureId`)
) ENGINE=InnoDB AUTO_INCREMENT=10 DEFAULT CHARSET=utf8 COLLATE=utf8_unicode_ci;

--
-- Data for table `craft_sections`
--

INSERT INTO `craft_sections` (`id`, `structureId`, `name`, `handle`, `type`, `hasUrls`, `template`, `enableVersioning`, `dateCreated`, `dateUpdated`, `uid`) VALUES
 ('1', NULL, 'Homepage', 'homepage', 'single', '1', 'index', '1', '2016-09-06 16:45:31', '2016-09-09 09:52:07', '1ffb614b-36a2-4a18-b1e2-0445af1e2c04'),
 ('3', '1', 'Footer', 'footer', 'structure', '1', 'footer/_entry', '1', '2016-09-07 08:53:30', '2016-09-07 08:53:30', '518feb6a-8ad1-4591-b753-ddc79d6991cf'),
 ('4', '2', 'Site', 'site', 'structure', '1', 'root', '1', '2016-09-07 09:33:50', '2016-09-12 15:40:48', '03ec85c9-503f-4d19-9576-ec442c80dda4'),
 ('5', NULL, 'News', 'news', 'channel', '1', 'news/_entry', '1', '2016-09-07 09:34:11', '2016-09-07 09:34:11', '2157c44b-bb34-4bf9-8495-ab19c1cbfccb'),
 ('6', NULL, 'Events', 'events', 'channel', '1', 'events/_entry', '1', '2016-09-07 09:34:21', '2016-09-07 09:34:21', 'a913ec65-90b9-4a45-8e6d-48a102b59f01'),
 ('7', NULL, 'Patterns', 'patterns', 'single', '1', 'patterns', '1', '2016-09-09 11:15:01', '2016-09-09 11:15:01', '058efe79-920f-4732-afcf-14bbf01439b6'),
 ('8', '4', 'Amenities', 'amenities', 'structure', '0', NULL, '1', '2016-09-12 14:24:17', '2016-09-12 14:24:17', '432888b3-1da2-4fc6-912a-c90e5514b762'),
 ('9', '5', 'Contacts', 'contacts', 'structure', '0', NULL, '1', '2016-09-13 16:44:01', '2016-09-13 16:44:01', 'ac46b913-9dbb-4db4-8f88-1a6e9693b600');



DROP TABLE IF EXISTS `craft_sections_i18n`;


--
-- Schema for table `craft_sections_i18n`
--
CREATE TABLE `craft_sections_i18n` (
  `id` int(11) NOT NULL AUTO_INCREMENT,
  `sectionId` int(11) NOT NULL,
  `locale` char(12) COLLATE utf8_unicode_ci NOT NULL,
  `enabledByDefault` tinyint(1) unsigned NOT NULL DEFAULT '1',
  `urlFormat` text COLLATE utf8_unicode_ci,
  `nestedUrlFormat` text COLLATE utf8_unicode_ci,
  `dateCreated` datetime NOT NULL,
  `dateUpdated` datetime NOT NULL,
  `uid` char(36) COLLATE utf8_unicode_ci NOT NULL DEFAULT '0',
  PRIMARY KEY (`id`),
  UNIQUE KEY `craft_sections_i18n_sectionId_locale_unq_idx` (`sectionId`,`locale`),
  KEY `craft_sections_i18n_locale_fk` (`locale`)
) ENGINE=InnoDB AUTO_INCREMENT=10 DEFAULT CHARSET=utf8 COLLATE=utf8_unicode_ci;

--
-- Data for table `craft_sections_i18n`
--

INSERT INTO `craft_sections_i18n` (`id`, `sectionId`, `locale`, `enabledByDefault`, `urlFormat`, `nestedUrlFormat`, `dateCreated`, `dateUpdated`, `uid`) VALUES
 ('1', '1', 'en_gb', '1', '__home__', NULL, '2016-09-06 16:45:31', '2016-09-06 16:45:31', '754589d3-3f9e-4222-b583-ce22c0f0cda2'),
 ('3', '3', 'en_gb', '1', '{slug}', NULL, '2016-09-07 08:53:30', '2016-09-07 08:53:30', 'afd77c6f-9e3c-45c5-8c69-656b2fd04b27'),
 ('4', '4', 'en_gb', '1', '{slug}', '{parent.uri}/{slug}', '2016-09-07 09:33:50', '2016-09-07 09:33:50', 'ed62802a-732d-4bc7-b102-6f1e6ee5a9ee'),
 ('5', '5', 'en_gb', '1', 'news/{slug}', NULL, '2016-09-07 09:34:11', '2016-09-07 09:34:11', '2b2342b5-f2ac-4080-9321-656301c84739'),
 ('6', '6', 'en_gb', '1', 'events/{slug}', NULL, '2016-09-07 09:34:21', '2016-09-07 09:34:21', '81ecc60a-4db3-441d-885c-744b9365665e'),
 ('7', '7', 'en_gb', '1', 'patterns', NULL, '2016-09-09 11:15:01', '2016-09-09 11:15:01', '114517ea-6ed9-4eab-8d5f-94e0b5282d3f'),
 ('8', '8', 'en_gb', '1', NULL, NULL, '2016-09-12 14:24:17', '2016-09-12 14:24:17', '5cd7eaa5-0b2c-43ac-8853-b1607361bb7b'),
 ('9', '9', 'en_gb', '1', NULL, NULL, '2016-09-13 16:44:01', '2016-09-13 16:44:01', '8c7f56d2-97a3-4dfe-b9f4-0f6d1be015d9');



DROP TABLE IF EXISTS `craft_sessions`;


--
-- Schema for table `craft_sessions`
--
CREATE TABLE `craft_sessions` (
  `id` int(11) NOT NULL AUTO_INCREMENT,
  `userId` int(11) NOT NULL,
  `token` char(100) COLLATE utf8_unicode_ci NOT NULL,
  `dateCreated` datetime NOT NULL,
  `dateUpdated` datetime NOT NULL,
  `uid` char(36) COLLATE utf8_unicode_ci NOT NULL DEFAULT '0',
  PRIMARY KEY (`id`),
  KEY `craft_sessions_uid_idx` (`uid`),
  KEY `craft_sessions_token_idx` (`token`),
  KEY `craft_sessions_dateUpdated_idx` (`dateUpdated`),
  KEY `craft_sessions_userId_fk` (`userId`)
) ENGINE=InnoDB AUTO_INCREMENT=17 DEFAULT CHARSET=utf8 COLLATE=utf8_unicode_ci;

DROP TABLE IF EXISTS `craft_shunnedmessages`;


--
-- Schema for table `craft_shunnedmessages`
--
CREATE TABLE `craft_shunnedmessages` (
  `id` int(11) NOT NULL AUTO_INCREMENT,
  `userId` int(11) NOT NULL,
  `message` varchar(255) COLLATE utf8_unicode_ci NOT NULL,
  `expiryDate` datetime DEFAULT NULL,
  `dateCreated` datetime NOT NULL,
  `dateUpdated` datetime NOT NULL,
  `uid` char(36) COLLATE utf8_unicode_ci NOT NULL DEFAULT '0',
  PRIMARY KEY (`id`),
  UNIQUE KEY `craft_shunnedmessages_userId_message_unq_idx` (`userId`,`message`)
) ENGINE=InnoDB DEFAULT CHARSET=utf8 COLLATE=utf8_unicode_ci;

DROP TABLE IF EXISTS `craft_structureelements`;


--
-- Schema for table `craft_structureelements`
--
CREATE TABLE `craft_structureelements` (
  `id` int(11) NOT NULL AUTO_INCREMENT,
  `structureId` int(11) NOT NULL,
  `elementId` int(11) DEFAULT NULL,
  `root` int(11) unsigned DEFAULT NULL,
  `lft` int(11) unsigned NOT NULL,
  `rgt` int(11) unsigned NOT NULL,
  `level` smallint(6) unsigned NOT NULL,
  `dateCreated` datetime NOT NULL,
  `dateUpdated` datetime NOT NULL,
  `uid` char(36) COLLATE utf8_unicode_ci NOT NULL DEFAULT '0',
  PRIMARY KEY (`id`),
  UNIQUE KEY `craft_structureelements_structureId_elementId_unq_idx` (`structureId`,`elementId`),
  KEY `craft_structureelements_root_idx` (`root`),
  KEY `craft_structureelements_lft_idx` (`lft`),
  KEY `craft_structureelements_rgt_idx` (`rgt`),
  KEY `craft_structureelements_level_idx` (`level`),
  KEY `craft_structureelements_elementId_fk` (`elementId`)
) ENGINE=InnoDB AUTO_INCREMENT=43 DEFAULT CHARSET=utf8 COLLATE=utf8_unicode_ci;

--
-- Data for table `craft_structureelements`
--

INSERT INTO `craft_structureelements` (`id`, `structureId`, `elementId`, `root`, `lft`, `rgt`, `level`, `dateCreated`, `dateUpdated`, `uid`) VALUES
 ('1', '2', NULL, '1', '1', '42', '0', '2016-09-07 09:40:52', '2016-09-07 09:40:52', '491ec8db-4402-4633-9350-856c2bed93ba'),
 ('2', '2', '13', '1', '2', '9', '1', '2016-09-07 09:40:52', '2016-09-07 09:40:52', '0bb8c83e-1fe6-4151-b1c1-a670654910af'),
 ('3', '2', '14', '1', '10', '27', '1', '2016-09-07 09:41:02', '2016-09-07 09:41:02', 'e6c73925-ae80-4d5c-88a6-ae74bea7573b'),
 ('4', '2', '15', '1', '28', '33', '1', '2016-09-07 09:41:06', '2016-09-07 09:41:06', 'c3b563ff-9a6a-49ae-a341-556ab7086c41'),
 ('5', '2', '16', '1', '34', '35', '1', '2016-09-07 09:41:12', '2016-09-07 09:41:12', '163fe3b9-d17e-419a-bdf5-a56c01a66b21'),
 ('6', '2', '17', '1', '36', '37', '1', '2016-09-07 09:41:17', '2016-09-07 09:41:17', '7ec78b67-ebf1-4fe5-bf98-3db7c3fb1288'),
 ('7', '2', '18', '1', '38', '39', '1', '2016-09-07 09:41:22', '2016-09-07 09:41:22', '7a1fb73c-d7b4-42b0-919c-3768e4fbf7bc'),
 ('8', '2', '19', '1', '40', '41', '1', '2016-09-07 09:41:28', '2016-09-07 09:41:28', '6fc3d7f8-85cc-48e6-8cab-285a73d526b2'),
 ('9', '2', '20', '1', '3', '4', '2', '2016-09-07 09:41:52', '2016-09-07 09:41:52', '4d519b86-b569-4571-ad08-103b3e4ccd13'),
 ('10', '2', '21', '1', '5', '6', '2', '2016-09-07 09:42:09', '2016-09-07 09:42:09', '7fdd93ce-d318-4366-a15c-7901ac788b04'),
 ('11', '2', '22', '1', '7', '8', '2', '2016-09-07 09:42:18', '2016-09-07 09:42:18', '388f9cd2-3c00-4454-9d10-2097ea952464'),
 ('12', '2', '23', '1', '11', '12', '2', '2016-09-07 09:42:37', '2016-09-07 09:42:37', '323c4fce-ce8b-4b74-8199-462da6752cd9'),
 ('13', '2', '24', '1', '13', '14', '2', '2016-09-07 09:43:00', '2016-09-07 09:43:00', '355ca214-c29c-444e-949c-ab419fc36dd6'),
 ('14', '2', '25', '1', '15', '16', '2', '2016-09-07 09:43:09', '2016-09-07 09:43:09', '9367ee4d-fe4e-416c-a3c5-45db7c12cda4'),
 ('15', '2', '26', '1', '17', '18', '2', '2016-09-07 09:43:18', '2016-09-07 09:43:18', '4d018810-154f-48a5-859f-78c050085027'),
 ('16', '2', '27', '1', '19', '20', '2', '2016-09-07 09:43:28', '2016-09-07 09:43:28', '0258ec5c-856e-4baa-92c9-93f683ef9706'),
 ('17', '2', '28', '1', '21', '22', '2', '2016-09-07 09:43:39', '2016-09-07 09:43:39', 'b4ce366e-f39c-4ec8-ae16-2971b744ca8c'),
 ('18', '2', '29', '1', '23', '24', '2', '2016-09-07 09:43:48', '2016-09-07 09:43:48', '0c14bc66-6c6e-4017-80e3-6fafe4f92b4e'),
 ('19', '2', '30', '1', '25', '26', '2', '2016-09-07 09:44:06', '2016-09-07 09:44:06', 'fc127c82-15ed-4019-a8a4-4e4131f81886'),
 ('20', '2', '31', '1', '29', '30', '2', '2016-09-07 09:44:20', '2016-09-07 09:44:20', '02c3ee05-72b2-4f26-ba2a-a5aafaf15638'),
 ('21', '2', '32', '1', '31', '32', '2', '2016-09-07 09:44:35', '2016-09-07 09:44:35', '23304f90-7bb1-459d-b187-1b8337b80b34'),
 ('22', '1', NULL, '22', '1', '12', '0', '2016-09-07 09:45:05', '2016-09-07 09:45:05', '146bec7b-bc0a-4bd9-a0e2-e59334188b4b'),
 ('23', '1', '33', '22', '2', '3', '1', '2016-09-07 09:45:05', '2016-09-07 09:45:05', '27ecc159-87b2-4073-9537-db0a3621b113'),
 ('24', '1', '34', '22', '4', '5', '1', '2016-09-07 09:45:10', '2016-09-07 09:45:10', '1ae62843-c2b8-409d-b30c-f3d84f10e5c3'),
 ('25', '1', '35', '22', '6', '7', '1', '2016-09-07 09:45:16', '2016-09-07 09:45:16', 'bed492de-e57f-49f2-8af4-361f7e69557c'),
 ('26', '1', '36', '22', '8', '9', '1', '2016-09-07 09:45:25', '2016-09-07 09:45:25', '5c9b5b47-74de-42b3-a267-5ad77e6ad095'),
 ('27', '1', '37', '22', '10', '11', '1', '2016-09-07 09:45:30', '2016-09-07 09:45:30', '8e5c1f20-c34d-4245-9ca0-20ba580a1ca4'),
 ('28', '3', NULL, '28', '1', '6', '0', '2016-09-09 09:39:32', '2016-09-09 09:39:32', '837a2698-52eb-4493-ad08-cc87448318dc'),
 ('29', '3', '57', '28', '2', '3', '1', '2016-09-09 09:39:32', '2016-09-09 09:39:32', 'bc96e5d9-95cb-4ff4-bf24-7f777a6fcdde'),
 ('30', '3', '58', '28', '4', '5', '1', '2016-09-09 09:39:43', '2016-09-09 09:39:43', '4178ec90-c2aa-461f-976c-db5b67c19de5'),
 ('31', '4', NULL, '31', '1', '12', '0', '2016-09-12 16:00:54', '2016-09-12 16:00:54', '386eb459-b500-442e-8ac6-e45da9345d0a'),
 ('32', '4', '117', '31', '2', '3', '1', '2016-09-12 16:00:54', '2016-09-12 16:00:54', 'ffe80b07-fc50-4e59-933e-bf7cc27ba36b'),
 ('33', '4', '118', '31', '4', '5', '1', '2016-09-12 16:03:01', '2016-09-12 16:03:01', 'd54003cd-a13b-47b6-bbcd-e6ab0113aee2'),
 ('34', '4', '119', '31', '6', '7', '1', '2016-09-12 16:04:43', '2016-09-12 16:04:43', 'c348a392-ae85-49fe-a890-798bfa04391b'),
 ('35', '4', '120', '31', '8', '9', '1', '2016-09-12 16:04:52', '2016-09-12 16:04:52', 'b7a2a5a3-d96b-4f85-9ff5-b5b11d23d488'),
 ('36', '4', '121', '31', '10', '11', '1', '2016-09-12 16:05:44', '2016-09-12 16:05:44', 'ab371698-da32-419d-8ef5-9f6a686932d3'),
 ('37', '5', NULL, '37', '1', '12', '0', '2016-09-13 16:48:31', '2016-09-13 16:48:31', 'b13adb49-eaea-491c-a441-2d57e3292a1a'),
 ('38', '5', '143', '37', '2', '3', '1', '2016-09-13 16:48:31', '2016-09-13 16:48:31', 'aa34f05c-f8f9-477f-906c-c580bc29c47f'),
 ('39', '5', '148', '37', '4', '5', '1', '2016-09-13 16:51:54', '2016-09-13 16:51:54', 'eed35120-ac56-4729-baa1-33ba934873d9'),
 ('40', '5', '152', '37', '6', '7', '1', '2016-09-13 16:53:13', '2016-09-13 16:53:13', 'f091ba7b-8ddc-48ab-adef-7eacd7e3c141'),
 ('41', '5', '156', '37', '8', '9', '1', '2016-09-13 16:54:14', '2016-09-13 16:54:14', '1215625a-6121-4f24-8125-15b640442632'),
 ('42', '5', '159', '37', '10', '11', '1', '2016-09-13 16:54:46', '2016-09-13 16:54:46', '9e86ec0d-2e38-4bc0-a10e-80676b711188');



DROP TABLE IF EXISTS `craft_structures`;


--
-- Schema for table `craft_structures`
--
CREATE TABLE `craft_structures` (
  `id` int(11) NOT NULL AUTO_INCREMENT,
  `maxLevels` smallint(6) unsigned DEFAULT NULL,
  `dateCreated` datetime NOT NULL,
  `dateUpdated` datetime NOT NULL,
  `uid` char(36) COLLATE utf8_unicode_ci NOT NULL DEFAULT '0',
  PRIMARY KEY (`id`)
) ENGINE=InnoDB AUTO_INCREMENT=6 DEFAULT CHARSET=utf8 COLLATE=utf8_unicode_ci;

--
-- Data for table `craft_structures`
--

INSERT INTO `craft_structures` (`id`, `maxLevels`, `dateCreated`, `dateUpdated`, `uid`) VALUES
 ('1', '1', '2016-09-07 08:53:30', '2016-09-07 08:53:30', '3f0f2996-70fb-4497-8310-f38410c14f57'),
 ('2', NULL, '2016-09-07 09:33:50', '2016-09-12 15:40:48', '083ad9ea-b1fc-4c19-8fed-0270fb848fb7'),
 ('3', '1', '2016-09-09 09:39:14', '2016-09-09 09:39:14', '1f984dae-f902-4930-9b2c-64c0f874b2a7'),
 ('4', '1', '2016-09-12 14:24:17', '2016-09-12 14:24:17', 'e64723cb-f27c-4974-b9f0-77429e3ad360'),
 ('5', '1', '2016-09-13 16:44:01', '2016-09-13 16:44:01', 'b0a2dc03-35a1-4fd3-9130-5f2bbae03ccc');



DROP TABLE IF EXISTS `craft_supertableblocks`;


--
-- Schema for table `craft_supertableblocks`
--
CREATE TABLE `craft_supertableblocks` (
  `id` int(11) NOT NULL,
  `ownerId` int(11) NOT NULL,
  `fieldId` int(11) NOT NULL,
  `typeId` int(11) DEFAULT NULL,
  `sortOrder` smallint(6) unsigned DEFAULT NULL,
  `ownerLocale` char(12) COLLATE utf8_unicode_ci DEFAULT NULL,
  `dateCreated` datetime NOT NULL,
  `dateUpdated` datetime NOT NULL,
  `uid` char(36) COLLATE utf8_unicode_ci NOT NULL DEFAULT '0',
  PRIMARY KEY (`id`),
  KEY `craft_supertableblocks_ownerId_idx` (`ownerId`),
  KEY `craft_supertableblocks_fieldId_idx` (`fieldId`),
  KEY `craft_supertableblocks_typeId_idx` (`typeId`),
  KEY `craft_supertableblocks_sortOrder_idx` (`sortOrder`),
  KEY `craft_supertableblocks_ownerLocale_fk` (`ownerLocale`)
) ENGINE=InnoDB DEFAULT CHARSET=utf8 COLLATE=utf8_unicode_ci;

--
-- Data for table `craft_supertableblocks`
--

INSERT INTO `craft_supertableblocks` (`id`, `ownerId`, `fieldId`, `typeId`, `sortOrder`, `ownerLocale`, `dateCreated`, `dateUpdated`, `uid`) VALUES
 ('46', '45', '23', '1', '1', NULL, '2016-09-07 15:14:09', '2016-09-13 22:37:29', 'eed3ff7f-9672-436d-bbdf-302206a00968'),
 ('47', '45', '23', '1', '2', NULL, '2016-09-07 15:14:09', '2016-09-13 22:37:29', '29b88fb6-623d-448c-ba73-6bf2670700b1'),
 ('49', '48', '23', '1', '1', NULL, '2016-09-07 15:14:09', '2016-09-13 22:37:29', '517e2635-4e40-49e0-b1ff-0b12ab8ab8e6'),
 ('51', '50', '23', '1', '1', NULL, '2016-09-07 15:16:24', '2016-09-13 22:37:29', '57a6d57c-cbe1-432e-a5f4-834c87fc5be6'),
 ('63', '60', '39', '3', '1', NULL, '2016-09-09 13:29:54', '2016-09-09 15:39:37', 'cc818f1a-3da6-4f12-94f8-6a43d6f64305'),
 ('64', '60', '39', '3', '2', NULL, '2016-09-09 13:29:54', '2016-09-09 15:39:37', '9955480b-c77d-4435-9084-0521d9a63733'),
 ('65', '60', '39', '3', '3', NULL, '2016-09-09 13:29:54', '2016-09-09 15:39:37', 'aae780d4-3f61-49e1-aa20-eb4647c0505e'),
 ('68', '67', '23', '1', '1', NULL, '2016-09-09 14:36:00', '2016-09-09 15:39:37', '0e5807c7-dd80-45ed-bb4b-171ddea9e497'),
 ('145', '144', '23', '1', '1', NULL, '2016-09-13 16:48:31', '2016-09-13 22:55:00', 'f63cbdcd-4356-41ed-b84f-ef5c6f7b7f2a'),
 ('146', '144', '23', '1', '2', NULL, '2016-09-13 16:48:31', '2016-09-13 22:55:00', '6a8ba959-ea0f-401d-954b-1f4e4da54edd'),
 ('150', '149', '23', '1', '1', NULL, '2016-09-13 16:51:54', '2016-09-13 16:51:54', 'd6a62ae7-fc8c-48ef-9c66-879c0518f6c7'),
 ('154', '153', '23', '1', '1', NULL, '2016-09-13 16:53:13', '2016-09-13 16:53:13', 'e802d5f1-2d77-41f6-853a-ad8e0c80e70e'),
 ('155', '153', '23', '1', '2', NULL, '2016-09-13 16:53:13', '2016-09-13 16:53:13', 'dcd950f1-c781-4cc1-b48b-ba480530e872'),
 ('158', '157', '23', '1', '1', NULL, '2016-09-13 16:54:14', '2016-09-13 16:55:33', '69ac345d-6e48-4d55-adf8-79b494664871'),
 ('161', '160', '23', '1', '1', NULL, '2016-09-13 16:54:46', '2016-09-13 16:55:46', 'cec3b52e-3ac2-4a58-8a56-f4300ee71021');



DROP TABLE IF EXISTS `craft_supertableblocktypes`;


--
-- Schema for table `craft_supertableblocktypes`
--
CREATE TABLE `craft_supertableblocktypes` (
  `id` int(11) NOT NULL AUTO_INCREMENT,
  `fieldId` int(11) NOT NULL,
  `fieldLayoutId` int(11) DEFAULT NULL,
  `dateCreated` datetime NOT NULL,
  `dateUpdated` datetime NOT NULL,
  `uid` char(36) COLLATE utf8_unicode_ci NOT NULL DEFAULT '0',
  PRIMARY KEY (`id`),
  KEY `craft_supertableblocktypes_fieldId_fk` (`fieldId`),
  KEY `craft_supertableblocktypes_fieldLayoutId_fk` (`fieldLayoutId`)
) ENGINE=InnoDB AUTO_INCREMENT=6 DEFAULT CHARSET=utf8 COLLATE=utf8_unicode_ci;

--
-- Data for table `craft_supertableblocktypes`
--

INSERT INTO `craft_supertableblocktypes` (`id`, `fieldId`, `fieldLayoutId`, `dateCreated`, `dateUpdated`, `uid`) VALUES
 ('1', '23', '125', '2016-09-07 09:16:12', '2016-09-13 22:55:48', 'b8f9f94c-40b6-47f8-8e37-7de6aac818ba'),
 ('2', '34', '66', '2016-09-08 15:30:31', '2016-09-08 16:17:10', 'f3af751b-0b4c-4a5d-88e0-e6721edeaddb'),
 ('3', '39', '83', '2016-09-08 16:14:22', '2016-09-09 13:54:14', 'e68eba1c-0bfd-4a1a-a438-f99a900716b2'),
 ('4', '66', '109', '2016-09-13 14:42:15', '2016-09-13 14:42:26', 'ce687f0b-d2a2-4739-92be-fab0c7ebb3ff'),
 ('5', '70', '111', '2016-09-13 16:13:08', '2016-09-13 16:13:08', '7242f59e-aeca-4a1c-9e6b-0447d5fdf8af');



DROP TABLE IF EXISTS `craft_supertablecontent_3_person`;


--
-- Schema for table `craft_supertablecontent_3_person`
--
CREATE TABLE `craft_supertablecontent_3_person` (
  `id` int(11) NOT NULL AUTO_INCREMENT,
  `elementId` int(11) NOT NULL,
  `locale` char(12) COLLATE utf8_unicode_ci NOT NULL,
  `field_personName` text COLLATE utf8_unicode_ci,
  `field_email` text COLLATE utf8_unicode_ci,
  `field_telephone` text COLLATE utf8_unicode_ci,
  `field_mobile` text COLLATE utf8_unicode_ci,
  `field_jobTitle` text COLLATE utf8_unicode_ci,
  `dateCreated` datetime NOT NULL,
  `dateUpdated` datetime NOT NULL,
  `uid` char(36) COLLATE utf8_unicode_ci NOT NULL DEFAULT '0',
  PRIMARY KEY (`id`),
  UNIQUE KEY `craft_supertablecontent_3_person_elementId_locale_unq_idx` (`elementId`,`locale`),
  KEY `craft_supertablecontent_3_person_locale_fk` (`locale`)
) ENGINE=InnoDB AUTO_INCREMENT=13 DEFAULT CHARSET=utf8 COLLATE=utf8_unicode_ci;

--
-- Data for table `craft_supertablecontent_3_person`
--

INSERT INTO `craft_supertablecontent_3_person` (`id`, `elementId`, `locale`, `field_personName`, `field_email`, `field_telephone`, `field_mobile`, `field_jobTitle`, `dateCreated`, `dateUpdated`, `uid`) VALUES
 ('1', '46', 'en_gb', 'Paul Smith', 'paulqsmith@brayfoxsmith.com', '020 7629 5572', '', '', '2016-09-07 15:14:09', '2016-09-13 22:37:29', '0b8a22fa-001b-422a-b353-e3b518c26504'),
 ('2', '47', 'en_gb', 'Heather Smith', 'heathersmith@brayfoxsmith.com', '020 3362 4350', '', '', '2016-09-07 15:14:09', '2016-09-13 22:37:29', 'b0a294dc-3e76-4fd6-808c-30174bb3c09b'),
 ('3', '49', 'en_gb', 'Matt Willcock', '', '020 7182 2491', 'matt.willcock@cbre.com', '', '2016-09-07 15:14:09', '2016-09-13 22:37:29', '4c0e3bd5-9ee5-4bcb-9149-de54555532a5'),
 ('4', '51', 'en_gb', 'Paul Felton', 'pmf@stimpsons.co.uk', '01923 60402', '', '', '2016-09-07 15:16:24', '2016-09-13 22:37:29', '1436fa8e-cff3-4ac9-ac4e-65566ccfb94b'),
 ('5', '68', 'en_gb', 'Paul Smith', 'email@address.com', '01453 834153', '07789 009 007', NULL, '2016-09-09 14:36:00', '2016-09-09 15:39:37', '89065768-fe21-4018-baf5-2236dc88f03b'),
 ('6', '145', 'en_gb', 'Paul Smith', 'paulqsmith@brayfoxsmith.com', '020 7629 5572', '', '', '2016-09-13 16:48:31', '2016-09-13 22:55:00', '127031e8-325c-48b3-b800-dd5313af9d89'),
 ('7', '146', 'en_gb', 'Heather Smith', 'heathersmith@brayfoxsmith.com', '020 3362 4350', '', '', '2016-09-13 16:48:31', '2016-09-13 22:55:00', '0f17ad89-eb7f-4fd3-8bd7-d89f35d53205'),
 ('8', '150', 'en_gb', 'Paul Felton', 'pmf@stimpsons.co.uk', '01923 60402', '', NULL, '2016-09-13 16:51:54', '2016-09-13 16:51:54', '020cb7f9-7401-40ea-bdad-9b53e75dc0a7'),
 ('9', '154', 'en_gb', 'Paul Smith', 'paulqsmith@brayfoxsmith.com', '020 7629 5572', '', NULL, '2016-09-13 16:53:13', '2016-09-13 16:53:13', 'fed68c60-3a0c-4a5d-8c1c-6c655cb7928f'),
 ('10', '155', 'en_gb', 'Heather Smith', 'heathersmith@brayfoxsmith.com', '020 3362 4350', '', NULL, '2016-09-13 16:53:13', '2016-09-13 16:53:13', '649b8e94-2a67-4afb-976e-b0b588e2fb41'),
 ('11', '158', 'en_gb', 'Sarina Staff', 'sstaff@croxleygreen.co.uk', '01923 243022', '07726 359957', 'Marketing & Customer Services Manager', '2016-09-13 16:54:14', '2016-09-13 16:55:33', '2d321dfd-219b-452f-8537-0ff953865ad9'),
 ('12', '161', 'en_gb', 'Sarah Shippey', 'sshippey@croxleygreen.co.uk', ' 01923 252961', '', 'Park Management Assistant', '2016-09-13 16:54:46', '2016-09-13 16:55:46', '2a8d38aa-2b73-425c-9939-ffb17515ac9b');



DROP TABLE IF EXISTS `craft_supertablecontent_5_list`;


--
-- Schema for table `craft_supertablecontent_5_list`
--
CREATE TABLE `craft_supertablecontent_5_list` (
  `id` int(11) NOT NULL AUTO_INCREMENT,
  `elementId` int(11) NOT NULL,
  `locale` char(12) COLLATE utf8_unicode_ci NOT NULL,
  `field_location` text COLLATE utf8_unicode_ci,
  `field_distance` text COLLATE utf8_unicode_ci,
  `dateCreated` datetime NOT NULL,
  `dateUpdated` datetime NOT NULL,
  `uid` char(36) COLLATE utf8_unicode_ci NOT NULL DEFAULT '0',
  PRIMARY KEY (`id`),
  UNIQUE KEY `craft_supertablecontent_5_list_elementId_locale_unq_idx` (`elementId`,`locale`),
  KEY `craft_supertablecontent_5_list_locale_fk` (`locale`)
) ENGINE=InnoDB DEFAULT CHARSET=utf8 COLLATE=utf8_unicode_ci;

DROP TABLE IF EXISTS `craft_supertablecontent_entrypreview`;


--
-- Schema for table `craft_supertablecontent_entrypreview`
--
CREATE TABLE `craft_supertablecontent_entrypreview` (
  `id` int(11) NOT NULL AUTO_INCREMENT,
  `elementId` int(11) NOT NULL,
  `locale` char(12) COLLATE utf8_unicode_ci NOT NULL,
  `field_heading` text COLLATE utf8_unicode_ci,
  `dateCreated` datetime NOT NULL,
  `dateUpdated` datetime NOT NULL,
  `uid` char(36) COLLATE utf8_unicode_ci NOT NULL DEFAULT '0',
  PRIMARY KEY (`id`),
  UNIQUE KEY `craft_supertablecontent_entrypreview_elementId_locale_unq_idx` (`elementId`,`locale`),
  KEY `craft_supertablecontent_entrypreview_locale_fk` (`locale`)
) ENGINE=InnoDB DEFAULT CHARSET=utf8 COLLATE=utf8_unicode_ci;

DROP TABLE IF EXISTS `craft_supertablecontent_floorplans`;


--
-- Schema for table `craft_supertablecontent_floorplans`
--
CREATE TABLE `craft_supertablecontent_floorplans` (
  `id` int(11) NOT NULL AUTO_INCREMENT,
  `elementId` int(11) NOT NULL,
  `locale` char(12) COLLATE utf8_unicode_ci NOT NULL,
  `field_area` text COLLATE utf8_unicode_ci,
  `field_availability` text COLLATE utf8_unicode_ci,
  `field_sqFt` text COLLATE utf8_unicode_ci,
  `field_sqM` text COLLATE utf8_unicode_ci,
  `dateCreated` datetime NOT NULL,
  `dateUpdated` datetime NOT NULL,
  `uid` char(36) COLLATE utf8_unicode_ci NOT NULL DEFAULT '0',
  PRIMARY KEY (`id`),
  UNIQUE KEY `craft_supertablecontent_floorplans_elementId_locale_unq_idx` (`elementId`,`locale`),
  KEY `craft_supertablecontent_floorplans_locale_fk` (`locale`)
) ENGINE=InnoDB AUTO_INCREMENT=4 DEFAULT CHARSET=utf8 COLLATE=utf8_unicode_ci;

--
-- Data for table `craft_supertablecontent_floorplans`
--

INSERT INTO `craft_supertablecontent_floorplans` (`id`, `elementId`, `locale`, `field_area`, `field_availability`, `field_sqFt`, `field_sqM`, `dateCreated`, `dateUpdated`, `uid`) VALUES
 ('1', '63', 'en_gb', 'Floor 2', 'Available now', '21932', '2038', '2016-09-09 13:29:54', '2016-09-09 15:39:37', 'a83494d3-841c-4c0a-a20b-b303600f1117'),
 ('2', '64', 'en_gb', 'Floor 1', 'Fully let', '21807', '2026', '2016-09-09 13:29:54', '2016-09-09 15:39:37', 'd1518d39-6720-43bb-8ce1-b4a59ddc21fc'),
 ('3', '65', 'en_gb', 'Floor G', 'Nov 2016', '9091', '845', '2016-09-09 13:29:54', '2016-09-09 15:39:37', 'f41de237-7a2f-4a68-87bc-1d82df9aecee');



DROP TABLE IF EXISTS `craft_supertablecontent_testimonial`;


--
-- Schema for table `craft_supertablecontent_testimonial`
--
CREATE TABLE `craft_supertablecontent_testimonial` (
  `id` int(11) NOT NULL AUTO_INCREMENT,
  `elementId` int(11) NOT NULL,
  `locale` char(12) COLLATE utf8_unicode_ci NOT NULL,
  `field_body` text COLLATE utf8_unicode_ci,
  `field_from` text COLLATE utf8_unicode_ci,
  `field_company` text COLLATE utf8_unicode_ci,
  `dateCreated` datetime NOT NULL,
  `dateUpdated` datetime NOT NULL,
  `uid` char(36) COLLATE utf8_unicode_ci NOT NULL DEFAULT '0',
  PRIMARY KEY (`id`),
  UNIQUE KEY `craft_supertablecontent_testimonial_elementId_locale_unq_idx` (`elementId`,`locale`),
  KEY `craft_supertablecontent_testimonial_locale_fk` (`locale`)
) ENGINE=InnoDB DEFAULT CHARSET=utf8 COLLATE=utf8_unicode_ci;

DROP TABLE IF EXISTS `craft_systemsettings`;


--
-- Schema for table `craft_systemsettings`
--
CREATE TABLE `craft_systemsettings` (
  `id` int(11) NOT NULL AUTO_INCREMENT,
  `category` varchar(15) COLLATE utf8_unicode_ci NOT NULL,
  `settings` text COLLATE utf8_unicode_ci,
  `dateCreated` datetime NOT NULL,
  `dateUpdated` datetime NOT NULL,
  `uid` char(36) COLLATE utf8_unicode_ci NOT NULL DEFAULT '0',
  PRIMARY KEY (`id`),
  UNIQUE KEY `craft_systemsettings_category_unq_idx` (`category`)
) ENGINE=InnoDB AUTO_INCREMENT=2 DEFAULT CHARSET=utf8 COLLATE=utf8_unicode_ci;

--
-- Data for table `craft_systemsettings`
--

INSERT INTO `craft_systemsettings` (`id`, `category`, `settings`, `dateCreated`, `dateUpdated`, `uid`) VALUES
 ('1', 'email', '{\"protocol\":\"php\",\"emailAddress\":\"leon@ournameismud.co.uk\",\"senderName\":\"Croxley Park\"}', '2016-09-06 16:45:30', '2016-09-06 16:45:30', '7a97e176-9a06-4033-93c8-127cb148ab2c');



DROP TABLE IF EXISTS `craft_taggroups`;


--
-- Schema for table `craft_taggroups`
--
CREATE TABLE `craft_taggroups` (
  `id` int(11) NOT NULL AUTO_INCREMENT,
  `name` varchar(255) COLLATE utf8_unicode_ci NOT NULL,
  `handle` varchar(255) COLLATE utf8_unicode_ci NOT NULL,
  `fieldLayoutId` int(10) DEFAULT NULL,
  `dateCreated` datetime NOT NULL,
  `dateUpdated` datetime NOT NULL,
  `uid` char(36) COLLATE utf8_unicode_ci NOT NULL DEFAULT '0',
  PRIMARY KEY (`id`),
  UNIQUE KEY `craft_taggroups_name_unq_idx` (`name`),
  UNIQUE KEY `craft_taggroups_handle_unq_idx` (`handle`),
  KEY `craft_taggroups_fieldLayoutId_fk` (`fieldLayoutId`)
) ENGINE=InnoDB AUTO_INCREMENT=2 DEFAULT CHARSET=utf8 COLLATE=utf8_unicode_ci;

--
-- Data for table `craft_taggroups`
--

INSERT INTO `craft_taggroups` (`id`, `name`, `handle`, `fieldLayoutId`, `dateCreated`, `dateUpdated`, `uid`) VALUES
 ('1', 'Default', 'default', '1', '2016-09-06 16:45:30', '2016-09-06 16:45:30', 'fc5a026f-3d14-4d7a-ae94-ee91bbf85442');



DROP TABLE IF EXISTS `craft_tags`;


--
-- Schema for table `craft_tags`
--
CREATE TABLE `craft_tags` (
  `id` int(11) NOT NULL,
  `groupId` int(11) NOT NULL,
  `dateCreated` datetime NOT NULL,
  `dateUpdated` datetime NOT NULL,
  `uid` char(36) COLLATE utf8_unicode_ci NOT NULL DEFAULT '0',
  PRIMARY KEY (`id`),
  KEY `craft_tags_groupId_fk` (`groupId`)
) ENGINE=InnoDB DEFAULT CHARSET=utf8 COLLATE=utf8_unicode_ci;

DROP TABLE IF EXISTS `craft_tasks`;


--
-- Schema for table `craft_tasks`
--
CREATE TABLE `craft_tasks` (
  `id` int(11) NOT NULL AUTO_INCREMENT,
  `root` int(11) unsigned DEFAULT NULL,
  `lft` int(11) unsigned NOT NULL,
  `rgt` int(11) unsigned NOT NULL,
  `level` smallint(6) unsigned NOT NULL,
  `currentStep` int(11) unsigned DEFAULT NULL,
  `totalSteps` int(11) unsigned DEFAULT NULL,
  `status` enum('pending','error','running') COLLATE utf8_unicode_ci DEFAULT NULL,
  `type` varchar(150) COLLATE utf8_unicode_ci NOT NULL,
  `description` varchar(255) COLLATE utf8_unicode_ci DEFAULT NULL,
  `settings` mediumtext COLLATE utf8_unicode_ci,
  `dateCreated` datetime NOT NULL,
  `dateUpdated` datetime NOT NULL,
  `uid` char(36) COLLATE utf8_unicode_ci NOT NULL DEFAULT '0',
  PRIMARY KEY (`id`),
  KEY `craft_tasks_root_idx` (`root`),
  KEY `craft_tasks_lft_idx` (`lft`),
  KEY `craft_tasks_rgt_idx` (`rgt`),
  KEY `craft_tasks_level_idx` (`level`)
) ENGINE=InnoDB AUTO_INCREMENT=35 DEFAULT CHARSET=utf8 COLLATE=utf8_unicode_ci;

DROP TABLE IF EXISTS `craft_templatecachecriteria`;


--
-- Schema for table `craft_templatecachecriteria`
--
CREATE TABLE `craft_templatecachecriteria` (
  `id` int(11) NOT NULL AUTO_INCREMENT,
  `cacheId` int(11) NOT NULL,
  `type` varchar(150) COLLATE utf8_unicode_ci NOT NULL,
  `criteria` text COLLATE utf8_unicode_ci NOT NULL,
  PRIMARY KEY (`id`),
  KEY `craft_templatecachecriteria_cacheId_fk` (`cacheId`),
  KEY `craft_templatecachecriteria_type_idx` (`type`)
) ENGINE=InnoDB DEFAULT CHARSET=utf8 COLLATE=utf8_unicode_ci;

DROP TABLE IF EXISTS `craft_templatecacheelements`;


--
-- Schema for table `craft_templatecacheelements`
--
CREATE TABLE `craft_templatecacheelements` (
  `cacheId` int(11) NOT NULL,
  `elementId` int(11) NOT NULL,
  KEY `craft_templatecacheelements_cacheId_fk` (`cacheId`),
  KEY `craft_templatecacheelements_elementId_fk` (`elementId`)
) ENGINE=InnoDB DEFAULT CHARSET=utf8 COLLATE=utf8_unicode_ci;

DROP TABLE IF EXISTS `craft_templatecaches`;


--
-- Schema for table `craft_templatecaches`
--
CREATE TABLE `craft_templatecaches` (
  `id` int(11) NOT NULL AUTO_INCREMENT,
  `cacheKey` varchar(255) COLLATE utf8_unicode_ci NOT NULL,
  `locale` char(12) COLLATE utf8_unicode_ci NOT NULL,
  `path` varchar(255) COLLATE utf8_unicode_ci DEFAULT NULL,
  `expiryDate` datetime NOT NULL,
  `body` mediumtext COLLATE utf8_unicode_ci NOT NULL,
  PRIMARY KEY (`id`),
  KEY `craft_templatecaches_expiryDate_cacheKey_locale_path_idx` (`expiryDate`,`cacheKey`,`locale`,`path`),
  KEY `craft_templatecaches_locale_fk` (`locale`)
) ENGINE=InnoDB DEFAULT CHARSET=utf8 COLLATE=utf8_unicode_ci;

DROP TABLE IF EXISTS `craft_tokens`;


--
-- Schema for table `craft_tokens`
--
CREATE TABLE `craft_tokens` (
  `id` int(11) NOT NULL AUTO_INCREMENT,
  `token` char(32) COLLATE utf8_unicode_ci NOT NULL,
  `route` text COLLATE utf8_unicode_ci,
  `usageLimit` tinyint(3) unsigned DEFAULT NULL,
  `usageCount` tinyint(3) unsigned DEFAULT NULL,
  `expiryDate` datetime NOT NULL,
  `dateCreated` datetime NOT NULL,
  `dateUpdated` datetime NOT NULL,
  `uid` char(36) COLLATE utf8_unicode_ci NOT NULL DEFAULT '0',
  PRIMARY KEY (`id`),
  UNIQUE KEY `craft_tokens_token_unq_idx` (`token`),
  KEY `craft_tokens_expiryDate_idx` (`expiryDate`)
) ENGINE=InnoDB DEFAULT CHARSET=utf8 COLLATE=utf8_unicode_ci;

DROP TABLE IF EXISTS `craft_usergroups`;


--
-- Schema for table `craft_usergroups`
--
CREATE TABLE `craft_usergroups` (
  `id` int(11) NOT NULL AUTO_INCREMENT,
  `name` varchar(255) COLLATE utf8_unicode_ci NOT NULL,
  `handle` varchar(255) COLLATE utf8_unicode_ci NOT NULL,
  `dateCreated` datetime NOT NULL,
  `dateUpdated` datetime NOT NULL,
  `uid` char(36) COLLATE utf8_unicode_ci NOT NULL DEFAULT '0',
  PRIMARY KEY (`id`)
) ENGINE=InnoDB DEFAULT CHARSET=utf8 COLLATE=utf8_unicode_ci;

DROP TABLE IF EXISTS `craft_usergroups_users`;


--
-- Schema for table `craft_usergroups_users`
--
CREATE TABLE `craft_usergroups_users` (
  `id` int(11) NOT NULL AUTO_INCREMENT,
  `groupId` int(11) NOT NULL,
  `userId` int(11) NOT NULL,
  `dateCreated` datetime NOT NULL,
  `dateUpdated` datetime NOT NULL,
  `uid` char(36) COLLATE utf8_unicode_ci NOT NULL DEFAULT '0',
  PRIMARY KEY (`id`),
  UNIQUE KEY `craft_usergroups_users_groupId_userId_unq_idx` (`groupId`,`userId`),
  KEY `craft_usergroups_users_userId_fk` (`userId`)
) ENGINE=InnoDB DEFAULT CHARSET=utf8 COLLATE=utf8_unicode_ci;

DROP TABLE IF EXISTS `craft_userpermissions`;


--
-- Schema for table `craft_userpermissions`
--
CREATE TABLE `craft_userpermissions` (
  `id` int(11) NOT NULL AUTO_INCREMENT,
  `name` varchar(255) COLLATE utf8_unicode_ci NOT NULL,
  `dateCreated` datetime NOT NULL,
  `dateUpdated` datetime NOT NULL,
  `uid` char(36) COLLATE utf8_unicode_ci NOT NULL DEFAULT '0',
  PRIMARY KEY (`id`),
  UNIQUE KEY `craft_userpermissions_name_unq_idx` (`name`)
) ENGINE=InnoDB DEFAULT CHARSET=utf8 COLLATE=utf8_unicode_ci;

DROP TABLE IF EXISTS `craft_userpermissions_usergroups`;


--
-- Schema for table `craft_userpermissions_usergroups`
--
CREATE TABLE `craft_userpermissions_usergroups` (
  `id` int(11) NOT NULL AUTO_INCREMENT,
  `permissionId` int(11) NOT NULL,
  `groupId` int(11) NOT NULL,
  `dateCreated` datetime NOT NULL,
  `dateUpdated` datetime NOT NULL,
  `uid` char(36) COLLATE utf8_unicode_ci NOT NULL DEFAULT '0',
  PRIMARY KEY (`id`),
  UNIQUE KEY `craft_userpermissions_usergroups_permissionId_groupId_unq_idx` (`permissionId`,`groupId`),
  KEY `craft_userpermissions_usergroups_groupId_fk` (`groupId`)
) ENGINE=InnoDB DEFAULT CHARSET=utf8 COLLATE=utf8_unicode_ci;

DROP TABLE IF EXISTS `craft_userpermissions_users`;


--
-- Schema for table `craft_userpermissions_users`
--
CREATE TABLE `craft_userpermissions_users` (
  `id` int(11) NOT NULL AUTO_INCREMENT,
  `permissionId` int(11) NOT NULL,
  `userId` int(11) NOT NULL,
  `dateCreated` datetime NOT NULL,
  `dateUpdated` datetime NOT NULL,
  `uid` char(36) COLLATE utf8_unicode_ci NOT NULL DEFAULT '0',
  PRIMARY KEY (`id`),
  UNIQUE KEY `craft_userpermissions_users_permissionId_userId_unq_idx` (`permissionId`,`userId`),
  KEY `craft_userpermissions_users_userId_fk` (`userId`)
) ENGINE=InnoDB DEFAULT CHARSET=utf8 COLLATE=utf8_unicode_ci;

DROP TABLE IF EXISTS `craft_users`;


--
-- Schema for table `craft_users`
--
CREATE TABLE `craft_users` (
  `id` int(11) NOT NULL,
  `username` varchar(100) COLLATE utf8_unicode_ci NOT NULL,
  `photo` varchar(100) COLLATE utf8_unicode_ci DEFAULT NULL,
  `firstName` varchar(100) COLLATE utf8_unicode_ci DEFAULT NULL,
  `lastName` varchar(100) COLLATE utf8_unicode_ci DEFAULT NULL,
  `email` varchar(255) COLLATE utf8_unicode_ci NOT NULL,
  `password` char(255) COLLATE utf8_unicode_ci DEFAULT NULL,
  `preferredLocale` char(12) COLLATE utf8_unicode_ci DEFAULT NULL,
  `weekStartDay` tinyint(1) unsigned NOT NULL DEFAULT '0',
  `admin` tinyint(1) unsigned NOT NULL DEFAULT '0',
  `client` tinyint(1) unsigned NOT NULL DEFAULT '0',
  `locked` tinyint(1) unsigned NOT NULL DEFAULT '0',
  `suspended` tinyint(1) unsigned NOT NULL DEFAULT '0',
  `pending` tinyint(1) unsigned NOT NULL DEFAULT '0',
  `archived` tinyint(1) unsigned NOT NULL DEFAULT '0',
  `lastLoginDate` datetime DEFAULT NULL,
  `lastLoginAttemptIPAddress` varchar(45) COLLATE utf8_unicode_ci DEFAULT NULL,
  `invalidLoginWindowStart` datetime DEFAULT NULL,
  `invalidLoginCount` tinyint(4) unsigned DEFAULT NULL,
  `lastInvalidLoginDate` datetime DEFAULT NULL,
  `lockoutDate` datetime DEFAULT NULL,
  `verificationCode` char(100) COLLATE utf8_unicode_ci DEFAULT NULL,
  `verificationCodeIssuedDate` datetime DEFAULT NULL,
  `unverifiedEmail` varchar(255) COLLATE utf8_unicode_ci DEFAULT NULL,
  `passwordResetRequired` tinyint(1) unsigned NOT NULL DEFAULT '0',
  `lastPasswordChangeDate` datetime DEFAULT NULL,
  `dateCreated` datetime NOT NULL,
  `dateUpdated` datetime NOT NULL,
  `uid` char(36) COLLATE utf8_unicode_ci NOT NULL DEFAULT '0',
  PRIMARY KEY (`id`),
  UNIQUE KEY `craft_users_username_unq_idx` (`username`),
  UNIQUE KEY `craft_users_email_unq_idx` (`email`),
  KEY `craft_users_verificationCode_idx` (`verificationCode`),
  KEY `craft_users_uid_idx` (`uid`),
  KEY `craft_users_preferredLocale_fk` (`preferredLocale`)
) ENGINE=InnoDB DEFAULT CHARSET=utf8 COLLATE=utf8_unicode_ci;

--
-- Data for table `craft_users`
--

INSERT INTO `craft_users` (`id`, `username`, `photo`, `firstName`, `lastName`, `email`, `password`, `preferredLocale`, `weekStartDay`, `admin`, `client`, `locked`, `suspended`, `pending`, `archived`, `lastLoginDate`, `lastLoginAttemptIPAddress`, `invalidLoginWindowStart`, `invalidLoginCount`, `lastInvalidLoginDate`, `lockoutDate`, `verificationCode`, `verificationCodeIssuedDate`, `unverifiedEmail`, `passwordResetRequired`, `lastPasswordChangeDate`, `dateCreated`, `dateUpdated`, `uid`) VALUES
 ('1', 'admin', NULL, NULL, NULL, 'leon@ournameismud.co.uk', '$2y$13$N4at1ISoUfrU.rUDpgT4OOaxrDHIy3eXUt3twTh1pF3w.tVW47uA2', NULL, '0', '1', '0', '0', '0', '0', '0', '2016-09-13 22:28:57', '::1', NULL, NULL, '2016-09-09 13:23:59', NULL, NULL, NULL, NULL, '0', '2016-09-06 16:45:28', '2016-09-06 16:45:28', '2016-09-13 22:28:57', '1e2be23c-21b7-4284-b1e3-b6b34a165062');



DROP TABLE IF EXISTS `craft_widgets`;


--
-- Schema for table `craft_widgets`
--
CREATE TABLE `craft_widgets` (
  `id` int(11) NOT NULL AUTO_INCREMENT,
  `userId` int(11) NOT NULL,
  `type` varchar(150) COLLATE utf8_unicode_ci NOT NULL,
  `sortOrder` smallint(6) unsigned DEFAULT NULL,
  `colspan` tinyint(4) unsigned DEFAULT NULL,
  `settings` text COLLATE utf8_unicode_ci,
  `enabled` tinyint(1) unsigned NOT NULL DEFAULT '1',
  `dateCreated` datetime NOT NULL,
  `dateUpdated` datetime NOT NULL,
  `uid` char(36) COLLATE utf8_unicode_ci NOT NULL DEFAULT '0',
  PRIMARY KEY (`id`),
  KEY `craft_widgets_userId_fk` (`userId`)
) ENGINE=InnoDB AUTO_INCREMENT=5 DEFAULT CHARSET=utf8 COLLATE=utf8_unicode_ci;

--
-- Data for table `craft_widgets`
--

INSERT INTO `craft_widgets` (`id`, `userId`, `type`, `sortOrder`, `colspan`, `settings`, `enabled`, `dateCreated`, `dateUpdated`, `uid`) VALUES
 ('1', '1', 'RecentEntries', '1', NULL, NULL, '1', '2016-09-06 16:47:12', '2016-09-06 16:47:12', '4fcffc92-ec53-4b5e-8f6c-08752decb177'),
 ('2', '1', 'GetHelp', '2', NULL, NULL, '1', '2016-09-06 16:47:12', '2016-09-06 16:47:12', '347d979c-fec2-431b-8c17-defb35eb2039'),
 ('3', '1', 'Updates', '3', NULL, NULL, '1', '2016-09-06 16:47:12', '2016-09-06 16:47:12', '22aff008-6cfd-44f0-b4c8-74153653b8a7'),
 ('4', '1', 'Feed', '4', NULL, '{\"url\":\"https:\\/\\/craftcms.com\\/news.rss\",\"title\":\"Craft News\"}', '1', '2016-09-06 16:47:12', '2016-09-06 16:47:12', '80351bca-7004-4d03-96a2-b3a54faeb445');


--
-- Constraints for tables
--


--
-- Constraints for table `craft_assetfiles`
--
ALTER TABLE `craft_assetfiles`
	ADD CONSTRAINT `craft_assetfiles_folderId_fk` FOREIGN KEY (`folderId`) REFERENCES `craft_assetfolders` (`id`) ON DELETE CASCADE,
	ADD CONSTRAINT `craft_assetfiles_id_fk` FOREIGN KEY (`id`) REFERENCES `craft_elements` (`id`) ON DELETE CASCADE,
	ADD CONSTRAINT `craft_assetfiles_sourceId_fk` FOREIGN KEY (`sourceId`) REFERENCES `craft_assetsources` (`id`) ON DELETE CASCADE;

--
-- Constraints for table `craft_assetfolders`
--
ALTER TABLE `craft_assetfolders`
	ADD CONSTRAINT `craft_assetfolders_parentId_fk` FOREIGN KEY (`parentId`) REFERENCES `craft_assetfolders` (`id`) ON DELETE CASCADE,
	ADD CONSTRAINT `craft_assetfolders_sourceId_fk` FOREIGN KEY (`sourceId`) REFERENCES `craft_assetsources` (`id`) ON DELETE CASCADE;

--
-- Constraints for table `craft_assetindexdata`
--
ALTER TABLE `craft_assetindexdata`
	ADD CONSTRAINT `craft_assetindexdata_sourceId_fk` FOREIGN KEY (`sourceId`) REFERENCES `craft_assetsources` (`id`) ON DELETE CASCADE;

--
-- Constraints for table `craft_assetsources`
--
ALTER TABLE `craft_assetsources`
	ADD CONSTRAINT `craft_assetsources_fieldLayoutId_fk` FOREIGN KEY (`fieldLayoutId`) REFERENCES `craft_fieldlayouts` (`id`) ON DELETE SET NULL;

--
-- Constraints for table `craft_categories`
--
ALTER TABLE `craft_categories`
	ADD CONSTRAINT `craft_categories_groupId_fk` FOREIGN KEY (`groupId`) REFERENCES `craft_categorygroups` (`id`) ON DELETE CASCADE,
	ADD CONSTRAINT `craft_categories_id_fk` FOREIGN KEY (`id`) REFERENCES `craft_elements` (`id`) ON DELETE CASCADE;

--
-- Constraints for table `craft_categorygroups`
--
ALTER TABLE `craft_categorygroups`
	ADD CONSTRAINT `craft_categorygroups_fieldLayoutId_fk` FOREIGN KEY (`fieldLayoutId`) REFERENCES `craft_fieldlayouts` (`id`) ON DELETE SET NULL,
	ADD CONSTRAINT `craft_categorygroups_structureId_fk` FOREIGN KEY (`structureId`) REFERENCES `craft_structures` (`id`) ON DELETE CASCADE;

--
-- Constraints for table `craft_categorygroups_i18n`
--
ALTER TABLE `craft_categorygroups_i18n`
	ADD CONSTRAINT `craft_categorygroups_i18n_groupId_fk` FOREIGN KEY (`groupId`) REFERENCES `craft_categorygroups` (`id`) ON DELETE CASCADE,
	ADD CONSTRAINT `craft_categorygroups_i18n_locale_fk` FOREIGN KEY (`locale`) REFERENCES `craft_locales` (`locale`) ON DELETE CASCADE ON UPDATE CASCADE;

--
-- Constraints for table `craft_content`
--
ALTER TABLE `craft_content`
	ADD CONSTRAINT `craft_content_elementId_fk` FOREIGN KEY (`elementId`) REFERENCES `craft_elements` (`id`) ON DELETE CASCADE,
	ADD CONSTRAINT `craft_content_locale_fk` FOREIGN KEY (`locale`) REFERENCES `craft_locales` (`locale`) ON DELETE CASCADE ON UPDATE CASCADE;

--
-- Constraints for table `craft_elements_i18n`
--
ALTER TABLE `craft_elements_i18n`
	ADD CONSTRAINT `craft_elements_i18n_elementId_fk` FOREIGN KEY (`elementId`) REFERENCES `craft_elements` (`id`) ON DELETE CASCADE,
	ADD CONSTRAINT `craft_elements_i18n_locale_fk` FOREIGN KEY (`locale`) REFERENCES `craft_locales` (`locale`) ON DELETE CASCADE ON UPDATE CASCADE;

--
-- Constraints for table `craft_emailmessages`
--
ALTER TABLE `craft_emailmessages`
	ADD CONSTRAINT `craft_emailmessages_locale_fk` FOREIGN KEY (`locale`) REFERENCES `craft_locales` (`locale`) ON DELETE CASCADE ON UPDATE CASCADE;

--
-- Constraints for table `craft_entries`
--
ALTER TABLE `craft_entries`
	ADD CONSTRAINT `craft_entries_authorId_fk` FOREIGN KEY (`authorId`) REFERENCES `craft_users` (`id`) ON DELETE CASCADE,
	ADD CONSTRAINT `craft_entries_id_fk` FOREIGN KEY (`id`) REFERENCES `craft_elements` (`id`) ON DELETE CASCADE,
	ADD CONSTRAINT `craft_entries_sectionId_fk` FOREIGN KEY (`sectionId`) REFERENCES `craft_sections` (`id`) ON DELETE CASCADE,
	ADD CONSTRAINT `craft_entries_typeId_fk` FOREIGN KEY (`typeId`) REFERENCES `craft_entrytypes` (`id`) ON DELETE CASCADE;

--
-- Constraints for table `craft_entrydrafts`
--
ALTER TABLE `craft_entrydrafts`
	ADD CONSTRAINT `craft_entrydrafts_creatorId_fk` FOREIGN KEY (`creatorId`) REFERENCES `craft_users` (`id`) ON DELETE CASCADE,
	ADD CONSTRAINT `craft_entrydrafts_entryId_fk` FOREIGN KEY (`entryId`) REFERENCES `craft_entries` (`id`) ON DELETE CASCADE,
	ADD CONSTRAINT `craft_entrydrafts_locale_fk` FOREIGN KEY (`locale`) REFERENCES `craft_locales` (`locale`) ON DELETE CASCADE ON UPDATE CASCADE,
	ADD CONSTRAINT `craft_entrydrafts_sectionId_fk` FOREIGN KEY (`sectionId`) REFERENCES `craft_sections` (`id`) ON DELETE CASCADE;

--
-- Constraints for table `craft_entrytypes`
--
ALTER TABLE `craft_entrytypes`
	ADD CONSTRAINT `craft_entrytypes_fieldLayoutId_fk` FOREIGN KEY (`fieldLayoutId`) REFERENCES `craft_fieldlayouts` (`id`) ON DELETE SET NULL,
	ADD CONSTRAINT `craft_entrytypes_sectionId_fk` FOREIGN KEY (`sectionId`) REFERENCES `craft_sections` (`id`) ON DELETE CASCADE;

--
-- Constraints for table `craft_entryversions`
--
ALTER TABLE `craft_entryversions`
	ADD CONSTRAINT `craft_entryversions_creatorId_fk` FOREIGN KEY (`creatorId`) REFERENCES `craft_users` (`id`) ON DELETE SET NULL,
	ADD CONSTRAINT `craft_entryversions_entryId_fk` FOREIGN KEY (`entryId`) REFERENCES `craft_entries` (`id`) ON DELETE CASCADE,
	ADD CONSTRAINT `craft_entryversions_locale_fk` FOREIGN KEY (`locale`) REFERENCES `craft_locales` (`locale`) ON DELETE CASCADE ON UPDATE CASCADE,
	ADD CONSTRAINT `craft_entryversions_sectionId_fk` FOREIGN KEY (`sectionId`) REFERENCES `craft_sections` (`id`) ON DELETE CASCADE;

--
-- Constraints for table `craft_fieldlayoutfields`
--
ALTER TABLE `craft_fieldlayoutfields`
	ADD CONSTRAINT `craft_fieldlayoutfields_fieldId_fk` FOREIGN KEY (`fieldId`) REFERENCES `craft_fields` (`id`) ON DELETE CASCADE,
	ADD CONSTRAINT `craft_fieldlayoutfields_layoutId_fk` FOREIGN KEY (`layoutId`) REFERENCES `craft_fieldlayouts` (`id`) ON DELETE CASCADE,
	ADD CONSTRAINT `craft_fieldlayoutfields_tabId_fk` FOREIGN KEY (`tabId`) REFERENCES `craft_fieldlayouttabs` (`id`) ON DELETE CASCADE;

--
-- Constraints for table `craft_fieldlayouttabs`
--
ALTER TABLE `craft_fieldlayouttabs`
	ADD CONSTRAINT `craft_fieldlayouttabs_layoutId_fk` FOREIGN KEY (`layoutId`) REFERENCES `craft_fieldlayouts` (`id`) ON DELETE CASCADE;

--
-- Constraints for table `craft_fields`
--
ALTER TABLE `craft_fields`
	ADD CONSTRAINT `craft_fields_groupId_fk` FOREIGN KEY (`groupId`) REFERENCES `craft_fieldgroups` (`id`) ON DELETE CASCADE;

--
-- Constraints for table `craft_globalsets`
--
ALTER TABLE `craft_globalsets`
	ADD CONSTRAINT `craft_globalsets_fieldLayoutId_fk` FOREIGN KEY (`fieldLayoutId`) REFERENCES `craft_fieldlayouts` (`id`) ON DELETE SET NULL,
	ADD CONSTRAINT `craft_globalsets_id_fk` FOREIGN KEY (`id`) REFERENCES `craft_elements` (`id`) ON DELETE CASCADE;

--
-- Constraints for table `craft_matrixblocks`
--
ALTER TABLE `craft_matrixblocks`
	ADD CONSTRAINT `craft_matrixblocks_fieldId_fk` FOREIGN KEY (`fieldId`) REFERENCES `craft_fields` (`id`) ON DELETE CASCADE,
	ADD CONSTRAINT `craft_matrixblocks_id_fk` FOREIGN KEY (`id`) REFERENCES `craft_elements` (`id`) ON DELETE CASCADE,
	ADD CONSTRAINT `craft_matrixblocks_ownerId_fk` FOREIGN KEY (`ownerId`) REFERENCES `craft_elements` (`id`) ON DELETE CASCADE,
	ADD CONSTRAINT `craft_matrixblocks_ownerLocale_fk` FOREIGN KEY (`ownerLocale`) REFERENCES `craft_locales` (`locale`) ON DELETE CASCADE ON UPDATE CASCADE,
	ADD CONSTRAINT `craft_matrixblocks_typeId_fk` FOREIGN KEY (`typeId`) REFERENCES `craft_matrixblocktypes` (`id`) ON DELETE CASCADE;

--
-- Constraints for table `craft_matrixblocktypes`
--
ALTER TABLE `craft_matrixblocktypes`
	ADD CONSTRAINT `craft_matrixblocktypes_fieldId_fk` FOREIGN KEY (`fieldId`) REFERENCES `craft_fields` (`id`) ON DELETE CASCADE,
	ADD CONSTRAINT `craft_matrixblocktypes_fieldLayoutId_fk` FOREIGN KEY (`fieldLayoutId`) REFERENCES `craft_fieldlayouts` (`id`) ON DELETE SET NULL;

--
-- Constraints for table `craft_matrixcontent_contactgroups`
--
ALTER TABLE `craft_matrixcontent_contactgroups`
	ADD CONSTRAINT `craft_matrixcontent_contactgroups_elementId_fk` FOREIGN KEY (`elementId`) REFERENCES `craft_elements` (`id`) ON DELETE CASCADE,
	ADD CONSTRAINT `craft_matrixcontent_contactgroups_locale_fk` FOREIGN KEY (`locale`) REFERENCES `craft_locales` (`locale`) ON DELETE CASCADE ON UPDATE CASCADE;

--
-- Constraints for table `craft_matrixcontent_contacts`
--
ALTER TABLE `craft_matrixcontent_contacts`
	ADD CONSTRAINT `craft_matrixcontent_contacts_elementId_fk` FOREIGN KEY (`elementId`) REFERENCES `craft_elements` (`id`) ON DELETE CASCADE,
	ADD CONSTRAINT `craft_matrixcontent_contacts_locale_fk` FOREIGN KEY (`locale`) REFERENCES `craft_locales` (`locale`) ON DELETE CASCADE ON UPDATE CASCADE;

--
-- Constraints for table `craft_matrixcontent_hero`
--
ALTER TABLE `craft_matrixcontent_hero`
	ADD CONSTRAINT `craft_matrixcontent_hero_elementId_fk` FOREIGN KEY (`elementId`) REFERENCES `craft_elements` (`id`) ON DELETE CASCADE,
	ADD CONSTRAINT `craft_matrixcontent_hero_locale_fk` FOREIGN KEY (`locale`) REFERENCES `craft_locales` (`locale`) ON DELETE CASCADE ON UPDATE CASCADE;

--
-- Constraints for table `craft_matrixcontent_introblock`
--
ALTER TABLE `craft_matrixcontent_introblock`
	ADD CONSTRAINT `craft_matrixcontent_introblock_elementId_fk` FOREIGN KEY (`elementId`) REFERENCES `craft_elements` (`id`) ON DELETE CASCADE,
	ADD CONSTRAINT `craft_matrixcontent_introblock_locale_fk` FOREIGN KEY (`locale`) REFERENCES `craft_locales` (`locale`) ON DELETE CASCADE ON UPDATE CASCADE;

--
-- Constraints for table `craft_matrixcontent_social`
--
ALTER TABLE `craft_matrixcontent_social`
	ADD CONSTRAINT `craft_matrixcontent_social_elementId_fk` FOREIGN KEY (`elementId`) REFERENCES `craft_elements` (`id`) ON DELETE CASCADE,
	ADD CONSTRAINT `craft_matrixcontent_social_locale_fk` FOREIGN KEY (`locale`) REFERENCES `craft_locales` (`locale`) ON DELETE CASCADE ON UPDATE CASCADE;

--
-- Constraints for table `craft_matrixcontent_textrepeater`
--
ALTER TABLE `craft_matrixcontent_textrepeater`
	ADD CONSTRAINT `craft_matrixcontent_textrepeater_elementId_fk` FOREIGN KEY (`elementId`) REFERENCES `craft_elements` (`id`) ON DELETE CASCADE,
	ADD CONSTRAINT `craft_matrixcontent_textrepeater_locale_fk` FOREIGN KEY (`locale`) REFERENCES `craft_locales` (`locale`) ON DELETE CASCADE ON UPDATE CASCADE;

--
-- Constraints for table `craft_migrations`
--
ALTER TABLE `craft_migrations`
	ADD CONSTRAINT `craft_migrations_pluginId_fk` FOREIGN KEY (`pluginId`) REFERENCES `craft_plugins` (`id`) ON DELETE CASCADE;

--
-- Constraints for table `craft_relations`
--
ALTER TABLE `craft_relations`
	ADD CONSTRAINT `craft_relations_fieldId_fk` FOREIGN KEY (`fieldId`) REFERENCES `craft_fields` (`id`) ON DELETE CASCADE,
	ADD CONSTRAINT `craft_relations_sourceId_fk` FOREIGN KEY (`sourceId`) REFERENCES `craft_elements` (`id`) ON DELETE CASCADE,
	ADD CONSTRAINT `craft_relations_sourceLocale_fk` FOREIGN KEY (`sourceLocale`) REFERENCES `craft_locales` (`locale`) ON DELETE CASCADE ON UPDATE CASCADE,
	ADD CONSTRAINT `craft_relations_targetId_fk` FOREIGN KEY (`targetId`) REFERENCES `craft_elements` (`id`) ON DELETE CASCADE;

--
-- Constraints for table `craft_routes`
--
ALTER TABLE `craft_routes`
	ADD CONSTRAINT `craft_routes_locale_fk` FOREIGN KEY (`locale`) REFERENCES `craft_locales` (`locale`) ON DELETE CASCADE ON UPDATE CASCADE;

--
-- Constraints for table `craft_sections`
--
ALTER TABLE `craft_sections`
	ADD CONSTRAINT `craft_sections_structureId_fk` FOREIGN KEY (`structureId`) REFERENCES `craft_structures` (`id`) ON DELETE SET NULL;

--
-- Constraints for table `craft_sections_i18n`
--
ALTER TABLE `craft_sections_i18n`
	ADD CONSTRAINT `craft_sections_i18n_locale_fk` FOREIGN KEY (`locale`) REFERENCES `craft_locales` (`locale`) ON DELETE CASCADE ON UPDATE CASCADE,
	ADD CONSTRAINT `craft_sections_i18n_sectionId_fk` FOREIGN KEY (`sectionId`) REFERENCES `craft_sections` (`id`) ON DELETE CASCADE;

--
-- Constraints for table `craft_sessions`
--
ALTER TABLE `craft_sessions`
	ADD CONSTRAINT `craft_sessions_userId_fk` FOREIGN KEY (`userId`) REFERENCES `craft_users` (`id`) ON DELETE CASCADE;

--
-- Constraints for table `craft_shunnedmessages`
--
ALTER TABLE `craft_shunnedmessages`
	ADD CONSTRAINT `craft_shunnedmessages_userId_fk` FOREIGN KEY (`userId`) REFERENCES `craft_users` (`id`) ON DELETE CASCADE;

--
-- Constraints for table `craft_structureelements`
--
ALTER TABLE `craft_structureelements`
	ADD CONSTRAINT `craft_structureelements_elementId_fk` FOREIGN KEY (`elementId`) REFERENCES `craft_elements` (`id`) ON DELETE CASCADE,
	ADD CONSTRAINT `craft_structureelements_structureId_fk` FOREIGN KEY (`structureId`) REFERENCES `craft_structures` (`id`) ON DELETE CASCADE;

--
-- Constraints for table `craft_supertableblocks`
--
ALTER TABLE `craft_supertableblocks`
	ADD CONSTRAINT `craft_supertableblocks_fieldId_fk` FOREIGN KEY (`fieldId`) REFERENCES `craft_fields` (`id`) ON DELETE CASCADE,
	ADD CONSTRAINT `craft_supertableblocks_id_fk` FOREIGN KEY (`id`) REFERENCES `craft_elements` (`id`) ON DELETE CASCADE,
	ADD CONSTRAINT `craft_supertableblocks_ownerId_fk` FOREIGN KEY (`ownerId`) REFERENCES `craft_elements` (`id`) ON DELETE CASCADE,
	ADD CONSTRAINT `craft_supertableblocks_ownerLocale_fk` FOREIGN KEY (`ownerLocale`) REFERENCES `craft_locales` (`locale`) ON DELETE CASCADE ON UPDATE CASCADE,
	ADD CONSTRAINT `craft_supertableblocks_typeId_fk` FOREIGN KEY (`typeId`) REFERENCES `craft_supertableblocktypes` (`id`) ON DELETE CASCADE;

--
-- Constraints for table `craft_supertableblocktypes`
--
ALTER TABLE `craft_supertableblocktypes`
	ADD CONSTRAINT `craft_supertableblocktypes_fieldId_fk` FOREIGN KEY (`fieldId`) REFERENCES `craft_fields` (`id`) ON DELETE CASCADE,
	ADD CONSTRAINT `craft_supertableblocktypes_fieldLayoutId_fk` FOREIGN KEY (`fieldLayoutId`) REFERENCES `craft_fieldlayouts` (`id`) ON DELETE SET NULL;

--
-- Constraints for table `craft_supertablecontent_3_person`
--
ALTER TABLE `craft_supertablecontent_3_person`
	ADD CONSTRAINT `craft_supertablecontent_3_person_elementId_fk` FOREIGN KEY (`elementId`) REFERENCES `craft_elements` (`id`) ON DELETE CASCADE,
	ADD CONSTRAINT `craft_supertablecontent_3_person_locale_fk` FOREIGN KEY (`locale`) REFERENCES `craft_locales` (`locale`) ON DELETE CASCADE ON UPDATE CASCADE;

--
-- Constraints for table `craft_supertablecontent_5_list`
--
ALTER TABLE `craft_supertablecontent_5_list`
	ADD CONSTRAINT `craft_supertablecontent_5_list_elementId_fk` FOREIGN KEY (`elementId`) REFERENCES `craft_elements` (`id`) ON DELETE CASCADE,
	ADD CONSTRAINT `craft_supertablecontent_5_list_locale_fk` FOREIGN KEY (`locale`) REFERENCES `craft_locales` (`locale`) ON DELETE CASCADE ON UPDATE CASCADE;

--
-- Constraints for table `craft_supertablecontent_entrypreview`
--
ALTER TABLE `craft_supertablecontent_entrypreview`
	ADD CONSTRAINT `craft_supertablecontent_entrypreview_elementId_fk` FOREIGN KEY (`elementId`) REFERENCES `craft_elements` (`id`) ON DELETE CASCADE,
	ADD CONSTRAINT `craft_supertablecontent_entrypreview_locale_fk` FOREIGN KEY (`locale`) REFERENCES `craft_locales` (`locale`) ON DELETE CASCADE ON UPDATE CASCADE;

--
-- Constraints for table `craft_supertablecontent_floorplans`
--
ALTER TABLE `craft_supertablecontent_floorplans`
	ADD CONSTRAINT `craft_supertablecontent_floorplans_elementId_fk` FOREIGN KEY (`elementId`) REFERENCES `craft_elements` (`id`) ON DELETE CASCADE,
	ADD CONSTRAINT `craft_supertablecontent_floorplans_locale_fk` FOREIGN KEY (`locale`) REFERENCES `craft_locales` (`locale`) ON DELETE CASCADE ON UPDATE CASCADE;

--
-- Constraints for table `craft_supertablecontent_testimonial`
--
ALTER TABLE `craft_supertablecontent_testimonial`
	ADD CONSTRAINT `craft_supertablecontent_testimonial_elementId_fk` FOREIGN KEY (`elementId`) REFERENCES `craft_elements` (`id`) ON DELETE CASCADE,
	ADD CONSTRAINT `craft_supertablecontent_testimonial_locale_fk` FOREIGN KEY (`locale`) REFERENCES `craft_locales` (`locale`) ON DELETE CASCADE ON UPDATE CASCADE;

--
-- Constraints for table `craft_taggroups`
--
ALTER TABLE `craft_taggroups`
	ADD CONSTRAINT `craft_taggroups_fieldLayoutId_fk` FOREIGN KEY (`fieldLayoutId`) REFERENCES `craft_fieldlayouts` (`id`) ON DELETE SET NULL;

--
-- Constraints for table `craft_tags`
--
ALTER TABLE `craft_tags`
	ADD CONSTRAINT `craft_tags_groupId_fk` FOREIGN KEY (`groupId`) REFERENCES `craft_taggroups` (`id`) ON DELETE CASCADE,
	ADD CONSTRAINT `craft_tags_id_fk` FOREIGN KEY (`id`) REFERENCES `craft_elements` (`id`) ON DELETE CASCADE;

--
-- Constraints for table `craft_templatecachecriteria`
--
ALTER TABLE `craft_templatecachecriteria`
	ADD CONSTRAINT `craft_templatecachecriteria_cacheId_fk` FOREIGN KEY (`cacheId`) REFERENCES `craft_templatecaches` (`id`) ON DELETE CASCADE;

--
-- Constraints for table `craft_templatecacheelements`
--
ALTER TABLE `craft_templatecacheelements`
	ADD CONSTRAINT `craft_templatecacheelements_cacheId_fk` FOREIGN KEY (`cacheId`) REFERENCES `craft_templatecaches` (`id`) ON DELETE CASCADE,
	ADD CONSTRAINT `craft_templatecacheelements_elementId_fk` FOREIGN KEY (`elementId`) REFERENCES `craft_elements` (`id`) ON DELETE CASCADE;

--
-- Constraints for table `craft_templatecaches`
--
ALTER TABLE `craft_templatecaches`
	ADD CONSTRAINT `craft_templatecaches_locale_fk` FOREIGN KEY (`locale`) REFERENCES `craft_locales` (`locale`) ON DELETE CASCADE ON UPDATE CASCADE;

--
-- Constraints for table `craft_usergroups_users`
--
ALTER TABLE `craft_usergroups_users`
	ADD CONSTRAINT `craft_usergroups_users_groupId_fk` FOREIGN KEY (`groupId`) REFERENCES `craft_usergroups` (`id`) ON DELETE CASCADE,
	ADD CONSTRAINT `craft_usergroups_users_userId_fk` FOREIGN KEY (`userId`) REFERENCES `craft_users` (`id`) ON DELETE CASCADE;

--
-- Constraints for table `craft_userpermissions_usergroups`
--
ALTER TABLE `craft_userpermissions_usergroups`
	ADD CONSTRAINT `craft_userpermissions_usergroups_groupId_fk` FOREIGN KEY (`groupId`) REFERENCES `craft_usergroups` (`id`) ON DELETE CASCADE,
	ADD CONSTRAINT `craft_userpermissions_usergroups_permissionId_fk` FOREIGN KEY (`permissionId`) REFERENCES `craft_userpermissions` (`id`) ON DELETE CASCADE;

--
-- Constraints for table `craft_userpermissions_users`
--
ALTER TABLE `craft_userpermissions_users`
	ADD CONSTRAINT `craft_userpermissions_users_permissionId_fk` FOREIGN KEY (`permissionId`) REFERENCES `craft_userpermissions` (`id`) ON DELETE CASCADE,
	ADD CONSTRAINT `craft_userpermissions_users_userId_fk` FOREIGN KEY (`userId`) REFERENCES `craft_users` (`id`) ON DELETE CASCADE;

--
-- Constraints for table `craft_users`
--
ALTER TABLE `craft_users`
	ADD CONSTRAINT `craft_users_id_fk` FOREIGN KEY (`id`) REFERENCES `craft_elements` (`id`) ON DELETE CASCADE,
	ADD CONSTRAINT `craft_users_preferredLocale_fk` FOREIGN KEY (`preferredLocale`) REFERENCES `craft_locales` (`locale`) ON DELETE SET NULL ON UPDATE CASCADE;

--
-- Constraints for table `craft_widgets`
--
ALTER TABLE `craft_widgets`
	ADD CONSTRAINT `craft_widgets_userId_fk` FOREIGN KEY (`userId`) REFERENCES `craft_users` (`id`) ON DELETE CASCADE;

SET FOREIGN_KEY_CHECKS = 1;
